Workbook

Sheet 0 목차
A1: 게임전략_MVP_마케팅.xlsx — 목차
A2: 이 파일: 게임전략_MVP_마케팅.xlsx / 짝 파일: 시장조사.xlsx (시장·지역·매출·벤치마크 숫자 자료) · 시트 이름을 누르면 그 시트로 이동합니다. 회색 줄은 다음 단계에서 만들 '예정' 시트입니다.
A4: 그룹 | B4: 시트 이름 | C4: 한 줄 설명 | D4: 상태 | E4: 비고
A5: 0 안내 | B5: 0 목차 | C5: 이 시트 | D5: 완료
A6: 0 안내 | B6: 0-1 개요 | C6: 분석 범위·기준일·출처 모음 (시장조사 파일과 같은 내용) | D6: 완료
A7: 1 성공 비결 | B7: 1-1 점수 기준 | C7: 성공 점수 배점 가정값 (바꾸면 점수표가 자동 재계산) | D7: 완료
A8: 1 성공 비결 | B8: 1-2 성공 점수표 | C8: 12개 게임의 순위 기반 성공 점수 (수식 자동 계산) | D8: 완료
A9: 1 성공 비결 | B9: 1-3 성적표 카드 | C9: 게임별 쉬운 설명과 별점 카드 | D9: 완료
A10: 1 성공 비결 | B10: 1-4 성공 비결 해부 | C10: 12개 게임의 재미 루프·첫 1분·다시 오게 하는 장치 | D10: 완료
A11: 1 성공 비결 | B11: 1-5 성공 비결 확장 | C11: 장르 그룹별로 넓힌 게임 목록과 차트 근거 | D11: 완료
A12: 1 성공 비결 | B12: 1-6 공통점 분석 | C12: 26개 게임의 공통 요소 표와 요약 | D12: 완료
A13: 1 성공 비결 | B13: 1-7 성공 공식 TOP5 | C13: 공통점에서 뽑은 성공 공식 5가지 | D13: 완료
A14: 2 MVP | B14: 2-1 MVP 명세 | C14: 게임별 꼭 필요/있으면 좋음/나중에 기능 | D14: 완료
A15: 2 MVP | B15: 2-2 MVP 검증 목표 | C15: 리텐션 합격선·목표 (4-1 지역 벤치마크(참조)에서 가져옴) | D15: 완료
A16: 2 MVP | B16: 2-3 장르 연결(추정) | C16: 우리 장르 그룹 ↔ GameAnalytics 장르 연결 (4-3에서 가져옴) | D16: 완료
A17: 2 MVP | B17: 2-4 2인 개발 MVP 판단 | C17: 매출 Top100 + ③ 다운로드만 높은 게임 중 2명이 만들 수 있는 MVP 후보 (세부 장르 점수 → 게임 판정, 수식) | D17: 완료 | E17: 6단계-3에서 만듦
A18: 3 마케팅 | B18: 3-1 광고 대비 유입 | C18: 광고비 → 설치 수 → D1/D7/D30에 남는 사람 수 계산표 (CPI 출처표 + 4-1 리텐션) | D18: 완료 | E18: 6단계-3에서 만듦
A19: 3 마케팅 | B19: 3-2 광고 채널 분석 | C19: 유튜브·인스타·페이스북·틱톡·인플루언서 비교 (공개 자료 + 2인 팀 점수표) | D19: 완료 | E19: 6단계-3에서 만듦
A20: 3 마케팅 | B20: 3-3 후킹 영상 분석 | C20: Royal Match·MONOPOLY GO!·Magic Sort! 메타 광고의 후킹 유형·형식 빈도 (AdWhispr 분류) | D20: 완료 | E20: 6단계-3에서 만듦 · 처음 3초는 메타 광고 라이브러리 화면 판독(분석자)
A21: 3 마케팅 | B21: 3-4 마케팅 실행안 | C21: 우리 MVP용 단계별 지역·OS·채널·예산·소재·측정 지표 (분석자 제안) | D21: 완료 | E21: 6단계-3에서 만듦
A22: 3 마케팅 | B22: 3-5 광고 소재 해부 | C22: 영상 12개의 도파민(보상·긴장) 요소·영상 효과·구성 판독 + 사운드 체크리스트(사용자 기입) | D22: 완료 | E22: 6단계-3에서 만듦
A23: 3 마케팅 | B23: 3-6 광고 MVP 구성표 | C23: 우리 정렬 퍼즐용 15초·30초 광고 구간별 구성안 (분석자 제안) | D23: 완료 | E23: 6단계-3에서 만듦
A24: 4 참조용 복사본 | B24: 4-1 지역 벤치마크(참조) | C24: 2-2 MVP 검증 목표가 쓰는 표의 복사본 | D24: 완료 | E24: 원본: 시장조사.xlsx › 4-2 지역 벤치마크
A25: 4 참조용 복사본 | B25: 4-2 장르 차트 판독값(참조) | C25: 4-3이 계산에 쓰는 판독값의 복사본 | D25: 완료 | E25: 원본: 시장조사.xlsx › 4-3 장르 차트 판독값
A26: 4 참조용 복사본 | B26: 4-3 장르 판독 요약(참조) | C26: 2-3 장르 연결(추정)이 쓰는 표의 복사본 | D26: 완료 | E26: 원본: 시장조사.xlsx › 4-4 장르 판독 요약
A27: 4 참조용 복사본 | B27: 4-4 Google Play Top100(참조) | C27: 2-4가 세부 장르를 찾는 무료 Top100 표의 복사본 | D27: 완료 | E27: 원본: 시장조사.xlsx › 1-2 Google Play Top100
A28: 4 참조용 복사본 | B28: 4-5 매출 Top100(참조) | C28: 2-4가 쓰는 매출 Top100 장르 표의 복사본 | D28: 완료 | E28: 원본: 시장조사.xlsx › 3-2 매출 Top100
... A30: 4 참조용 복사본 | B30: 4-7 대륙별 OS 분포(참조) | C30: 3-4가 쓰는 OS 점유율·OS 출시 우선순위 표의 복사본 | D30: 완료 | E30: 원본: 시장조사.xlsx › 2-6 대륙별 OS 분포

Sheet 0-1 개요
A1: 모바일 게임 시장 분석 — 장르 분류 · 지역 비교 · 성공 비결 & MVP · 벤치마크
A3: 항목 | B3: 내용
A4: 분석 범위 | B4: 미국 App Store / Google Play 게임 카테고리 Top Free 1~100위
A5: App Store 기준일 | B5: 2026-10-03
A6: App Store 출처 | B6: GameDropDaily (Apple 공개 iTunes RSS 차트 기반) https://gamedropdaily.com/mobile/ · 퍼블리셔·국가 교차 확인: AppBrain https://www.appbrain.com/stats/appstore-rankings
A7: Google Play 기준일 | B7: 2026-10-04
A8: Google Play 출처 | B8: AppBrain 미국 Top Free Games https://www.appbrain.com/stats/google-play-rankings/top_free/game/us · 교차 확인: GameDropDaily https://gamedropdaily.com/android/
A9: 참고 | B9: 수집 시점 차이로 출처 간 순위가 1~5계단 다를 수 있음. Google Play 80위는 출처 페이지에서 누락되어 '확인 불가'로 표시.
A10: 장르 분류 | B10: 게임명, 스토어 카테고리, 공개 게임 정보 기반의 분석자 판단. 확신이 낮은 항목은 '비고'에 '확인 필요'로 표시하고 노란색으로 강조.
A11: 수정 방법 | B11: 시장조사.xlsx의 '1-1 App Store Top100' / '1-2 Google Play Top100' 시트의 '대분류', '세부 장르' 열을 수정하면 '1-3 장르 분포' 시트(시장조사.xlsx) 집계가 자동으로 갱신됨(COUNTIF 수식).
A12: 시트 구성 | B12: [0 안내] 0-1 개요 / [1 성공 비결] 1-1 점수 기준 · 1-2 성공 점수표 · 1-3 성적표 카드 · 1-4 성공 비결 해부 · 1-5 성공 비결 확장 · 1-6 공통점 분석 · 1-7 성공 공식 TOP5 / [2 MVP] 2-1 MVP 명세 · 2-2 MVP 검증 목표 · 2-3 장르 연결(추정) · 2-4 2인 개발 MVP 판단 / [3 마케팅] 3-1 광고 대비 유입 · 3-2 광고 채널 분석 · 3-3 후킹 영상 분석 · 3-4 마케팅 실행안 · 3-5 광고 소재 해부 · 3-6 광고 MVP 구성표 / [4 참조용 복사본] 4-1 지역 벤치마크(참조) · 4-2 장르 차트 판독값(참조) · 4-3 장르 판독 요약(참조) · 4-4 Google Play Top100(참조) · 4-5 매출 Top100(참조) · 4-6 매출-다운로드 비교(참조) · 4-7 대륙별 OS 분포(참조) ※ 시장·지역·매출·벤치마크 숫자 자료은(는) '시장조사.xlsx' 파일에 있음 (파일 사이 수식 연결 없음)
A13: 3단계 출처 | B13: GameAnalytics 2026·2025 벤치마크, AppsFlyer State of App Monetization 2026·Gaming App Marketing 2024, Appodeal Mobile Casual Benchmarks 2025. 출처 없는 수치는 '제외한 자료'에 기록.
A14: 2단계 출처 | B14: AppBrain 구글 플레이 매출 순위: 미국·한국 2026-10-03, 일본 2026-10-04, 브라질 2026-10-01. 외부 자료: Wikipedia(Free Fire). 별점·MVP 규모·인원·기간·게임 방식 일부는 분석자 추정.
... A22: 6단계-4 한계 | B22: App Store 매출 89~100위는 확인 불가(페이지에 없음). App Store 매출(10-06)과 구글 매출(10-04)은 날짜가 2일 다름. AppBrain이 옮겨 적은 설치 구간은 Google Play보다 늦을 수 있음(2026년 출시 10개 대조 중 3개 다름, 노란 칸). Tiki Smash!의 등록 월은 확인 불가. 2-6 표 B·C(대륙별 게이머 OS 비율·스토어별 매출)와 동남아 4개국 Top20은 다시 찾아봤지만 공개 자료가 없어 그대로 '확인 불가'. '확인 필요' 칸은 같은 부류끼리 묶어 원래 칸에 반영(0-2 I열) — 세부 장르가 분석자 판단인 칸은 노란색 유지.

Sheet 1-1 점수 기준
A1: 항목 | B1: 값 | C1: 설명
A2: 인기(무료 순위) 배점 | B2: 25 | C2: 6개국(미국·캐나다·브라질·멕시코·일본·한국) 구글 플레이 무료 순위
A3: 돈 버는 힘(매출 순위) 배점 | B3: 25 | C3: 4개국(미국·브라질·일본·한국) 구글 플레이 매출 순위
A4: 규모(누적 설치) 배점 | B4: 15 | C4: 10만 설치=0점, 10억 설치 이상=만점 (로그 비례)
A5: 만족도(평점) 배점 | B5: 15 | C5: 평점 3.5 이하=0점, 5.0=만점. 평점 미표시는 중간값(50%)
A6: 오래가는 힘 배점 | B6: 10 | C6: 출시 후 5년 이상 차트 유지 시 만점(1년당 20%)
A7: 따라 만들기 쉬움 배점 | B7: 10 | C7: MVP 규모 점수표(아래)를 따름
A8: 최고 시장 반영 비중 | B8: 0.6 | C8: 순위 점수 = 최고 시장 점수×0.6 + 전체 평균×0.4 (지역 챔피언이 손해 보지 않도록)
A9: 기준 연도 | B9: 2026 | C9: 오래가는 힘 계산 기준
A10: A+ 전설 기준(이상) | B10: 80 | C10: 초기 가이드의 90점은 모든 지역을 석권한 게임이 없어 80점으로 조정
A11: A 강자 기준(이상) | B11: 70 | C11: 초기 가이드의 75점에서 조정
A12: B 유망 기준(이상) | B12: 60 | C12: 그 미만은 C 도전자
A13: MVP 규모 S 점수 | B13: 10 | C13: 소규모: 2~4명, 2~3개월 내외(추정)
... A16: MVP 규모 XL 점수 | B16: 1 | C16: 초대형: 30명 이상, 1.5년 이상·서버/라이브 운영 필수(추정)
A18: 파란 글씨·노란 칸은 바꿀 수 있는 가정값입니다. 바꾸면 '성공 점수표'가 자동으로 다시 계산됩니다.

Sheet 1-2 성공 점수표
D1: 무료 순위 (구글 플레이, 빈칸=Top100 밖) | J1: 매출 순위 (구글 플레이, 빈칸=Top100 밖) | N1: 기본 정보 | R1: 점수 (자동 계산)
A2: 게임 | B2: 퍼블리셔 | C2: 장르 | D2: 미국 | E2: 캐나다 | F2: 브라질 | G2: 멕시코 | H2: 일본 | I2: 한국 | J2: 미국 | K2: 브라질 | L2: 일본 | M2: 한국 | N2: 누적 설치(GP) | O2: 평점 | P2: 출시연도(추정) | Q2: MVP 규모 | R2: 인기 /25 | S2: 돈 버는 힘 /25 | T2: 규모 /15 | U2: 만족도 /15 | V2: 오래가는 힘 /10 | W2: 따라 만들기 /10 | X2: 총점 /100 | Y2: 등급 | Z2: 순위
A3: Meowdoku | B3: Oakever Games | C3: 퍼즐 · 로직 | D3: 2 | E3: 1 | F3: 4 | G3: 39 | H3: 1 | I3: 18 | N3: 21000000 | O3: 4.7 | P3: 2026 | Q3: S | R3: ='1-1 점수 기준'!$B$2*('1-1 점수 기준'!$B$8*IF(COUNT(D3:I3)=0,0,(101-MIN(D3:I3))/100)+(1-'1-1 점수 기준'!$B$8)*(COUNT(D3:I3)*101-SUM(D3:I3))/100/6) -> 24.016667 | S3: ='1-1 점수 기준'!$B$3*('1-1 점수 기준'!$B$8*IF(COUNT(J3:M3)=0,0,(101-MIN(J3:M3))/100)+(1-'1-1 점수 기준'!$B$8)*(COUNT(J3:M3)*101-SUM(J3:M3))/100/4) -> 0 | T3: ='1-1 점수 기준'!$B$4*MAX(0,MIN(1,LOG10(N3/100000)/4)) -> 8.7083224 | U3: ='1-1 점수 기준'!$B$5*IF(O3="",0.5,MAX(0,MIN(1,(O3-3.5)/1.5))) -> 12 | V3: ='1-1 점수 기준'!$B$6*MAX(0,MIN(1,('1-1 점수 기준'!$B$9-P3)/5)) -> 0 | W3: ='1-1 점수 기준'!$B$7*INDEX('1-1 점수 기준'!$B$13:$B$16,MATCH("MVP 규모 "&Q3&" 점수",'1-1 점수 기준'!$A$13:$A$16,0))/10 -> 10 | X3: =SUM(R3:W3) -> 54.724989 | Y3: =IF(X3>='1-1 점수 기준'!$B$10,"A+ 전설",IF(X3>='1-1 점수 기준'!$B$11,"A 강자",IF(X3>='1-1 점수 기준'!$B$12,"B 유망","C 도전자"))) -> C 도전자 | Z3: =RANK(X3,$X$3:$X$14) -> 8
A4: Rotate Rings | B4: Nebula Studio | C4: 퍼즐 · 정렬 | D4: 1 | E4: 2 | F4: 8 | H4: 2 | I4: 5 | N4: 1900000 | O4: 4.8 | P4: 2026 | Q4: S | R4: ='1-1 점수 기준'!$B$2*('1-1 점수 기준'!$B$8*IF(COUNT(D4:I4)=0,0,(101-MIN(D4:I4))/100)+(1-'1-1 점수 기준'!$B$8)*(COUNT(D4:I4)*101-SUM(D4:I4))/100/6) -> 23.116667 | S4: ='1-1 점수 기준'!$B$3*('1-1 점수 기준'!$B$8*IF(COUNT(J4:M4)=0,0,(101-MIN(J4:M4))/100)+(1-'1-1 점수 기준'!$B$8)*(COUNT(J4:M4)*101-SUM(J4:M4))/100/4) -> 0 | T4: ='1-1 점수 기준'!$B$4*MAX(0,MIN(1,LOG10(N4/100000)/4)) -> 4.795326 | U4: ='1-1 점수 기준'!$B$5*IF(O4="",0.5,MAX(0,MIN(1,(O4-3.5)/1.5))) -> 13 | V4: ='1-1 점수 기준'!$B$6*MAX(0,MIN(1,('1-1 점수 기준'!$B$9-P4)/5)) -> 0 | W4: ='1-1 점수 기준'!$B$7*INDEX('1-1 점수 기준'!$B$13:$B$16,MATCH("MVP 규모 "&Q4&" 점수",'1-1 점수 기준'!$A$13:$A$16,0))/10 -> 10 | X4: =SUM(R4:W4) -> 50.911993 | Y4: =IF(X4>='1-1 점수 기준'!$B$10,"A+ 전설",IF(X4>='1-1 점수 기준'!$B$11,"A 강자",IF(X4>='1-1 점수 기준'!$B$12,"B 유망","C 도전자"))) -> C 도전자 | Z4: =RANK(X4,$X$3:$X$14) -> 10
A5: Block Blast! | B5: Hungry Studio | C5: 퍼즐 · 블록 | D5: 7 | E5: 7 | F5: 9 | G5: 4 | H5: 3 | I5: 8 | N5: 1100000000 | O5: 4.8 | P5: 2022 | Q5: S | R5: ='1-1 점수 기준'!$B$2*('1-1 점수 기준'!$B$8*IF(COUNT(D5:I5)=0,0,(101-MIN(D5:I5))/100)+(1-'1-1 점수 기준'!$B$8)*(COUNT(D5:I5)*101-SUM(D5:I5))/100/6) -> 24.166667 | S5: ='1-1 점수 기준'!$B$3*('1-1 점수 기준'!$B$8*IF(COUNT(J5:M5)=0,0,(101-MIN(J5:M5))/100)+(1-'1-1 점수 기준'!$B$8)*(COUNT(J5:M5)*101-SUM(J5:M5))/100/4) -> 0 | T5: ='1-1 점수 기준'!$B$4*MAX(0,MIN(1,LOG10(N5/100000)/4)) -> 15 | U5: ='1-1 점수 기준'!$B$5*IF(O5="",0.5,MAX(0,MIN(1,(O5-3.5)/1.5))) -> 13 | V5: ='1-1 점수 기준'!$B$6*MAX(0,MIN(1,('1-1 점수 기준'!$B$9-P5)/5)) -> 8 | W5: ='1-1 점수 기준'!$B$7*INDEX('1-1 점수 기준'!$B$13:$B$16,MATCH("MVP 규모 "&Q5&" 점수",'1-1 점수 기준'!$A$13:$A$16,0))/10 -> 10 | X5: =SUM(R5:W5) -> 70.166667 | Y5: =IF(X5>='1-1 점수 기준'!$B$10,"A+ 전설",IF(X5>='1-1 점수 기준'!$B$11,"A 강자",IF(X5>='1-1 점수 기준'!$B$12,"B 유망","C 도전자"))) -> A 강자 | Z5: =RANK(X5,$X$3:$X$14) -> 4
A6: Magic Sort! | B6: Grand Games | C6: 퍼즐 · 정렬 | D6: 11 | E6: 4 | F6: 50 | G6: 33 | H6: 36 | I6: 7 | J6: 56 | N6: 40000000 | O6: 4.5 | P6: 2024 | Q6: S | R6: ='1-1 점수 기준'!$B$2*('1-1 점수 기준'!$B$8*IF(COUNT(D6:I6)=0,0,(101-MIN(D6:I6))/100)+(1-'1-1 점수 기준'!$B$8)*(COUNT(D6:I6)*101-SUM(D6:I6))/100/6) -> 22.3 | S6: ='1-1 점수 기준'!$B$3*('1-1 점수 기준'!$B$8*IF(COUNT(J6:M6)=0,0,(101-MIN(J6:M6))/100)+(1-'1-1 점수 기준'!$B$8)*(COUNT(J6:M6)*101-SUM(J6:M6))/100/4) -> 7.875 | T6: ='1-1 점수 기준'!$B$4*MAX(0,MIN(1,LOG10(N6/100000)/4)) -> 9.757725 | U6: ='1-1 점수 기준'!$B$5*IF(O6="",0.5,MAX(0,MIN(1,(O6-3.5)/1.5))) -> 10 | V6: ='1-1 점수 기준'!$B$6*MAX(0,MIN(1,('1-1 점수 기준'!$B$9-P6)/5)) -> 4 | W6: ='1-1 점수 기준'!$B$7*INDEX('1-1 점수 기준'!$B$13:$B$16,MATCH("MVP 규모 "&Q6&" 점수",'1-1 점수 기준'!$A$13:$A$16,0))/10 -> 10 | X6: =SUM(R6:W6) -> 63.932725 | Y6: =IF(X6>='1-1 점수 기준'!$B$10,"A+ 전설",IF(X6>='1-1 점수 기준'!$B$11,"A 강자",IF(X6>='1-1 점수 기준'!$B$12,"B 유망","C 도전자"))) -> B 유망 | Z6: =RANK(X6,$X$3:$X$14) -> 6
A7: Bus Fever Party! | B7: Lumi Games | C7: 퍼즐 · 버스잼 | D7: 8 | E7: 6 | F7: 3 | G7: 2 | H7: 10 | I7: 38 | N7: 11000000 | O7: 4.3 | P7: 2025 | Q7: S | R7: ='1-1 점수 기준'!$B$2*('1-1 점수 기준'!$B$8*IF(COUNT(D7:I7)=0,0,(101-MIN(D7:I7))/100)+(1-'1-1 점수 기준'!$B$8)*(COUNT(D7:I7)*101-SUM(D7:I7))/100/6) -> 23.833333 | S7: ='1-1 점수 기준'!$B$3*('1-1 점수 기준'!$B$8*IF(COUNT(J7:M7)=0,0,(101-MIN(J7:M7))/100)+(1-'1-1 점수 기준'!$B$8)*(COUNT(J7:M7)*101-SUM(J7:M7))/100/4) -> 0 | T7: ='1-1 점수 기준'!$B$4*MAX(0,MIN(1,LOG10(N7/100000)/4)) -> 7.6552226 | U7: ='1-1 점수 기준'!$B$5*IF(O7="",0.5,MAX(0,MIN(1,(O7-3.5)/1.5))) -> 8 | V7: ='1-1 점수 기준'!$B$6*MAX(0,MIN(1,('1-1 점수 기준'!$B$9-P7)/5)) -> 2 | W7: ='1-1 점수 기준'!$B$7*INDEX('1-1 점수 기준'!$B$13:$B$16,MATCH("MVP 규모 "&Q7&" 점수",'1-1 점수 기준'!$A$13:$A$16,0))/10 -> 10 | X7: =SUM(R7:W7) -> 51.488556 | Y7: =IF(X7>='1-1 점수 기준'!$B$10,"A+ 전설",IF(X7>='1-1 점수 기준'!$B$11,"A 강자",IF(X7>='1-1 점수 기준'!$B$12,"B 유망","C 도전자"))) -> C 도전자 | Z7: =RANK(X7,$X$3:$X$14) -> 9
A8: Royal Match | B8: Dream Games | C8: 퍼즐 · 매치3+꾸미기 | D8: 42 | E8: 25 | H8: 16 | I8: 21 | J8: 4 | K8: 7 | L8: 23 | M8: 14 | N8: 370000000 | O8: 4.6 | P8: 2021 | Q8: M | R8: ='1-1 점수 기준'!$B$2*('1-1 점수 기준'!$B$8*IF(COUNT(D8:I8)=0,0,(101-MIN(D8:I8))/100)+(1-'1-1 점수 기준'!$B$8)*(COUNT(D8:I8)*101-SUM(D8:I8))/100/6) -> 17.75 | S8: ='1-1 점수 기준'!$B$3*('1-1 점수 기준'!$B$8*IF(COUNT(J8:M8)=0,0,(101-MIN(J8:M8))/100)+(1-'1-1 점수 기준'!$B$8)*(COUNT(J8:M8)*101-SUM(J8:M8))/100/4) -> 23.45 | T8: ='1-1 점수 기준'!$B$4*MAX(0,MIN(1,LOG10(N8/100000)/4)) -> 13.380756 | U8: ='1-1 점수 기준'!$B$5*IF(O8="",0.5,MAX(0,MIN(1,(O8-3.5)/1.5))) -> 11 | V8: ='1-1 점수 기준'!$B$6*MAX(0,MIN(1,('1-1 점수 기준'!$B$9-P8)/5)) -> 10 | W8: ='1-1 점수 기준'!$B$7*INDEX('1-1 점수 기준'!$B$13:$B$16,MATCH("MVP 규모 "&Q8&" 점수",'1-1 점수 기준'!$A$13:$A$16,0))/10 -> 7 | X8: =SUM(R8:W8) -> 82.580756 | Y8: =IF(X8>='1-1 점수 기준'!$B$10,"A+ 전설",IF(X8>='1-1 점수 기준'!$B$11,"A 강자",IF(X8>='1-1 점수 기준'!$B$12,"B 유망","C 도전자"))) -> A+ 전설 | Z8: =RANK(X8,$X$3:$X$14) -> 1
A9: Gossip Harbor | B9: Microfun | C9: 퍼즐 · 머지+스토리 | D9: 17 | E9: 13 | G9: 25 | H9: 8 | I9: 20 | J9: 5 | K9: 4 | L9: 16 | M9: 12 | N9: 91000000 | O9: 4.3 | P9: 2022 | Q9: L | R9: ='1-1 점수 기준'!$B$2*('1-1 점수 기준'!$B$8*IF(COUNT(D9:I9)=0,0,(101-MIN(D9:I9))/100)+(1-'1-1 점수 기준'!$B$8)*(COUNT(D9:I9)*101-SUM(D9:I9))/100/6) -> 20.983333 | S9: ='1-1 점수 기준'!$B$3*('1-1 점수 기준'!$B$8*IF(COUNT(J9:M9)=0,0,(101-MIN(J9:M9))/100)+(1-'1-1 점수 기준'!$B$8)*(COUNT(J9:M9)*101-SUM(J9:M9))/100/4) -> 23.725 | T9: ='1-1 점수 기준'!$B$4*MAX(0,MIN(1,LOG10(N9/100000)/4)) -> 11.096405 | U9: ='1-1 점수 기준'!$B$5*IF(O9="",0.5,MAX(0,MIN(1,(O9-3.5)/1.5))) -> 8 | V9: ='1-1 점수 기준'!$B$6*MAX(0,MIN(1,('1-1 점수 기준'!$B$9-P9)/5)) -> 8 | W9: ='1-1 점수 기준'!$B$7*INDEX('1-1 점수 기준'!$B$13:$B$16,MATCH("MVP 규모 "&Q9&" 점수",'1-1 점수 기준'!$A$13:$A$16,0))/10 -> 4 | X9: =SUM(R9:W9) -> 75.804739 | Y9: =IF(X9>='1-1 점수 기준'!$B$10,"A+ 전설",IF(X9>='1-1 점수 기준'!$B$11,"A 강자",IF(X9>='1-1 점수 기준'!$B$12,"B 유망","C 도전자"))) -> A 강자 | Z9: =RANK(X9,$X$3:$X$14) -> 2
A10: MONOPOLY GO! | B10: Scopely | C10: 보드 · 주사위 소셜 | D10: 26 | E10: 21 | J10: 1 | K10: 73 | N10: 130000000 | O10: 4.6 | P10: 2023 | Q10: L | R10: ='1-1 점수 기준'!$B$2*('1-1 점수 기준'!$B$8*IF(COUNT(D10:I10)=0,0,(101-MIN(D10:I10))/100)+(1-'1-1 점수 기준'!$B$8)*(COUNT(D10:I10)*101-SUM(D10:I10))/100/6) -> 14.583333 | S10: ='1-1 점수 기준'!$B$3*('1-1 점수 기준'!$B$8*IF(COUNT(J10:M10)=0,0,(101-MIN(J10:M10))/100)+(1-'1-1 점수 기준'!$B$8)*(COUNT(J10:M10)*101-SUM(J10:M10))/100/4) -> 18.2 | T10: ='1-1 점수 기준'!$B$4*MAX(0,MIN(1,LOG10(N10/100000)/4)) -> 11.677288 | U10: ='1-1 점수 기준'!$B$5*IF(O10="",0.5,MAX(0,MIN(1,(O10-3.5)/1.5))) -> 11 | V10: ='1-1 점수 기준'!$B$6*MAX(0,MIN(1,('1-1 점수 기준'!$B$9-P10)/5)) -> 6 | W10: ='1-1 점수 기준'!$B$7*INDEX('1-1 점수 기준'!$B$13:$B$16,MATCH("MVP 규모 "&Q10&" 점수",'1-1 점수 기준'!$A$13:$A$16,0))/10 -> 4 | X10: =SUM(R10:W10) -> 65.460621 | Y10: =IF(X10>='1-1 점수 기준'!$B$10,"A+ 전설",IF(X10>='1-1 점수 기준'!$B$11,"A 강자",IF(X10>='1-1 점수 기준'!$B$12,"B 유망","C 도전자"))) -> B 유망 | Z10: =RANK(X10,$X$3:$X$14) -> 5
A11: Whiteout Survival | B11: Century Games | C11: 전략 · 4X | D11: 63 | H11: 28 | I11: 48 | J11: 10 | K11: 23 | L11: 9 | M11: 6 | N11: 100000000 | O11: 4.1 | P11: 2023 | Q11: XL | R11: ='1-1 점수 기준'!$B$2*('1-1 점수 기준'!$B$8*IF(COUNT(D11:I11)=0,0,(101-MIN(D11:I11))/100)+(1-'1-1 점수 기준'!$B$8)*(COUNT(D11:I11)*101-SUM(D11:I11))/100/6) -> 13.683333 | S11: ='1-1 점수 기준'!$B$3*('1-1 점수 기준'!$B$8*IF(COUNT(J11:M11)=0,0,(101-MIN(J11:M11))/100)+(1-'1-1 점수 기준'!$B$8)*(COUNT(J11:M11)*101-SUM(J11:M11))/100/4) -> 23.15 | T11: ='1-1 점수 기준'!$B$4*MAX(0,MIN(1,LOG10(N11/100000)/4)) -> 11.25 | U11: ='1-1 점수 기준'!$B$5*IF(O11="",0.5,MAX(0,MIN(1,(O11-3.5)/1.5))) -> 6 | V11: ='1-1 점수 기준'!$B$6*MAX(0,MIN(1,('1-1 점수 기준'!$B$9-P11)/5)) -> 6 | W11: ='1-1 점수 기준'!$B$7*INDEX('1-1 점수 기준'!$B$13:$B$16,MATCH("MVP 규모 "&Q11&" 점수",'1-1 점수 기준'!$A$13:$A$16,0))/10 -> 1 | X11: =SUM(R11:W11) -> 61.083333 | Y11: =IF(X11>='1-1 점수 기준'!$B$10,"A+ 전설",IF(X11>='1-1 점수 기준'!$B$11,"A 강자",IF(X11>='1-1 점수 기준'!$B$12,"B 유망","C 도전자"))) -> B 유망 | Z11: =RANK(X11,$X$3:$X$14) -> 7
A12: Free Fire | B12: Garena | C12: 액션 · 배틀로얄 | D12: 97 | F12: 2 | G12: 3 | J12: 22 | K12: 1 | N12: 2200000000 | O12: 4.3 | P12: 2017 | Q12: XL | R12: ='1-1 점수 기준'!$B$2*('1-1 점수 기준'!$B$8*IF(COUNT(D12:I12)=0,0,(101-MIN(D12:I12))/100)+(1-'1-1 점수 기준'!$B$8)*(COUNT(D12:I12)*101-SUM(D12:I12))/100/6) -> 18.2 | S12: ='1-1 점수 기준'!$B$3*('1-1 점수 기준'!$B$8*IF(COUNT(J12:M12)=0,0,(101-MIN(J12:M12))/100)+(1-'1-1 점수 기준'!$B$8)*(COUNT(J12:M12)*101-SUM(J12:M12))/100/4) -> 19.475 | T12: ='1-1 점수 기준'!$B$4*MAX(0,MIN(1,LOG10(N12/100000)/4)) -> 15 | U12: ='1-1 점수 기준'!$B$5*IF(O12="",0.5,MAX(0,MIN(1,(O12-3.5)/1.5))) -> 8 | V12: ='1-1 점수 기준'!$B$6*MAX(0,MIN(1,('1-1 점수 기준'!$B$9-P12)/5)) -> 10 | W12: ='1-1 점수 기준'!$B$7*INDEX('1-1 점수 기준'!$B$13:$B$16,MATCH("MVP 규모 "&Q12&" 점수",'1-1 점수 기준'!$A$13:$A$16,0))/10 -> 1 | X12: =SUM(R12:W12) -> 71.675 | Y12: =IF(X12>='1-1 점수 기준'!$B$10,"A+ 전설",IF(X12>='1-1 점수 기준'!$B$11,"A 강자",IF(X12>='1-1 점수 기준'!$B$12,"B 유망","C 도전자"))) -> A 강자 | Z12: =RANK(X12,$X$3:$X$14) -> 3
A13: 치이카와 포켓 | B13: Applibot | C13: 캐릭터 IP | H13: 20 | I13: 39 | L13: 81 | N13: 1100000 | P13: 2025 | Q13: L | R13: ='1-1 점수 기준'!$B$2*('1-1 점수 기준'!$B$8*IF(COUNT(D13:I13)=0,0,(101-MIN(D13:I13))/100)+(1-'1-1 점수 기준'!$B$8)*(COUNT(D13:I13)*101-SUM(D13:I13))/100/6) -> 14.533333 | S13: ='1-1 점수 기준'!$B$3*('1-1 점수 기준'!$B$8*IF(COUNT(J13:M13)=0,0,(101-MIN(J13:M13))/100)+(1-'1-1 점수 기준'!$B$8)*(COUNT(J13:M13)*101-SUM(J13:M13))/100/4) -> 3.5 | T13: ='1-1 점수 기준'!$B$4*MAX(0,MIN(1,LOG10(N13/100000)/4)) -> 3.9052226 | U13: ='1-1 점수 기준'!$B$5*IF(O13="",0.5,MAX(0,MIN(1,(O13-3.5)/1.5))) -> 7.5 | V13: ='1-1 점수 기준'!$B$6*MAX(0,MIN(1,('1-1 점수 기준'!$B$9-P13)/5)) -> 2 | W13: ='1-1 점수 기준'!$B$7*INDEX('1-1 점수 기준'!$B$13:$B$16,MATCH("MVP 규모 "&Q13&" 점수",'1-1 점수 기준'!$A$13:$A$16,0))/10 -> 4 | X13: =SUM(R13:W13) -> 35.438556 | Y13: =IF(X13>='1-1 점수 기준'!$B$10,"A+ 전설",IF(X13>='1-1 점수 기준'!$B$11,"A 강자",IF(X13>='1-1 점수 기준'!$B$12,"B 유망","C 도전자"))) -> C 도전자 | Z13: =RANK(X13,$X$3:$X$14) -> 12
A14: 후더덕 서바이벌 | B14: Joy Nice Games | C14: 방치형 RPG | I14: 2 | M14: 20 | N14: 190000 | P14: 2026 | Q14: M | R14: ='1-1 점수 기준'!$B$2*('1-1 점수 기준'!$B$8*IF(COUNT(D14:I14)=0,0,(101-MIN(D14:I14))/100)+(1-'1-1 점수 기준'!$B$8)*(COUNT(D14:I14)*101-SUM(D14:I14))/100/6) -> 16.5 | S14: ='1-1 점수 기준'!$B$3*('1-1 점수 기준'!$B$8*IF(COUNT(J14:M14)=0,0,(101-MIN(J14:M14))/100)+(1-'1-1 점수 기준'!$B$8)*(COUNT(J14:M14)*101-SUM(J14:M14))/100/4) -> 14.175 | T14: ='1-1 점수 기준'!$B$4*MAX(0,MIN(1,LOG10(N14/100000)/4)) -> 1.045326 | U14: ='1-1 점수 기준'!$B$5*IF(O14="",0.5,MAX(0,MIN(1,(O14-3.5)/1.5))) -> 7.5 | V14: ='1-1 점수 기준'!$B$6*MAX(0,MIN(1,('1-1 점수 기준'!$B$9-P14)/5)) -> 0 | W14: ='1-1 점수 기준'!$B$7*INDEX('1-1 점수 기준'!$B$13:$B$16,MATCH("MVP 규모 "&Q14&" 점수",'1-1 점수 기준'!$A$13:$A$16,0))/10 -> 7 | X14: =SUM(R14:W14) -> 46.220326 | Y14: =IF(X14>='1-1 점수 기준'!$B$10,"A+ 전설",IF(X14>='1-1 점수 기준'!$B$11,"A 강자",IF(X14>='1-1 점수 기준'!$B$12,"B 유망","C 도전자"))) -> C 도전자 | Z14: =RANK(X14,$X$3:$X$14) -> 11
A16: 출처: AppBrain 국가별 Google Play 순위 — 무료: 미국·캐나다·브라질·일본 2026-10-04, 한국 10-03, 멕시코 09-25 / 매출: 미국·한국 10-03, 일본 10-04, 브라질 10-01.
A17: 누적 설치·평점: AppBrain 표기값(구글 플레이). 치이카와 포켓은 일본판 기준, 평점 미표시(빈칸)는 만족도 중간값 처리.
A18: 출시연도는 공개 정보·앱 ID 기반 추정치이며, MVP 규모는 분석자 판단(추정)입니다. 파란 글씨는 입력값입니다.

Sheet 1-3 성적표 카드
A1: 게임 | B1: 한 줄 설명 | C1: 이렇게 생각하면 쉬워요 | D1: 🎮 재미 | E1: 👶 쉬움 | F1: 🔁 또 오기 | G1: 👫 친구 | H1: 💰 용돈 벌기 | I1: 종합 등급 | J1: 총점 | K1: 이 게임의 비밀 한 줄 | L1: 재미(입력) | M1: 쉬움(입력) | N1: 또오기(입력) | O1: 친구(입력) | P1: 용돈(입력)
A2: Meowdoku | B2: 고양이 그림으로 칸을 채우는 스도쿠 같은 논리 퍼즐 (게임명·장르 기반 추정) | C2: 고양이 스티커로 하는 숫자 없는 스도쿠 | D2: =REPT("★",L2)&REPT("☆",5-L2) -> ★★★★☆ | E2: =REPT("★",M2)&REPT("☆",5-M2) -> ★★★★☆ | F2: =REPT("★",N2)&REPT("☆",5-N2) -> ★★★★☆ | G2: =REPT("★",O2)&REPT("☆",5-O2) -> ★☆☆☆☆ | H2: =REPT("★",P2)&REPT("☆",5-P2) -> ★★☆☆☆ | I2: =INDEX('1-2 성공 점수표'!$Y$3:$Y$14,MATCH(A2,'1-2 성공 점수표'!$A$3:$A$14,0)) -> C 도전자 | J2: =INDEX('1-2 성공 점수표'!$X$3:$X$14,MATCH(A2,'1-2 성공 점수표'!$A$3:$A$14,0)) -> 54.724989 | K2: 어려운 스도쿠를 귀여운 고양이로 포장해 문턱을 낮췄어요. 6개국 모두 상위권(일본·캐나다 1위). | L2: 4 | M2: 4 | N2: 4 | O2: 1 | P2: 2
A3: Rotate Rings | B3: 고리를 돌려 같은 색끼리 모으는 정렬 퍼즐 (게임명 기반 추정) | C3: 색깔 고리를 돌리는 큐브 맞추기 | D3: =REPT("★",L3)&REPT("☆",5-L3) -> ★★★★☆ | E3: =REPT("★",M3)&REPT("☆",5-M3) -> ★★★★★ | F3: =REPT("★",N3)&REPT("☆",5-N3) -> ★★★☆☆ | G3: =REPT("★",O3)&REPT("☆",5-O3) -> ★☆☆☆☆ | H3: =REPT("★",P3)&REPT("☆",5-P3) -> ★★☆☆☆ | I3: =INDEX('1-2 성공 점수표'!$Y$3:$Y$14,MATCH(A3,'1-2 성공 점수표'!$A$3:$A$14,0)) -> C 도전자 | J3: =INDEX('1-2 성공 점수표'!$X$3:$X$14,MATCH(A3,'1-2 성공 점수표'!$A$3:$A$14,0)) -> 50.911993 | K3: 손가락 하나로 돌리기만 하면 '착착 정리되는' 쾌감. 미국 구글 플레이 무료 1위. | L3: 4 | M3: 5 | N3: 3 | O3: 1 | P3: 2
A4: Block Blast! | B4: 8×8 판에 블록 조각을 놓아 줄을 지우는 퍼즐 | C4: 끝나지 않는 테트리스 조각 맞추기 | D4: =REPT("★",L4)&REPT("☆",5-L4) -> ★★★★★ | E4: =REPT("★",M4)&REPT("☆",5-M4) -> ★★★★★ | F4: =REPT("★",N4)&REPT("☆",5-N4) -> ★★★★☆ | G4: =REPT("★",O4)&REPT("☆",5-O4) -> ★☆☆☆☆ | H4: =REPT("★",P4)&REPT("☆",5-P4) -> ★★★☆☆ | I4: =INDEX('1-2 성공 점수표'!$Y$3:$Y$14,MATCH(A4,'1-2 성공 점수표'!$A$3:$A$14,0)) -> A 강자 | J4: =INDEX('1-2 성공 점수표'!$X$3:$X$14,MATCH(A4,'1-2 성공 점수표'!$A$3:$A$14,0)) -> 70.166667 | K4: 레벨도 이야기도 없이 '한 판 더'만으로 설치 11억. 대신 매출 순위에는 없어서 광고로 돈을 버는 것으로 보여요. | L4: 5 | M4: 5 | N4: 4 | O4: 1 | P4: 3
A5: Magic Sort! | B5: 병 속 색깔 물을 옮겨 같은 색끼리 모으는 퍼즐 | C5: 색깔 주스 나눠 담기 | D5: =REPT("★",L5)&REPT("☆",5-L5) -> ★★★★☆ | E5: =REPT("★",M5)&REPT("☆",5-M5) -> ★★★★★ | F5: =REPT("★",N5)&REPT("☆",5-N5) -> ★★★☆☆ | G5: =REPT("★",O5)&REPT("☆",5-O5) -> ★☆☆☆☆ | H5: =REPT("★",P5)&REPT("☆",5-P5) -> ★★★☆☆ | I5: =INDEX('1-2 성공 점수표'!$Y$3:$Y$14,MATCH(A5,'1-2 성공 점수표'!$A$3:$A$14,0)) -> B 유망 | J5: =INDEX('1-2 성공 점수표'!$X$3:$X$14,MATCH(A5,'1-2 성공 점수표'!$A$3:$A$14,0)) -> 63.932725 | K5: 검증된 '물 정렬'을 예쁜 연출로 업그레이드. 퍼즐 신작 중 미국 매출 Top 100(56위)에 들어간 유일한 게임. | L5: 4 | M5: 5 | N5: 3 | O5: 1 | P5: 3
A6: Bus Fever Party! | B6: 승객을 같은 색 버스에 태워 보내는 버스잼 퍼즐 | C6: 색깔별로 줄 세우는 반장 놀이 | D6: =REPT("★",L6)&REPT("☆",5-L6) -> ★★★★☆ | E6: =REPT("★",M6)&REPT("☆",5-M6) -> ★★★★★ | F6: =REPT("★",N6)&REPT("☆",5-N6) -> ★★★☆☆ | G6: =REPT("★",O6)&REPT("☆",5-O6) -> ★☆☆☆☆ | H6: =REPT("★",P6)&REPT("☆",5-P6) -> ★★☆☆☆ | I6: =INDEX('1-2 성공 점수표'!$Y$3:$Y$14,MATCH(A6,'1-2 성공 점수표'!$A$3:$A$14,0)) -> C 도전자 | J6: =INDEX('1-2 성공 점수표'!$X$3:$X$14,MATCH(A6,'1-2 성공 점수표'!$A$3:$A$14,0)) -> 51.488556 | K6: 말이 필요 없는 규칙이라 남미에서도 2~3위. 국경이 없는 게임이에요. | L6: 4 | M6: 5 | N6: 3 | O6: 1 | P6: 2
A7: Royal Match | B7: 같은 그림 3개를 맞춰 별을 모으고, 별로 왕의 성을 꾸미는 게임 | C7: 사탕 맞추기 + 내 성 꾸미기 | D7: =REPT("★",L7)&REPT("☆",5-L7) -> ★★★★★ | E7: =REPT("★",M7)&REPT("☆",5-M7) -> ★★★★☆ | F7: =REPT("★",N7)&REPT("☆",5-N7) -> ★★★★★ | G7: =REPT("★",O7)&REPT("☆",5-O7) -> ★★★☆☆ | H7: =REPT("★",P7)&REPT("☆",5-P7) -> ★★★★★ | I7: =INDEX('1-2 성공 점수표'!$Y$3:$Y$14,MATCH(A7,'1-2 성공 점수표'!$A$3:$A$14,0)) -> A+ 전설 | J7: =INDEX('1-2 성공 점수표'!$X$3:$X$14,MATCH(A7,'1-2 성공 점수표'!$A$3:$A$14,0)) -> 82.580756 | K7: 익숙한 퍼즐에 최고급 연출과 '꾸미는 재미'를 더해 미국 매출 4위, 4개국 매출 모두 Top 25. | L7: 5 | M7: 4 | N7: 5 | O7: 3 | P7: 5
A8: Gossip Harbor | B8: 물건을 2개씩 합쳐 주문을 해결하면 드라마 같은 이야기가 이어지는 게임 | C8: 레고 합체 + 다음 화가 궁금한 드라마 | D8: =REPT("★",L8)&REPT("☆",5-L8) -> ★★★★★ | E8: =REPT("★",M8)&REPT("☆",5-M8) -> ★★★★☆ | F8: =REPT("★",N8)&REPT("☆",5-N8) -> ★★★★★ | G8: =REPT("★",O8)&REPT("☆",5-O8) -> ★★☆☆☆ | H8: =REPT("★",P8)&REPT("☆",5-P8) -> ★★★★★ | I8: =INDEX('1-2 성공 점수표'!$Y$3:$Y$14,MATCH(A8,'1-2 성공 점수표'!$A$3:$A$14,0)) -> A 강자 | J8: =INDEX('1-2 성공 점수표'!$X$3:$X$14,MATCH(A8,'1-2 성공 점수표'!$A$3:$A$14,0)) -> 75.804739 | K8: '합치는 손맛'과 '다음 이야기 궁금증'의 조합. 4개국 매출 모두 Top 16(브라질 4위). | L8: 5 | M8: 4 | N8: 5 | O8: 2 | P8: 5
A9: MONOPOLY GO! | B9: 주사위를 굴려 보드판을 돌며 내 도시를 짓는 게임 | C9: 온 가족이 아는 부루마불 + 스티커 앨범 모으기 | D9: =REPT("★",L9)&REPT("☆",5-L9) -> ★★★★★ | E9: =REPT("★",M9)&REPT("☆",5-M9) -> ★★★★★ | F9: =REPT("★",N9)&REPT("☆",5-N9) -> ★★★★★ | G9: =REPT("★",O9)&REPT("☆",5-O9) -> ★★★★★ | H9: =REPT("★",P9)&REPT("☆",5-P9) -> ★★★★★ | I9: =INDEX('1-2 성공 점수표'!$Y$3:$Y$14,MATCH(A9,'1-2 성공 점수표'!$A$3:$A$14,0)) -> B 유망 | J9: =INDEX('1-2 성공 점수표'!$X$3:$X$14,MATCH(A9,'1-2 성공 점수표'!$A$3:$A$14,0)) -> 65.460621 | K9: 누구나 아는 이름(IP) + 친구와 함께하는 이벤트로 미국 매출 1위. 하지만 일본·한국에서는 순위 밖이에요. | L9: 5 | M9: 5 | N9: 5 | O9: 5 | P9: 5
A10: Whiteout Survival | B10: 눈보라 속 마을을 키우고 동맹과 함께 싸우는 전략 게임 | C10: 눈 오는 날 우리 마을 키우기 + 반 대항전 | D10: =REPT("★",L10)&REPT("☆",5-L10) -> ★★★★☆ | E10: =REPT("★",M10)&REPT("☆",5-M10) -> ★★★☆☆ | F10: =REPT("★",N10)&REPT("☆",5-N10) -> ★★★★★ | G10: =REPT("★",O10)&REPT("☆",5-O10) -> ★★★★★ | H10: =REPT("★",P10)&REPT("☆",5-P10) -> ★★★★★ | I10: =INDEX('1-2 성공 점수표'!$Y$3:$Y$14,MATCH(A10,'1-2 성공 점수표'!$A$3:$A$14,0)) -> B 유망 | J10: =INDEX('1-2 성공 점수표'!$X$3:$X$14,MATCH(A10,'1-2 성공 점수표'!$A$3:$A$14,0)) -> 61.083333 | K10: 다운로드는 많지 않아도 4개국 매출 모두 Top 25(한국 6위). 열심히 하는 소수가 큰돈을 써요. | L10: 4 | M10: 3 | N10: 5 | O10: 5 | P10: 5
A11: Free Fire | B11: 여러 명이 섬에 떨어져 마지막까지 살아남는 짧은 총싸움 게임 | C11: 10분짜리 서바이벌 술래잡기 | D11: =REPT("★",L11)&REPT("☆",5-L11) -> ★★★★★ | E11: =REPT("★",M11)&REPT("☆",5-M11) -> ★★★★☆ | F11: =REPT("★",N11)&REPT("☆",5-N11) -> ★★★★★ | G11: =REPT("★",O11)&REPT("☆",5-O11) -> ★★★★★ | H11: =REPT("★",P11)&REPT("☆",5-P11) -> ★★★★☆ | I11: =INDEX('1-2 성공 점수표'!$Y$3:$Y$14,MATCH(A11,'1-2 성공 점수표'!$A$3:$A$14,0)) -> A 강자 | J11: =INDEX('1-2 성공 점수표'!$X$3:$X$14,MATCH(A11,'1-2 성공 점수표'!$A$3:$A$14,0)) -> 71.675 | K11: 성능 낮은 휴대폰에서도 잘 돌아가게 만들어 브라질 무료 2위·매출 1위. | L11: 5 | M11: 4 | N11: 5 | O11: 5 | P11: 4
A12: 치이카와 포켓 | B12: 인기 캐릭터 '치이카와'가 나오는 게임 (세부 게임 방식은 확인 필요) | C12: 좋아하는 캐릭터 스티커북 | D12: =REPT("★",L12)&REPT("☆",5-L12) -> ★★★☆☆ | E12: =REPT("★",M12)&REPT("☆",5-M12) -> ★★★★★ | F12: =REPT("★",N12)&REPT("☆",5-N12) -> ★★★★☆ | G12: =REPT("★",O12)&REPT("☆",5-O12) -> ★★★☆☆ | H12: =REPT("★",P12)&REPT("☆",5-P12) -> ★★★★☆ | I12: =INDEX('1-2 성공 점수표'!$Y$3:$Y$14,MATCH(A12,'1-2 성공 점수표'!$A$3:$A$14,0)) -> C 도전자 | J12: =INDEX('1-2 성공 점수표'!$X$3:$X$14,MATCH(A12,'1-2 성공 점수표'!$A$3:$A$14,0)) -> 35.438556 | K12: 캐릭터 팬이 곧 홍보대사. 일본 무료 20위·매출 81위, 한국에서도 39위. | L12: 3 | M12: 5 | N12: 4 | O12: 3 | P12: 4
A13: 후더덕 서바이벌 | B13: 켜두기만 해도 캐릭터가 자라는 방치형 RPG로 추정 (확인 필요) | C13: 저절로 크는 다마고치 + 뽑기 | D13: =REPT("★",L13)&REPT("☆",5-L13) -> ★★★☆☆ | E13: =REPT("★",M13)&REPT("☆",5-M13) -> ★★★★★ | F13: =REPT("★",N13)&REPT("☆",5-N13) -> ★★★★☆ | G13: =REPT("★",O13)&REPT("☆",5-O13) -> ★★☆☆☆ | H13: =REPT("★",P13)&REPT("☆",5-P13) -> ★★★★★ | I13: =INDEX('1-2 성공 점수표'!$Y$3:$Y$14,MATCH(A13,'1-2 성공 점수표'!$A$3:$A$14,0)) -> C 도전자 | J13: =INDEX('1-2 성공 점수표'!$X$3:$X$14,MATCH(A13,'1-2 성공 점수표'!$A$3:$A$14,0)) -> 46.220326 | K13: 게임 이름에 '777뽑기 증정'을 넣어 이름 자체가 광고. 한국 무료 2위·매출 20위. | L13: 3 | M13: 5 | N13: 4 | O13: 2 | P13: 5
A15: 별점(1~5)은 분석자 평가이며 L~P열(파란 글씨)을 바꾸면 별 표시가 자동으로 바뀝니다. 종합 등급·총점은 '성공 점수표'에서 가져옵니다.

Sheet 1-4 성공 비결 해부
A1: 게임 | B1: ① 핵심 재미 루프 | C1: ② 첫 1분 경험 | D1: ③ 다시 오게 하는 장치 | E1: ④ 수익 모델(BM) | F1: ⑤ 마케팅 | G1: ⑥ 아트 컨셉 | H1: 근거 수준
A2: Meowdoku | B2: 칸 고르기 → 규칙에 맞는 고양이 배치 → 판 완성 | C2: 작은 판으로 규칙을 자연스럽게 익히는 튜토리얼(추정) | D2: 레벨 진행, 점점 커지는 판(추정) | E2: 광고 중심 추정 — 6개국 무료 상위권이지만 매출 Top 100 진입 없음 | F2: 6개국 동시 무료 상위권 → 대규모 글로벌 UA 추정. 같은 회사(Oakever)가 Amaze GO!·Jigsawcard 등 다수 동시 운영 | G2: 귀여운 고양이 캐릭터, 밝고 깔끔한 화면(추정) | H2: 차트 데이터 + 장르 추정
A3: Rotate Rings | B3: 고리 회전 → 같은 색 정렬 → 한 줄 정리되는 쾌감 | C3: 한 번 돌려보면 바로 이해되는 단순 조작(추정) | D3: 레벨 진행(추정) | E3: 광고 중심 추정 — 매출 Top 100 진입 없음 | F3: 미국 무료 1위 등 신작 집중 UA 추정. 같은 회사(Nebula)의 Mahjong Blast·GOGO! Blast와 포트폴리오 운영 | G3: 단색 고리 위주의 미니멀 그래픽(추정) | H3: 차트 데이터 + 게임명 추정
A4: Block Blast! | B4: 블록 3개 받기 → 판에 배치 → 줄 지우기·콤보 | C4: 설명 없이 바로 시작 가능한 한 판 구조 | D4: 최고 점수 갱신, 콤보 연출의 손맛 | E4: 광고 중심(매출 Top 100 진입 없음)으로 추정 | F4: 설치 11억(구글 플레이) — 오래 쌓인 입소문과 꾸준한 UA | G4: 나무·보석 느낌의 블록, 단순한 판 | H4: 차트·설치 데이터 + 공개 게임 방식
A5: Magic Sort! | B5: 병 고르기 → 색 옮기기 → 한 병 완성 | C5: 워터소트 규칙(누구나 아는 방식)으로 즉시 이해 | D5: 레벨 진행, 난이도 곡선 | E5: 광고 + 인앱결제 혼합 추정 — 미국 매출 56위 | F5: 같은 회사(Grand Games)의 Block Out!과 함께 미국 상위권 | G5: 반짝이는 액체·마법 연출 | H5: 차트 데이터 + 공개 게임 방식
A6: Bus Fever Party! | B6: 승객 탭 → 같은 색 버스 탑승 → 버스 출발 | C6: 첫 판에서 바로 이해되는 색 맞추기 | D6: 레벨 진행(추정) | E6: 광고 중심 추정 — 매출 Top 100 진입 없음 | F6: 미국·캐나다·브라질·멕시코·일본 Top 10 — 언어 없이 통하는 광고 소재 추정 | G6: 장난감 같은 3D 버스와 승객(추정) | H6: 차트 데이터 + 장르 추정
A7: Royal Match | B7: 3개 맞추기 → 레벨 클리어로 별 획득 → 성 꾸미기 | C7: 짧고 쉬운 초반 레벨로 바로 성공 경험 | D7: 성 꾸미기(메타), 이벤트, 팀(공개 정보 기반) | E7: 목숨·부스터·코인 인앱결제, 시즌 패스 계열(공개 정보 기반) | F7: 왕 캐릭터를 활용한 광고 — 미국 매출 4위 | G7: 고급스러운 3D 카툰, 밝은 왕국 테마 | H7: 매출·차트 데이터 + 공개 게임 방식
A8: Gossip Harbor | B8: 아이템 2개 합치기 → 주문 해결 → 이야기 진행 | C8: 합치기 조작과 드라마 첫 장면을 함께 보여줌(추정) | D8: 다음 화가 궁금한 스토리, 장소 복원 | E8: 에너지·아이템 인앱결제(추정) — 미국 5·브라질 4·일본 16·한국 12위 매출 | F8: 스토리 장면을 앞세운 광고(추정). 같은 회사의 Seaside Escape·Flambé도 매출 Top 100 | G8: 드라마 같은 인물 일러스트 + 아기자기한 아이템 | H8: 매출·차트 데이터 + 장르 추정
A9: MONOPOLY GO! | B9: 주사위 굴리기 → 칸 이동·보상 → 도시 짓기 | C9: 누구나 아는 모노폴리 규칙 | D9: 스티커 앨범 수집, 친구와 함께하는 이벤트(공개 정보 기반) | E9: 주사위·이벤트 상품 인앱결제 — 미국 매출 1위 | F9: 유명 IP + 대규모 광고, 친구 초대·스티커 교환 | G9: 밝은 보드게임 카툰, 미스터 모노폴리 캐릭터 | H9: 매출·차트 데이터 + 공개 게임 방식
A10: Whiteout Survival | B10: 건물 짓기 → 자원 모으기 → 영웅 성장 → 동맹 전투 | C10: 광고와 다른 미니게임·생존 연출로 시작하는 경우 많음(추정) | D10: 동맹, 서버 경쟁, 매일 하는 일과 | E10: 영웅·가속 아이템 인앱결제 — 미국 10·브라질 23·일본 9·한국 6위 매출 | F10: 같은 회사(Century Games)의 Kingshot·Tasty Travels와 대규모 UA | G10: 얼어붙은 세계의 3D 리얼 카툰 | H10: 매출·차트 데이터 + 장르 일반 지식
A11: Free Fire | B11: 낙하 → 장비 줍기 → 전투 → 마지막 생존 | C11: 짧은 한 판, 빠른 매칭(공개 정보 기반) | D11: 랭크 시스템, 캐릭터 수집, 친구와 스쿼드 | E11: 캐릭터·스킨 인앱결제, 콜라보(예: NARUTO) — 브라질 매출 1위 | F11: 저사양 폰 최적화, 브라질·태국에서 투표 인기 1위 수상 이력 | G11: 캐릭터 중심 3D, 화려한 콜라보 스킨 | H11: 매출·차트 데이터 + 외부 자료(Wikipedia)
A12: 치이카와 포켓 | B12: 캐릭터와 함께 미니게임·수집(추정, 확인 필요) | C12: 좋아하는 캐릭터를 바로 만나는 경험(추정) | D12: 캐릭터 수집·꾸미기(추정) | E12: 인앱결제(추정) — 일본 매출 81위 | F12: 원작 캐릭터 팬덤 | G12: 원작 그림체 그대로 | H12: 차트 데이터 + 추정(게임 방식 미확인)
A13: 후더덕 서바이벌 | B13: 켜두기 → 자동 전투·성장 → 뽑기로 강화(추정) | C13: 초반에 대량 뽑기 지급으로 강해지는 느낌(추정) | D13: 방치 보상, 매일 뽑기(추정) | E13: 뽑기·성장 패키지 인앱결제(추정) — 한국 매출 20위 | F13: 앱 이름에 '777뽑기 증정'을 넣어 스토어 자체를 광고판으로 사용. 같은 회사(Joy Nice Games)가 Legend of Mushroom·갓깨비 키우기 운영 | G13: 귀여운 2D 캐릭터(추정) | H13: 차트 데이터 + 추정
A15: '추정'은 차트 데이터와 게임명·장르, 일반적으로 알려진 게임 방식을 바탕으로 한 판단입니다. 직접 플레이로 확인이 필요합니다.

Sheet 1-5 성공 비결 확장
A1: 장르 그룹 | B1: 게임 | C1: 퍼블리셔 | D1: 차트 근거 (이번 조사에서 확인된 순위) | E1: ① 핵심 재미 루프 | F1: ③ 다시 오게 하는 장치 | G1: ④ 수익 모델(BM) | H1: ⑤ 마케팅 | I1: ⑥ 아트 | J1: 근거 수준
A2: 1. 글로벌 퍼즐 | B2: Block Out! | C2: Grand Games | D2: 미국 App Store 무료 2위 | E2: 블록을 같은 색 출구로 빼내는 정렬 퍼즐(게임명 기반 추정) | F2: 레벨 진행(추정) | G2: 미확인 (App Store 매출 데이터 미수집) | H2: 같은 회사 Magic Sort!와 함께 미국 상위권 | I2: 색 블록 위주(추정) | J2: 차트 데이터 + 게임명 추정
A3: 1. 글로벌 퍼즐 | B3: Vita Mahjong | C3: Vita Studio | D3: 무료: 미국 5, 캐나다 9, 브라질 29, 멕시코 15, 일본 34, 한국 26 | E3: 같은 타일 2개 짝 맞춰 없애기 | F3: 레벨 진행(추정) | G3: 미확인 | H3: 6개국 모두 Top 35 — 언어가 필요 없는 규칙 | I3: 큰 타일·깔끔한 판(시니어 친화로 알려짐, 확인 권장) | J3: 차트 데이터 + 공개 정보(확인 권장)
A4: 2. 퍼즐 + 메타 | B4: Candy Crush Saga | C4: King | D4: 매출: 미국 3, 브라질 5 / 무료: 미국 GP 48 | E4: 3개 맞추기 → 레벨 클리어 → 지도 따라 전진 | F4: 긴 레벨 지도, 이벤트, 친구 점수 비교 | G4: 목숨·부스터·이동 추가 인앱결제 | H4: 오래된 브랜드 인지도 | I4: 사탕 테마의 밝은 2D | J4: 매출 데이터 + 공개 게임 방식
A5: 2. 퍼즐 + 메타 | B5: Royal Kingdom | C5: Dream Games | D5: 매출: 미국 8 / 무료: 일본 5, 한국 17, 미국 GP 47 | E5: 3개 맞추기 → 보상 → 왕국 건설(추정 세부) | F5: 왕국 건설 메타(추정) | G5: 인앱결제 (미국 매출 8위) | H5: Royal Match 개발사의 후속작 | I5: 3D 카툰 판타지 | J5: 매출 데이터 + 일부 추정
A6: 3. 소셜 캐주얼 | B6: Coin Master | C6: Moon Active | D6: 매출: 미국 7, 브라질 3 / 무료: 미국 iOS 67 | E6: 슬롯 돌리기 → 코인 → 마을 건설, 다른 유저 공격·습격 | F6: 카드 수집, 친구와 공격·복수, 이벤트 | G6: 스핀·코인 인앱결제 | H6: 친구 초대·SNS 연동(공개 정보) | I6: 바이킹 테마 카툰 | J6: 매출 데이터 + 공개 게임 방식
A7: 3. 소셜 캐주얼 | B7: Dice Dreams | C7: SuperPlay | D7: 무료: 미국 iOS 73, GP 98 | E7: 주사위 굴리기 → 보드 칸 보상 → 왕국 건설, 다른 유저 공격 | F7: 이벤트(공개 정보), 카드 수집 여부는 확인 필요 | G7: 인앱결제 (매출 순위 미확인) | H7: 같은 회사가 Disney Solitaire도 운영 | I7: 동화풍 카툰 | J7: 차트 데이터 + 공개 게임 방식
A8: 4. 전략(4X 등) | B8: Kingshot | C8: Century Games | D8: 매출: 미국 9 / 무료: 미국 iOS 40 | E8: 건설 → 자원 → 영웅 성장 → 동맹 전투(장르 일반) | F8: 동맹, 서버 경쟁(장르 일반) | G8: 인앱결제 (미국 매출 9위) | H8: 같은 회사 Whiteout Survival과 같은 장르 | I8: 3D 카툰(추정) | J8: 매출 데이터 + 장르 일반 지식
A9: 4. 전략(4X 등) | B9: Clash Royale | C9: Supercell | D9: 무료: 미국 iOS 80 (매출 미확인) | E9: 카드 덱 → 3분 실시간 1:1 대전 → 트로피 | F9: 아레나 승급, 클랜, 시즌 | G9: 패스·보석 인앱결제(공개 정보) | H9: Clash of Clans 세계관·캐릭터 재사용 | I9: 클래시 시리즈 카툰 | J9: 차트 데이터 + 공개 게임 방식
A10: 5. 액션·슈팅 | B10: Fortnite | C10: Epic Games | D10: 무료: 미국 iOS 18, GP 25 (매출 미확인) | E10: 낙하 → 장비 줍기 → 건축·전투 → 최후 생존 | F10: 배틀패스 시즌, 라이브 이벤트, 유저 제작 모드 | G10: 스킨·배틀패스 (외형 아이템) | H10: 대형 IP 콜라보 | I10: 밝은 카툰 3D | J10: 차트 데이터 + 공개 게임 방식
A11: 5. 액션·슈팅 | B11: Brawl Stars | C11: Supercell | D11: 매출: 브라질 9 / 무료: 미국 iOS 66 | E11: 3대3 짧은 대전 → 트로피 → 캐릭터(브롤러) 해금 | F11: 브롤러 수집, 클럽, 패스 | G11: 패스·스킨 인앱결제 | H11: Supercell 세계관 | I11: 캐주얼 카툰 | J11: 매출 데이터 + 공개 게임 방식
A12: 6. 캐릭터 IP | B12: Pokémon GO | C12: Scopely | D12: 무료: 한국 3, 미국 iOS 76 | E12: 걸어 다니며 포켓몬 발견 → 포획 → 수집 | F12: 레이드, 커뮤니티 이벤트(공개 정보) | G12: 아이템 인앱결제 | H12: 포켓몬 IP + 실외 활동 | I12: AR + 포켓몬 원작 그림 | J12: 차트 데이터 + 공개 게임 방식
... A15: 7. 한국식 RPG | B15: 트릭컬 리바이브 | C15: Epid Games | D15: 매출: 한국 7 / 무료: 한국 44 | E15: 캐릭터 뽑기 → 육성 → 전투(세부 확인 필요) | F15: 캐릭터 수집, 이벤트 | G15: 뽑기 인앱결제 | H15: 게임명에 '600뽑기 증정' 표기 | I15: 귀여운 2D 캐릭터(확인 권장) | J15: 매출 데이터 + 일부 추정
A17: 기존 12개 게임은 '1-4 성공 비결 해부' 시트에 있습니다. 확장 게임은 차트 데이터를 다시 모으지 않아 '1-2 성공 점수표'에는 넣지 않았습니다.

Sheet 1-6 공통점 분석
A1: 장르 그룹 | B1: 게임 | C1: 매출 Top100 진입 (4개국 중 1곳 이상) | D1: 한 손가락 단순 조작 | E1: 짧은 한 판(몇 분) | F1: 메타 진행(꾸미기·건설·스토리·성장) | G1: 수집 요소 | H1: 친구·동맹·대전(소셜) | I1: 유명 IP·콜라보 | J1: 랜덤 보상(뽑기·슬롯·카드팩) | K1: 광고 수익 중심 | L1: 인앱결제 중심 | M1: 라이브 이벤트·시즌
A2: 1. 글로벌 퍼즐 | B2: Meowdoku | C2: 아니오 | D2: 1 | E2: 1 | F2: ? | G2: ? | H2: ? | I2: 0 | J2: 0 | K2: 1 | L2: 0 | M2: ?
A3: 1. 글로벌 퍼즐 | B3: Rotate Rings | C3: 아니오 | D3: 1 | E3: 1 | F3: ? | G3: ? | H3: ? | I3: 0 | J3: 0 | K3: 1 | L3: 0 | M3: ?
A4: 1. 글로벌 퍼즐 | B4: Block Blast! | C4: 아니오 | D4: 1 | E4: 1 | F4: ? | G4: 0 | H4: 0 | I4: 0 | J4: 0 | K4: 1 | L4: 0 | M4: ?
A5: 1. 글로벌 퍼즐 | B5: Magic Sort! | C5: 예 | D5: 1 | E5: 1 | F5: ? | G5: ? | H5: ? | I5: 0 | J5: 0 | K5: 1 | L5: 1 | M5: ?
A6: 1. 글로벌 퍼즐 | B6: Bus Fever Party! | C6: 아니오 | D6: 1 | E6: 1 | F6: ? | G6: ? | H6: ? | I6: 0 | J6: 0 | K6: 1 | L6: 0 | M6: ?
A7: 1. 글로벌 퍼즐 | B7: Block Out! | C7: 미확인 | D7: 1 | E7: 1 | F7: ? | G7: ? | H7: ? | I7: 0 | J7: 0 | K7: ? | L7: ? | M7: ?
A8: 1. 글로벌 퍼즐 | B8: Vita Mahjong | C8: 미확인 | D8: 1 | E8: 1 | F8: ? | G8: ? | H8: ? | I8: 0 | J8: 0 | K8: ? | L8: ? | M8: ?
A9: 2. 퍼즐 + 메타 | B9: Royal Match | C9: 예 | D9: 1 | E9: 1 | F9: 1 | G9: ? | H9: 1 | I9: 0 | J9: 0 | K9: 0 | L9: 1 | M9: 1
A10: 2. 퍼즐 + 메타 | B10: Gossip Harbor | C10: 예 | D10: 1 | E10: 1 | F10: 1 | G10: ? | H10: ? | I10: 0 | J10: 0 | K10: 0 | L10: 1 | M10: ?
A11: 2. 퍼즐 + 메타 | B11: Candy Crush Saga | C11: 예 | D11: 1 | E11: 1 | F11: 1 | G11: 0 | H11: 1 | I11: 0 | J11: 0 | K11: 0 | L11: 1 | M11: 1
A12: 2. 퍼즐 + 메타 | B12: Royal Kingdom | C12: 예 | D12: 1 | E12: 1 | F12: 1 | G12: ? | H12: ? | I12: 0 | J12: 0 | K12: 0 | L12: 1 | M12: ?
A13: 3. 소셜 캐주얼 | B13: MONOPOLY GO! | C13: 예 | D13: 1 | E13: 1 | F13: 1 | G13: 1 | H13: 1 | I13: 1 | J13: 1 | K13: 0 | L13: 1 | M13: 1
A14: 3. 소셜 캐주얼 | B14: Coin Master | C14: 예 | D14: 1 | E14: 1 | F14: 1 | G14: 1 | H14: 1 | I14: ? | J14: 1 | K14: 0 | L14: 1 | M14: 1
A15: 3. 소셜 캐주얼 | B15: Dice Dreams | C15: 미확인 | D15: 1 | E15: 1 | F15: 1 | G15: ? | H15: 1 | I15: 0 | J15: 1 | K15: 0 | L15: 1 | M15: 1
A16: 4. 전략(4X 등) | B16: Whiteout Survival | C16: 예 | D16: 0 | E16: 0 | F16: 1 | G16: 1 | H16: 1 | I16: 0 | J16: 1 | K16: 0 | L16: 1 | M16: 1
A17: 4. 전략(4X 등) | B17: Kingshot | C17: 예 | D17: 0 | E17: 0 | F17: 1 | G17: 1 | H17: 1 | I17: 0 | J17: ? | K17: 0 | L17: 1 | M17: ?
A18: 4. 전략(4X 등) | B18: Clash Royale | C18: 미확인 | D18: 0 | E18: 1 | F18: 1 | G18: 1 | H18: 1 | I18: 0 | J18: 1 | K18: 0 | L18: 1 | M18: 1
A19: 5. 액션·슈팅 | B19: Free Fire | C19: 예 | D19: 0 | E19: 1 | F19: 1 | G19: 1 | H19: 1 | I19: 1 | J19: ? | K19: 0 | L19: 1 | M19: 1
A20: 5. 액션·슈팅 | B20: Fortnite | C20: 미확인 | D20: 0 | E20: 0 | F20: 1 | G20: 1 | H20: 1 | I20: 1 | J20: 0 | K20: 0 | L20: 1 | M20: 1
A21: 5. 액션·슈팅 | B21: Brawl Stars | C21: 예 | D21: 0 | E21: 1 | F21: 1 | G21: 1 | H21: 1 | I21: ? | J21: ? | K21: 0 | L21: 1 | M21: 1
A22: 6. 캐릭터 IP | B22: 치이카와 포켓 | C22: 예 | D22: ? | E22: ? | F22: ? | G22: ? | H22: ? | I22: 1 | J22: ? | K22: 0 | L22: ? | M22: ?
A23: 6. 캐릭터 IP | B23: Pokémon GO | C23: 미확인 | D23: 1 | E23: 1 | F23: 1 | G23: 1 | H23: 1 | I23: 1 | J23: 0 | K23: 0 | L23: 1 | M23: 1
A24: 6. 캐릭터 IP | B24: Pokémon TCG Pocket | C24: 미확인 | D24: 1 | E24: 1 | F24: ? | G24: 1 | H24: 1 | I24: 1 | J24: 1 | K24: 0 | L24: 1 | M24: ?
A25: 7. 한국식 RPG | B25: 후더덕 서바이벌 | C25: 예 | D25: ? | E25: ? | F25: 1 | G25: ? | H25: ? | I25: 0 | J25: 1 | K25: 0 | L25: 1 | M25: ?
A26: 7. 한국식 RPG | B26: 메이플스토리 방치형 RPG | C26: 예 | D26: 1 | E26: ? | F26: 1 | G26: ? | H26: 1 | I26: 1 | J26: 1 | K26: 0 | L26: 1 | M26: ?
A27: 7. 한국식 RPG | B27: 트릭컬 리바이브 | C27: 예 | D27: ? | E27: ? | F27: 1 | G27: 1 | H27: ? | I27: 0 | J27: 1 | K27: 0 | L27: 1 | M27: 1
A29: 공통점 요약 (자동 계산)
A30: 요소 | B30: '예' 게임 수 | C30: 확인된 게임 중 비율 | D30: 매출 진입 게임 중 비율 | E30: 매출 미진입 게임 중 비율 | F30: 차이(매출 진입 − 미진입)
A31: 한 손가락 단순 조작 | B31: =COUNTIF($D$2:$D$27,1) -> 17 | C31: =IFERROR(COUNTIF($D$2:$D$27,1)/(COUNTIF($D$2:$D$27,1)+COUNTIF($D$2:$D$27,0)),"-") -> 0.73913043 | D31: =IFERROR(COUNTIFS($D$2:$D$27,1,$C$2:$C$27,"예")/(COUNTIFS($D$2:$D$27,1,$C$2:$C$27,"예")+COUNTIFS($D$2:$D$27,0,$C$2:$C$27,"예")),"-") -> 0.66666667 | E31: =IFERROR(COUNTIFS($D$2:$D$27,1,$C$2:$C$27,"아니오")/(COUNTIFS($D$2:$D$27,1,$C$2:$C$27,"아니오")+COUNTIFS($D$2:$D$27,0,$C$2:$C$27,"아니오")),"-") -> 1 | F31: =IFERROR(D31-E31,"-") -> -0.33333333
A32: 짧은 한 판(몇 분) | B32: =COUNTIF($E$2:$E$27,1) -> 19 | C32: =IFERROR(COUNTIF($E$2:$E$27,1)/(COUNTIF($E$2:$E$27,1)+COUNTIF($E$2:$E$27,0)),"-") -> 0.86363636 | D32: =IFERROR(COUNTIFS($E$2:$E$27,1,$C$2:$C$27,"예")/(COUNTIFS($E$2:$E$27,1,$C$2:$C$27,"예")+COUNTIFS($E$2:$E$27,0,$C$2:$C$27,"예")),"-") -> 0.81818182 | E32: =IFERROR(COUNTIFS($E$2:$E$27,1,$C$2:$C$27,"아니오")/(COUNTIFS($E$2:$E$27,1,$C$2:$C$27,"아니오")+COUNTIFS($E$2:$E$27,0,$C$2:$C$27,"아니오")),"-") -> 1 | F32: =IFERROR(D32-E32,"-") -> -0.18181818
A33: 메타 진행(꾸미기·건설·스토리·성장) | B33: =COUNTIF($F$2:$F$27,1) -> 17 | C33: =IFERROR(COUNTIF($F$2:$F$27,1)/(COUNTIF($F$2:$F$27,1)+COUNTIF($F$2:$F$27,0)),"-") -> 1 | D33: =IFERROR(COUNTIFS($F$2:$F$27,1,$C$2:$C$27,"예")/(COUNTIFS($F$2:$F$27,1,$C$2:$C$27,"예")+COUNTIFS($F$2:$F$27,0,$C$2:$C$27,"예")),"-") -> 1 | E33: =IFERROR(COUNTIFS($F$2:$F$27,1,$C$2:$C$27,"아니오")/(COUNTIFS($F$2:$F$27,1,$C$2:$C$27,"아니오")+COUNTIFS($F$2:$F$27,0,$C$2:$C$27,"아니오")),"-") -> - | F33: =IFERROR(D33-E33,"-") -> -
A34: 수집 요소 | B34: =COUNTIF($G$2:$G$27,1) -> 11 | C34: =IFERROR(COUNTIF($G$2:$G$27,1)/(COUNTIF($G$2:$G$27,1)+COUNTIF($G$2:$G$27,0)),"-") -> 0.84615385 | D34: =IFERROR(COUNTIFS($G$2:$G$27,1,$C$2:$C$27,"예")/(COUNTIFS($G$2:$G$27,1,$C$2:$C$27,"예")+COUNTIFS($G$2:$G$27,0,$C$2:$C$27,"예")),"-") -> 0.875 | E34: =IFERROR(COUNTIFS($G$2:$G$27,1,$C$2:$C$27,"아니오")/(COUNTIFS($G$2:$G$27,1,$C$2:$C$27,"아니오")+COUNTIFS($G$2:$G$27,0,$C$2:$C$27,"아니오")),"-") -> 0 | F34: =IFERROR(D34-E34,"-") -> 0.875
A35: 친구·동맹·대전(소셜) | B35: =COUNTIF($H$2:$H$27,1) -> 14 | C35: =IFERROR(COUNTIF($H$2:$H$27,1)/(COUNTIF($H$2:$H$27,1)+COUNTIF($H$2:$H$27,0)),"-") -> 0.93333333 | D35: =IFERROR(COUNTIFS($H$2:$H$27,1,$C$2:$C$27,"예")/(COUNTIFS($H$2:$H$27,1,$C$2:$C$27,"예")+COUNTIFS($H$2:$H$27,0,$C$2:$C$27,"예")),"-") -> 1 | E35: =IFERROR(COUNTIFS($H$2:$H$27,1,$C$2:$C$27,"아니오")/(COUNTIFS($H$2:$H$27,1,$C$2:$C$27,"아니오")+COUNTIFS($H$2:$H$27,0,$C$2:$C$27,"아니오")),"-") -> 0 | F35: =IFERROR(D35-E35,"-") -> 1
A36: 유명 IP·콜라보 | B36: =COUNTIF($I$2:$I$27,1) -> 7 | C36: =IFERROR(COUNTIF($I$2:$I$27,1)/(COUNTIF($I$2:$I$27,1)+COUNTIF($I$2:$I$27,0)),"-") -> 0.29166667 | D36: =IFERROR(COUNTIFS($I$2:$I$27,1,$C$2:$C$27,"예")/(COUNTIFS($I$2:$I$27,1,$C$2:$C$27,"예")+COUNTIFS($I$2:$I$27,0,$C$2:$C$27,"예")),"-") -> 0.30769231 | E36: =IFERROR(COUNTIFS($I$2:$I$27,1,$C$2:$C$27,"아니오")/(COUNTIFS($I$2:$I$27,1,$C$2:$C$27,"아니오")+COUNTIFS($I$2:$I$27,0,$C$2:$C$27,"아니오")),"-") -> 0 | F36: =IFERROR(D36-E36,"-") -> 0.30769231
A37: 랜덤 보상(뽑기·슬롯·카드팩) | B37: =COUNTIF($J$2:$J$27,1) -> 9 | C37: =IFERROR(COUNTIF($J$2:$J$27,1)/(COUNTIF($J$2:$J$27,1)+COUNTIF($J$2:$J$27,0)),"-") -> 0.40909091 | D37: =IFERROR(COUNTIFS($J$2:$J$27,1,$C$2:$C$27,"예")/(COUNTIFS($J$2:$J$27,1,$C$2:$C$27,"예")+COUNTIFS($J$2:$J$27,0,$C$2:$C$27,"예")),"-") -> 0.54545455 | E37: =IFERROR(COUNTIFS($J$2:$J$27,1,$C$2:$C$27,"아니오")/(COUNTIFS($J$2:$J$27,1,$C$2:$C$27,"아니오")+COUNTIFS($J$2:$J$27,0,$C$2:$C$27,"아니오")),"-") -> 0 | F37: =IFERROR(D37-E37,"-") -> 0.54545455
A38: 광고 수익 중심 | B38: =COUNTIF($K$2:$K$27,1) -> 5 | C38: =IFERROR(COUNTIF($K$2:$K$27,1)/(COUNTIF($K$2:$K$27,1)+COUNTIF($K$2:$K$27,0)),"-") -> 0.20833333 | D38: =IFERROR(COUNTIFS($K$2:$K$27,1,$C$2:$C$27,"예")/(COUNTIFS($K$2:$K$27,1,$C$2:$C$27,"예")+COUNTIFS($K$2:$K$27,0,$C$2:$C$27,"예")),"-") -> 0.066666667 | E38: =IFERROR(COUNTIFS($K$2:$K$27,1,$C$2:$C$27,"아니오")/(COUNTIFS($K$2:$K$27,1,$C$2:$C$27,"아니오")+COUNTIFS($K$2:$K$27,0,$C$2:$C$27,"아니오")),"-") -> 1 | F38: =IFERROR(D38-E38,"-") -> -0.93333333
A39: 인앱결제 중심 | B39: =COUNTIF($L$2:$L$27,1) -> 19 | C39: =IFERROR(COUNTIF($L$2:$L$27,1)/(COUNTIF($L$2:$L$27,1)+COUNTIF($L$2:$L$27,0)),"-") -> 0.82608696 | D39: =IFERROR(COUNTIFS($L$2:$L$27,1,$C$2:$C$27,"예")/(COUNTIFS($L$2:$L$27,1,$C$2:$C$27,"예")+COUNTIFS($L$2:$L$27,0,$C$2:$C$27,"예")),"-") -> 1 | E39: =IFERROR(COUNTIFS($L$2:$L$27,1,$C$2:$C$27,"아니오")/(COUNTIFS($L$2:$L$27,1,$C$2:$C$27,"아니오")+COUNTIFS($L$2:$L$27,0,$C$2:$C$27,"아니오")),"-") -> 0 | F39: =IFERROR(D39-E39,"-") -> 1
A40: 라이브 이벤트·시즌 | B40: =COUNTIF($M$2:$M$27,1) -> 12 | C40: =IFERROR(COUNTIF($M$2:$M$27,1)/(COUNTIF($M$2:$M$27,1)+COUNTIF($M$2:$M$27,0)),"-") -> 1 | D40: =IFERROR(COUNTIFS($M$2:$M$27,1,$C$2:$C$27,"예")/(COUNTIFS($M$2:$M$27,1,$C$2:$C$27,"예")+COUNTIFS($M$2:$M$27,0,$C$2:$C$27,"예")),"-") -> 1 | E40: =IFERROR(COUNTIFS($M$2:$M$27,1,$C$2:$C$27,"아니오")/(COUNTIFS($M$2:$M$27,1,$C$2:$C$27,"아니오")+COUNTIFS($M$2:$M$27,0,$C$2:$C$27,"아니오")),"-") -> - | F40: =IFERROR(D40-E40,"-") -> -
A42: 장르 그룹별 '예' 개수 (자동 계산)
A43: 장르 그룹 | B43: 게임 수 | C43: 한 손가락 단순 조작 | D43: 짧은 한 판(몇 분) | E43: 메타 진행(꾸미기·건설·스토리·성장) | F43: 수집 요소 | G43: 친구·동맹·대전(소셜) | H43: 유명 IP·콜라보 | I43: 랜덤 보상(뽑기·슬롯·카드팩) | J43: 광고 수익 중심 | K43: 인앱결제 중심 | L43: 라이브 이벤트·시즌
A44: 1. 글로벌 퍼즐 | B44: =COUNTIF($A$2:$A$27,A44) -> 7 | C44: =COUNTIFS($A$2:$A$27,$A44,$D$2:$D$27,1) -> 7 | D44: =COUNTIFS($A$2:$A$27,$A44,$E$2:$E$27,1) -> 7 | E44: =COUNTIFS($A$2:$A$27,$A44,$F$2:$F$27,1) -> 0 | F44: =COUNTIFS($A$2:$A$27,$A44,$G$2:$G$27,1) -> 0 | G44: =COUNTIFS($A$2:$A$27,$A44,$H$2:$H$27,1) -> 0 | H44: =COUNTIFS($A$2:$A$27,$A44,$I$2:$I$27,1) -> 0 | I44: =COUNTIFS($A$2:$A$27,$A44,$J$2:$J$27,1) -> 0 | J44: =COUNTIFS($A$2:$A$27,$A44,$K$2:$K$27,1) -> 5 | K44: =COUNTIFS($A$2:$A$27,$A44,$L$2:$L$27,1) -> 1 | L44: =COUNTIFS($A$2:$A$27,$A44,$M$2:$M$27,1) -> 0
A45: 2. 퍼즐 + 메타 | B45: =COUNTIF($A$2:$A$27,A45) -> 4 | C45: =COUNTIFS($A$2:$A$27,$A45,$D$2:$D$27,1) -> 4 | D45: =COUNTIFS($A$2:$A$27,$A45,$E$2:$E$27,1) -> 4 | E45: =COUNTIFS($A$2:$A$27,$A45,$F$2:$F$27,1) -> 4 | F45: =COUNTIFS($A$2:$A$27,$A45,$G$2:$G$27,1) -> 0 | G45: =COUNTIFS($A$2:$A$27,$A45,$H$2:$H$27,1) -> 2 | H45: =COUNTIFS($A$2:$A$27,$A45,$I$2:$I$27,1) -> 0 | I45: =COUNTIFS($A$2:$A$27,$A45,$J$2:$J$27,1) -> 0 | J45: =COUNTIFS($A$2:$A$27,$A45,$K$2:$K$27,1) -> 0 | K45: =COUNTIFS($A$2:$A$27,$A45,$L$2:$L$27,1) -> 4 | L45: =COUNTIFS($A$2:$A$27,$A45,$M$2:$M$27,1) -> 2
A46: 3. 소셜 캐주얼 | B46: =COUNTIF($A$2:$A$27,A46) -> 3 | C46: =COUNTIFS($A$2:$A$27,$A46,$D$2:$D$27,1) -> 3 | D46: =COUNTIFS($A$2:$A$27,$A46,$E$2:$E$27,1) -> 3 | E46: =COUNTIFS($A$2:$A$27,$A46,$F$2:$F$27,1) -> 3 | F46: =COUNTIFS($A$2:$A$27,$A46,$G$2:$G$27,1) -> 2 | G46: =COUNTIFS($A$2:$A$27,$A46,$H$2:$H$27,1) -> 3 | H46: =COUNTIFS($A$2:$A$27,$A46,$I$2:$I$27,1) -> 1 | I46: =COUNTIFS($A$2:$A$27,$A46,$J$2:$J$27,1) -> 3 | J46: =COUNTIFS($A$2:$A$27,$A46,$K$2:$K$27,1) -> 0 | K46: =COUNTIFS($A$2:$A$27,$A46,$L$2:$L$27,1) -> 3 | L46: =COUNTIFS($A$2:$A$27,$A46,$M$2:$M$27,1) -> 3
A47: 4. 전략(4X 등) | B47: =COUNTIF($A$2:$A$27,A47) -> 3 | C47: =COUNTIFS($A$2:$A$27,$A47,$D$2:$D$27,1) -> 0 | D47: =COUNTIFS($A$2:$A$27,$A47,$E$2:$E$27,1) -> 1 | E47: =COUNTIFS($A$2:$A$27,$A47,$F$2:$F$27,1) -> 3 | F47: =COUNTIFS($A$2:$A$27,$A47,$G$2:$G$27,1) -> 3 | G47: =COUNTIFS($A$2:$A$27,$A47,$H$2:$H$27,1) -> 3 | H47: =COUNTIFS($A$2:$A$27,$A47,$I$2:$I$27,1) -> 0 | I47: =COUNTIFS($A$2:$A$27,$A47,$J$2:$J$27,1) -> 2 | J47: =COUNTIFS($A$2:$A$27,$A47,$K$2:$K$27,1) -> 0 | K47: =COUNTIFS($A$2:$A$27,$A47,$L$2:$L$27,1) -> 3 | L47: =COUNTIFS($A$2:$A$27,$A47,$M$2:$M$27,1) -> 2
A48: 5. 액션·슈팅 | B48: =COUNTIF($A$2:$A$27,A48) -> 3 | C48: =COUNTIFS($A$2:$A$27,$A48,$D$2:$D$27,1) -> 0 | D48: =COUNTIFS($A$2:$A$27,$A48,$E$2:$E$27,1) -> 2 | E48: =COUNTIFS($A$2:$A$27,$A48,$F$2:$F$27,1) -> 3 | F48: =COUNTIFS($A$2:$A$27,$A48,$G$2:$G$27,1) -> 3 | G48: =COUNTIFS($A$2:$A$27,$A48,$H$2:$H$27,1) -> 3 | H48: =COUNTIFS($A$2:$A$27,$A48,$I$2:$I$27,1) -> 2 | I48: =COUNTIFS($A$2:$A$27,$A48,$J$2:$J$27,1) -> 0 | J48: =COUNTIFS($A$2:$A$27,$A48,$K$2:$K$27,1) -> 0 | K48: =COUNTIFS($A$2:$A$27,$A48,$L$2:$L$27,1) -> 3 | L48: =COUNTIFS($A$2:$A$27,$A48,$M$2:$M$27,1) -> 3
A49: 6. 캐릭터 IP | B49: =COUNTIF($A$2:$A$27,A49) -> 3 | C49: =COUNTIFS($A$2:$A$27,$A49,$D$2:$D$27,1) -> 2 | D49: =COUNTIFS($A$2:$A$27,$A49,$E$2:$E$27,1) -> 2 | E49: =COUNTIFS($A$2:$A$27,$A49,$F$2:$F$27,1) -> 1 | F49: =COUNTIFS($A$2:$A$27,$A49,$G$2:$G$27,1) -> 2 | G49: =COUNTIFS($A$2:$A$27,$A49,$H$2:$H$27,1) -> 2 | H49: =COUNTIFS($A$2:$A$27,$A49,$I$2:$I$27,1) -> 3 | I49: =COUNTIFS($A$2:$A$27,$A49,$J$2:$J$27,1) -> 1 | J49: =COUNTIFS($A$2:$A$27,$A49,$K$2:$K$27,1) -> 0 | K49: =COUNTIFS($A$2:$A$27,$A49,$L$2:$L$27,1) -> 2 | L49: =COUNTIFS($A$2:$A$27,$A49,$M$2:$M$27,1) -> 1
A50: 7. 한국식 RPG | B50: =COUNTIF($A$2:$A$27,A50) -> 3 | C50: =COUNTIFS($A$2:$A$27,$A50,$D$2:$D$27,1) -> 1 | D50: =COUNTIFS($A$2:$A$27,$A50,$E$2:$E$27,1) -> 0 | E50: =COUNTIFS($A$2:$A$27,$A50,$F$2:$F$27,1) -> 3 | F50: =COUNTIFS($A$2:$A$27,$A50,$G$2:$G$27,1) -> 1 | G50: =COUNTIFS($A$2:$A$27,$A50,$H$2:$H$27,1) -> 1 | H50: =COUNTIFS($A$2:$A$27,$A50,$I$2:$I$27,1) -> 1 | I50: =COUNTIFS($A$2:$A$27,$A50,$J$2:$J$27,1) -> 3 | J50: =COUNTIFS($A$2:$A$27,$A50,$K$2:$K$27,1) -> 0 | K50: =COUNTIFS($A$2:$A$27,$A50,$L$2:$L$27,1) -> 3 | L50: =COUNTIFS($A$2:$A$27,$A50,$M$2:$M$27,1) -> 1
A52: 1=해당, 0=해당 안 함, ?=확인 안 됨(회색). 분류는 공개된 게임 방식과 이번 차트 조사에 근거한 분석자 판단이며, '?'는 계산에서 제외됩니다.
A53: '매출 Top100 진입'은 이번에 조사한 구글 플레이 매출 순위(미국·브라질·일본·한국)에서 확인된 경우만 '예'입니다. 조사 범위 밖이면 '미확인'.
A54: 게임 수가 적어(매출 진입 15개, 미진입 4개, 미확인 7개) 비율은 경향을 보는 참고용이며 통계적 결론이 아닙니다.

Sheet 1-7 성공 공식 TOP5
A1: 순위 | B1: 성공 공식 | C1: 쉽게 말하면 | D1: 근거
A2: 1 | B2: 3초 안에 이해되는 규칙 | C2: 설명서 없이 보자마자 할 수 있어야 해요 | D2: 6개국 무료 Top 10에 공통으로 오른 Block Blast·Meowdoku·Bus Fever Party·Rotate Rings 모두 한 손가락·한 규칙 게임
A3: 2 | B3: '많이 받는 게임'과 '돈 버는 게임'은 다르다 | C3: 인기 1등이 꼭 부자는 아니에요 | D3: 무료 상위 퍼즐 5개 중 매출 Top 100은 Magic Sort(미국 56위) 1개뿐. 반대로 Whiteout은 무료 순위가 낮아도 4개국 매출 Top 25
A4: 3 | B4: 퍼즐 + 꾸미기/이야기 = 돈 | C4: 퍼즐만 있으면 심심, 내 성·드라마가 있으면 계속 와요 | D4: Royal Match(성 꾸미기)·Gossip Harbor(스토리)가 퍼즐 장르로 4개국 매출 모두 Top 25
A5: 4 | B5: 같이 하면 오래 간다 | C5: 친구·동맹과 함께하면 그만두기 어려워요 | D5: MONOPOLY GO!(친구 이벤트) 미국 매출 1위, Whiteout(동맹) 한국 매출 6위, Free Fire(스쿼드) 브라질 매출 1위
A6: 5 | B6: 현지 사람이 아는 얼굴(IP)을 빌린다 | C6: 유명한 캐릭터가 나오면 처음부터 믿고 받아요 | D6: Free Fire x NARUTO, MONOPOLY, 치이카와(일본 무료 20위), Disney Solitaire
A8: 가장 작게 시작할 수 있는 MVP 순위
A10: 순위 | B10: 게임 | C10: MVP 규모 | D10: 이유
A11: 1 | B11: Block Blast! | C11: S | D11: 판 하나·규칙 하나, 레벨 제작도 필요 없음
A12: 2 | B12: Rotate Rings | C12: S | D12: 조작 하나 + 레벨 데이터
A13: 3 | B13: Bus Fever Party! | C13: S | D13: 색 매칭 규칙 + 레벨
A14: 4 | B14: Meowdoku | C14: S | D14: 논리 퍼즐 엔진 + 레벨 생성기
A15: 5 | B15: Magic Sort! | C15: S | D15: 검증된 규칙, 연출 품질이 관건
A16: 6 | B16: Royal Match | C16: M | D16: 매치3 엔진 + 꾸미기 메타
A17: 7 | B17: 후더덕 서바이벌 | C17: M | D17: 방치 루프 + 뽑기, 밸런스 작업 많음
A18: 8 | B18: Gossip Harbor | C18: L | D18: 스토리·아트 콘텐츠 양이 많음
A19: 9 | B19: MONOPOLY GO! | C19: L | D19: IP + 실시간 이벤트
A20: 10 | B20: 치이카와 포켓 | C20: L | D20: IP 라이선스 필수
A21: 11 | B21: Whiteout Survival | C21: XL | D21: 서버·라이브 운영·마케팅 비용
A22: 12 | B22: Free Fire | C22: XL | D22: 실시간 멀티플레이 서버

Sheet 2-1 MVP 명세
A1: 게임 | B1: 꼭 필요 (Must) | C1: 있으면 좋음 (Should) | D1: 나중에 (Later) | E1: MVP 규모 | F1: 예상 인원·기간(추정) | G1: 출시 전후 확인할 숫자(검증 지표) | H1: 만들 때 가장 어려운 점
A2: Meowdoku | B2: 논리 퍼즐 규칙 엔진 + 정답 검증기, 고양이 아트 세트, 레벨 100개+, 힌트·되돌리기 | C2: 보상형 광고·전면 광고, 일일 퍼즐 | D2: 고양이 도감 수집, 시즌 이벤트 | E2: S | F2: 2~4명 / 2~3개월 | G2: D1·D7 리텐션, 레벨 이탈 구간, 광고 시청 수 | H2: 풀 수 있으면서 너무 쉽지 않은 레벨 대량 생성
A3: Rotate Rings | B3: 고리 회전 조작 + 색 정렬 판정, 레벨 100개+, 손맛 연출(사운드·진동) | C3: 광고, 힌트 아이템 | D3: 테마 스킨, 이벤트 레벨 | E3: S | F3: 2~4명 / 2~3개월 | G3: D1 리텐션, 첫 10레벨 완료율, 광고 시청 수 | H3: 조작감(회전·스냅)의 기분 좋은 손맛
A4: Block Blast! | B4: 8×8 판 + 블록 생성 규칙, 줄 지우기·콤보, 최고 점수 | C4: 광고(이어하기 보상 등) | D4: 모드 추가(레벨형), 테마 | E4: S | F4: 2~3명 / 1~2개월 | G4: 세션당 판 수, D1·D30 리텐션, 광고 수익/유저 | H4: 블록이 '공정하게' 나오는 생성 규칙
A5: Magic Sort! | B5: 병·액체 정렬 규칙, 레벨 150개+, 액체 연출 | C5: 광고 + 소액 인앱(힌트·빈 병) | D5: 시즌 이벤트, 꾸미기 메타 | E5: S | F5: 3~4명 / 2~3개월 | G5: 레벨 이탈 구간, 광고·결제 비율 | H5: 레벨 난이도 곡선 설계
A6: Bus Fever Party! | B6: 버스·승객 색 매칭 규칙, 주차 공간 제한, 레벨 100개+ | C6: 광고, 부스터(대기열 늘리기 등) | D6: 이벤트·수집 | E6: S | F6: 2~4명 / 2~3개월 | G6: D1 리텐션, 레벨당 실패율 | H6: 막히는 순간과 풀리는 순간의 균형
A7: Royal Match | B7: 매치3 엔진, 장애물 5~8종, 레벨 100개+, 성 꾸미기 1구역 | C7: 코인 상점·부스터, 목숨 시스템 | D7: 팀(길드), 경쟁 이벤트, 시즌 패스 | E7: M | F7: 5~10명 / 4~8개월 | G7: D1·D7 리텐션, 레벨당 시도 횟수, 첫 결제 전환율 | H7: 매치3 '손맛'과 연출 품질 (이미 강자 다수)
A8: Gossip Harbor | B8: 머지 보드 + 아이템 체인, 주문 시스템, 스토리 1~2장, 에너지 | C8: 에너지·아이템 상점, 스토리 연출 강화 | D8: 시즌 이벤트, 새 지역·장 추가 | E8: L | F8: 10~20명 / 8~12개월 | G8: D7·D30 리텐션, 스토리 장 완료율, 결제 전환율 | H8: 스토리·아트 콘텐츠를 계속 만들어야 하는 제작량
A9: MONOPOLY GO! | B9: 주사위 보드 루프, 도시 짓기, 친구 연동(최소) | C9: 이벤트·스티커 앨범, 주사위 상점 | D9: 파트너 이벤트, 앨범 교환, 대형 IP 계약 | E9: L | F9: 15~25명 / 10~15개월 (IP 제외) | G9: D1·D30 리텐션, 친구 초대율, 이벤트 참여율, ARPDAU | H9: IP 없이는 같은 효과를 내기 어려움 + 실시간 이벤트 운영
A10: Whiteout Survival | B10: 도시 건설·자원 루프, 영웅 1차 세트, 서버·동맹 기본 기능 | C10: 영웅 뽑기·가속 상점, 일일 퀘스트 | D10: 동맹 전쟁, 시즌 서버, 대형 이벤트 | E10: XL | F10: 30명 이상 / 1.5년 이상 | G10: D30·D90 리텐션, 상위 결제자 비중, 동맹 가입률 | H10: 서버·밸런스·라이브 운영 + 매우 큰 마케팅 비용
A11: Free Fire | B11: 실시간 멀티플레이 서버, 매칭, 맵 1개, 무기·캐릭터 기본 세트, 저사양 최적화 | C11: 랭크, 스킨 상점 | D11: 콜라보, e스포츠, 신규 모드 | E11: XL | F11: 40명 이상 / 2년 이상 | G11: 동시 접속자, 매칭 대기시간, D7 리텐션 | H11: 실시간 서버 + 핵·부정행위 대응 + 저사양 최적화
A12: 치이카와 포켓 | B12: IP 라이선스 확보, 원작 그림체 캐릭터, 미니게임·수집 루프(추정) | C12: 꾸미기 아이템 상점 | D12: IP 이벤트, 굿즈 연동 | E12: L | F12: 10~20명 / 8~12개월 + IP 계약 | G12: 팬 유입 대비 D7 리텐션, 결제 전환율 | H12: IP 확보 비용과 원작사 승인 절차
A13: 후더덕 서바이벌 | B13: 방치 성장 루프, 자동 전투, 뽑기·장비 시스템, 초반 대량 뽑기 지급(추정) | C13: 성장 패키지 상점, 출석 보상 | D13: 길드·랭킹, 시즌 콘텐츠 | E13: M | F13: 5~10명 / 4~8개월 | G13: D1·D7 리텐션, 첫 결제 전환율, 결제자당 매출 | H13: 뽑기 확률·성장 밸런스와 확률 공시 등 규제 대응
A15: 인원·기간은 분석자 추정입니다. 검증 지표의 목표 수치는 출처가 확인된 값만 '2-2 MVP 검증 목표' 시트에 정리했습니다(장르별 리텐션은 공식 숫자 자료가 없어, 2025 보고서 이미지 차트를 읽은 '판독값'을 '4-3 장르 판독 요약(참조)' 시트에 따로 정리).

Sheet 2-2 MVP 검증 목표
D1: D1 리텐션 | G1: D7 리텐션 | J1: D30 리텐션 | M1: 수익 참고 (AppsFlyer, D90, 글로벌)
A2: 게임 | B2: 주 타깃 지역 | C2: 수익 장르 분류 | D2: 합격선: 전체 상위 25% | E2: 목표: 타깃 지역 상위 10% | F2: 지역 중앙값 | G2: 합격선: 전체 상위 25% | H2: 목표: 타깃 지역 상위 10% | I2: 지역 중앙값 | J2: 합격선: 전체 상위 25% | K2: 목표: 타깃 지역 상위 10% | L2: 지역 중앙값 | M2: IAP ARPU | N2: 광고 ARPU | O2: IAP ARPPU | P2: 장르별 리텐션
A3: Meowdoku | B3: 북미 | C3: 캐주얼 | D3: 30% 약간 상회 | E3: =SUMIFS('4-1 지역 벤치마크(참조)'!$D$2:$D$28,'4-1 지역 벤치마크(참조)'!$A$2:$A$28,$B3,'4-1 지역 벤치마크(참조)'!$B$2:$B$28,"D1 리텐션") -> 0.369 | F3: =SUMIFS('4-1 지역 벤치마크(참조)'!$C$2:$C$28,'4-1 지역 벤치마크(참조)'!$A$2:$A$28,$B3,'4-1 지역 벤치마크(참조)'!$B$2:$B$28,"D1 리텐션") -> 0.2328 | G3: 6~7% | H3: =SUMIFS('4-1 지역 벤치마크(참조)'!$D$2:$D$28,'4-1 지역 벤치마크(참조)'!$A$2:$A$28,$B3,'4-1 지역 벤치마크(참조)'!$B$2:$B$28,"D7 리텐션") -> 0.1258 | I3: =SUMIFS('4-1 지역 벤치마크(참조)'!$C$2:$C$28,'4-1 지역 벤치마크(참조)'!$A$2:$A$28,$B3,'4-1 지역 벤치마크(참조)'!$B$2:$B$28,"D7 리텐션") -> 0.0497 | J3: 1.6~1.8% | K3: =SUMIFS('4-1 지역 벤치마크(참조)'!$D$2:$D$28,'4-1 지역 벤치마크(참조)'!$A$2:$A$28,$B3,'4-1 지역 벤치마크(참조)'!$B$2:$B$28,"D30 리텐션") -> 0.0478 | L3: =SUMIFS('4-1 지역 벤치마크(참조)'!$C$2:$C$28,'4-1 지역 벤치마크(참조)'!$A$2:$A$28,$B3,'4-1 지역 벤치마크(참조)'!$B$2:$B$28,"D30 리텐션") -> 0.0118 | M3: 1.34 | N3: 0.55 | O3: 7.26 | P3: 미공개
A4: Rotate Rings | B4: 북미 | C4: 캐주얼 | D4: 30% 약간 상회 | E4: =SUMIFS('4-1 지역 벤치마크(참조)'!$D$2:$D$28,'4-1 지역 벤치마크(참조)'!$A$2:$A$28,$B4,'4-1 지역 벤치마크(참조)'!$B$2:$B$28,"D1 리텐션") -> 0.369 | F4: =SUMIFS('4-1 지역 벤치마크(참조)'!$C$2:$C$28,'4-1 지역 벤치마크(참조)'!$A$2:$A$28,$B4,'4-1 지역 벤치마크(참조)'!$B$2:$B$28,"D1 리텐션") -> 0.2328 | G4: 6~7% | H4: =SUMIFS('4-1 지역 벤치마크(참조)'!$D$2:$D$28,'4-1 지역 벤치마크(참조)'!$A$2:$A$28,$B4,'4-1 지역 벤치마크(참조)'!$B$2:$B$28,"D7 리텐션") -> 0.1258 | I4: =SUMIFS('4-1 지역 벤치마크(참조)'!$C$2:$C$28,'4-1 지역 벤치마크(참조)'!$A$2:$A$28,$B4,'4-1 지역 벤치마크(참조)'!$B$2:$B$28,"D7 리텐션") -> 0.0497 | J4: 1.6~1.8% | K4: =SUMIFS('4-1 지역 벤치마크(참조)'!$D$2:$D$28,'4-1 지역 벤치마크(참조)'!$A$2:$A$28,$B4,'4-1 지역 벤치마크(참조)'!$B$2:$B$28,"D30 리텐션") -> 0.0478 | L4: =SUMIFS('4-1 지역 벤치마크(참조)'!$C$2:$C$28,'4-1 지역 벤치마크(참조)'!$A$2:$A$28,$B4,'4-1 지역 벤치마크(참조)'!$B$2:$B$28,"D30 리텐션") -> 0.0118 | M4: 1.34 | N4: 0.55 | O4: 7.26 | P4: 미공개
A5: Block Blast! | B5: 북미 | C5: 캐주얼 | D5: 30% 약간 상회 | E5: =SUMIFS('4-1 지역 벤치마크(참조)'!$D$2:$D$28,'4-1 지역 벤치마크(참조)'!$A$2:$A$28,$B5,'4-1 지역 벤치마크(참조)'!$B$2:$B$28,"D1 리텐션") -> 0.369 | F5: =SUMIFS('4-1 지역 벤치마크(참조)'!$C$2:$C$28,'4-1 지역 벤치마크(참조)'!$A$2:$A$28,$B5,'4-1 지역 벤치마크(참조)'!$B$2:$B$28,"D1 리텐션") -> 0.2328 | G5: 6~7% | H5: =SUMIFS('4-1 지역 벤치마크(참조)'!$D$2:$D$28,'4-1 지역 벤치마크(참조)'!$A$2:$A$28,$B5,'4-1 지역 벤치마크(참조)'!$B$2:$B$28,"D7 리텐션") -> 0.1258 | I5: =SUMIFS('4-1 지역 벤치마크(참조)'!$C$2:$C$28,'4-1 지역 벤치마크(참조)'!$A$2:$A$28,$B5,'4-1 지역 벤치마크(참조)'!$B$2:$B$28,"D7 리텐션") -> 0.0497 | J5: 1.6~1.8% | K5: =SUMIFS('4-1 지역 벤치마크(참조)'!$D$2:$D$28,'4-1 지역 벤치마크(참조)'!$A$2:$A$28,$B5,'4-1 지역 벤치마크(참조)'!$B$2:$B$28,"D30 리텐션") -> 0.0478 | L5: =SUMIFS('4-1 지역 벤치마크(참조)'!$C$2:$C$28,'4-1 지역 벤치마크(참조)'!$A$2:$A$28,$B5,'4-1 지역 벤치마크(참조)'!$B$2:$B$28,"D30 리텐션") -> 0.0118 | M5: 1.34 | N5: 0.55 | O5: 7.26 | P5: 미공개
A6: Magic Sort! | B6: 북미 | C6: 캐주얼 | D6: 30% 약간 상회 | E6: =SUMIFS('4-1 지역 벤치마크(참조)'!$D$2:$D$28,'4-1 지역 벤치마크(참조)'!$A$2:$A$28,$B6,'4-1 지역 벤치마크(참조)'!$B$2:$B$28,"D1 리텐션") -> 0.369 | F6: =SUMIFS('4-1 지역 벤치마크(참조)'!$C$2:$C$28,'4-1 지역 벤치마크(참조)'!$A$2:$A$28,$B6,'4-1 지역 벤치마크(참조)'!$B$2:$B$28,"D1 리텐션") -> 0.2328 | G6: 6~7% | H6: =SUMIFS('4-1 지역 벤치마크(참조)'!$D$2:$D$28,'4-1 지역 벤치마크(참조)'!$A$2:$A$28,$B6,'4-1 지역 벤치마크(참조)'!$B$2:$B$28,"D7 리텐션") -> 0.1258 | I6: =SUMIFS('4-1 지역 벤치마크(참조)'!$C$2:$C$28,'4-1 지역 벤치마크(참조)'!$A$2:$A$28,$B6,'4-1 지역 벤치마크(참조)'!$B$2:$B$28,"D7 리텐션") -> 0.0497 | J6: 1.6~1.8% | K6: =SUMIFS('4-1 지역 벤치마크(참조)'!$D$2:$D$28,'4-1 지역 벤치마크(참조)'!$A$2:$A$28,$B6,'4-1 지역 벤치마크(참조)'!$B$2:$B$28,"D30 리텐션") -> 0.0478 | L6: =SUMIFS('4-1 지역 벤치마크(참조)'!$C$2:$C$28,'4-1 지역 벤치마크(참조)'!$A$2:$A$28,$B6,'4-1 지역 벤치마크(참조)'!$B$2:$B$28,"D30 리텐션") -> 0.0118 | M6: 1.34 | N6: 0.55 | O6: 7.26 | P6: 미공개
A7: Bus Fever Party! | B7: 북미 | C7: 캐주얼 | D7: 30% 약간 상회 | E7: =SUMIFS('4-1 지역 벤치마크(참조)'!$D$2:$D$28,'4-1 지역 벤치마크(참조)'!$A$2:$A$28,$B7,'4-1 지역 벤치마크(참조)'!$B$2:$B$28,"D1 리텐션") -> 0.369 | F7: =SUMIFS('4-1 지역 벤치마크(참조)'!$C$2:$C$28,'4-1 지역 벤치마크(참조)'!$A$2:$A$28,$B7,'4-1 지역 벤치마크(참조)'!$B$2:$B$28,"D1 리텐션") -> 0.2328 | G7: 6~7% | H7: =SUMIFS('4-1 지역 벤치마크(참조)'!$D$2:$D$28,'4-1 지역 벤치마크(참조)'!$A$2:$A$28,$B7,'4-1 지역 벤치마크(참조)'!$B$2:$B$28,"D7 리텐션") -> 0.1258 | I7: =SUMIFS('4-1 지역 벤치마크(참조)'!$C$2:$C$28,'4-1 지역 벤치마크(참조)'!$A$2:$A$28,$B7,'4-1 지역 벤치마크(참조)'!$B$2:$B$28,"D7 리텐션") -> 0.0497 | J7: 1.6~1.8% | K7: =SUMIFS('4-1 지역 벤치마크(참조)'!$D$2:$D$28,'4-1 지역 벤치마크(참조)'!$A$2:$A$28,$B7,'4-1 지역 벤치마크(참조)'!$B$2:$B$28,"D30 리텐션") -> 0.0478 | L7: =SUMIFS('4-1 지역 벤치마크(참조)'!$C$2:$C$28,'4-1 지역 벤치마크(참조)'!$A$2:$A$28,$B7,'4-1 지역 벤치마크(참조)'!$B$2:$B$28,"D30 리텐션") -> 0.0118 | M7: 1.34 | N7: 0.55 | O7: 7.26 | P7: 미공개
A8: Royal Match | B8: 북미 | C8: 캐주얼 | D8: 30% 약간 상회 | E8: =SUMIFS('4-1 지역 벤치마크(참조)'!$D$2:$D$28,'4-1 지역 벤치마크(참조)'!$A$2:$A$28,$B8,'4-1 지역 벤치마크(참조)'!$B$2:$B$28,"D1 리텐션") -> 0.369 | F8: =SUMIFS('4-1 지역 벤치마크(참조)'!$C$2:$C$28,'4-1 지역 벤치마크(참조)'!$A$2:$A$28,$B8,'4-1 지역 벤치마크(참조)'!$B$2:$B$28,"D1 리텐션") -> 0.2328 | G8: 6~7% | H8: =SUMIFS('4-1 지역 벤치마크(참조)'!$D$2:$D$28,'4-1 지역 벤치마크(참조)'!$A$2:$A$28,$B8,'4-1 지역 벤치마크(참조)'!$B$2:$B$28,"D7 리텐션") -> 0.1258 | I8: =SUMIFS('4-1 지역 벤치마크(참조)'!$C$2:$C$28,'4-1 지역 벤치마크(참조)'!$A$2:$A$28,$B8,'4-1 지역 벤치마크(참조)'!$B$2:$B$28,"D7 리텐션") -> 0.0497 | J8: 1.6~1.8% | K8: =SUMIFS('4-1 지역 벤치마크(참조)'!$D$2:$D$28,'4-1 지역 벤치마크(참조)'!$A$2:$A$28,$B8,'4-1 지역 벤치마크(참조)'!$B$2:$B$28,"D30 리텐션") -> 0.0478 | L8: =SUMIFS('4-1 지역 벤치마크(참조)'!$C$2:$C$28,'4-1 지역 벤치마크(참조)'!$A$2:$A$28,$B8,'4-1 지역 벤치마크(참조)'!$B$2:$B$28,"D30 리텐션") -> 0.0118 | M8: 1.34 | N8: 0.55 | O8: 7.26 | P8: 미공개
A9: Gossip Harbor | B9: 북미 | C9: 캐주얼 | D9: 30% 약간 상회 | E9: =SUMIFS('4-1 지역 벤치마크(참조)'!$D$2:$D$28,'4-1 지역 벤치마크(참조)'!$A$2:$A$28,$B9,'4-1 지역 벤치마크(참조)'!$B$2:$B$28,"D1 리텐션") -> 0.369 | F9: =SUMIFS('4-1 지역 벤치마크(참조)'!$C$2:$C$28,'4-1 지역 벤치마크(참조)'!$A$2:$A$28,$B9,'4-1 지역 벤치마크(참조)'!$B$2:$B$28,"D1 리텐션") -> 0.2328 | G9: 6~7% | H9: =SUMIFS('4-1 지역 벤치마크(참조)'!$D$2:$D$28,'4-1 지역 벤치마크(참조)'!$A$2:$A$28,$B9,'4-1 지역 벤치마크(참조)'!$B$2:$B$28,"D7 리텐션") -> 0.1258 | I9: =SUMIFS('4-1 지역 벤치마크(참조)'!$C$2:$C$28,'4-1 지역 벤치마크(참조)'!$A$2:$A$28,$B9,'4-1 지역 벤치마크(참조)'!$B$2:$B$28,"D7 리텐션") -> 0.0497 | J9: 1.6~1.8% | K9: =SUMIFS('4-1 지역 벤치마크(참조)'!$D$2:$D$28,'4-1 지역 벤치마크(참조)'!$A$2:$A$28,$B9,'4-1 지역 벤치마크(참조)'!$B$2:$B$28,"D30 리텐션") -> 0.0478 | L9: =SUMIFS('4-1 지역 벤치마크(참조)'!$C$2:$C$28,'4-1 지역 벤치마크(참조)'!$A$2:$A$28,$B9,'4-1 지역 벤치마크(참조)'!$B$2:$B$28,"D30 리텐션") -> 0.0118 | M9: 1.34 | N9: 0.55 | O9: 7.26 | P9: 미공개
A10: MONOPOLY GO! | B10: 북미 | C10: 캐주얼 | D10: 30% 약간 상회 | E10: =SUMIFS('4-1 지역 벤치마크(참조)'!$D$2:$D$28,'4-1 지역 벤치마크(참조)'!$A$2:$A$28,$B10,'4-1 지역 벤치마크(참조)'!$B$2:$B$28,"D1 리텐션") -> 0.369 | F10: =SUMIFS('4-1 지역 벤치마크(참조)'!$C$2:$C$28,'4-1 지역 벤치마크(참조)'!$A$2:$A$28,$B10,'4-1 지역 벤치마크(참조)'!$B$2:$B$28,"D1 리텐션") -> 0.2328 | G10: 6~7% | H10: =SUMIFS('4-1 지역 벤치마크(참조)'!$D$2:$D$28,'4-1 지역 벤치마크(참조)'!$A$2:$A$28,$B10,'4-1 지역 벤치마크(참조)'!$B$2:$B$28,"D7 리텐션") -> 0.1258 | I10: =SUMIFS('4-1 지역 벤치마크(참조)'!$C$2:$C$28,'4-1 지역 벤치마크(참조)'!$A$2:$A$28,$B10,'4-1 지역 벤치마크(참조)'!$B$2:$B$28,"D7 리텐션") -> 0.0497 | J10: 1.6~1.8% | K10: =SUMIFS('4-1 지역 벤치마크(참조)'!$D$2:$D$28,'4-1 지역 벤치마크(참조)'!$A$2:$A$28,$B10,'4-1 지역 벤치마크(참조)'!$B$2:$B$28,"D30 리텐션") -> 0.0478 | L10: =SUMIFS('4-1 지역 벤치마크(참조)'!$C$2:$C$28,'4-1 지역 벤치마크(참조)'!$A$2:$A$28,$B10,'4-1 지역 벤치마크(참조)'!$B$2:$B$28,"D30 리텐션") -> 0.0118 | M10: 1.34 | N10: 0.55 | O10: 7.26 | P10: 미공개
A11: Whiteout Survival | B11: 북미 | C11: 미드코어 | D11: 30% 약간 상회 | E11: =SUMIFS('4-1 지역 벤치마크(참조)'!$D$2:$D$28,'4-1 지역 벤치마크(참조)'!$A$2:$A$28,$B11,'4-1 지역 벤치마크(참조)'!$B$2:$B$28,"D1 리텐션") -> 0.369 | F11: =SUMIFS('4-1 지역 벤치마크(참조)'!$C$2:$C$28,'4-1 지역 벤치마크(참조)'!$A$2:$A$28,$B11,'4-1 지역 벤치마크(참조)'!$B$2:$B$28,"D1 리텐션") -> 0.2328 | G11: 6~7% | H11: =SUMIFS('4-1 지역 벤치마크(참조)'!$D$2:$D$28,'4-1 지역 벤치마크(참조)'!$A$2:$A$28,$B11,'4-1 지역 벤치마크(참조)'!$B$2:$B$28,"D7 리텐션") -> 0.1258 | I11: =SUMIFS('4-1 지역 벤치마크(참조)'!$C$2:$C$28,'4-1 지역 벤치마크(참조)'!$A$2:$A$28,$B11,'4-1 지역 벤치마크(참조)'!$B$2:$B$28,"D7 리텐션") -> 0.0497 | J11: 1.6~1.8% | K11: =SUMIFS('4-1 지역 벤치마크(참조)'!$D$2:$D$28,'4-1 지역 벤치마크(참조)'!$A$2:$A$28,$B11,'4-1 지역 벤치마크(참조)'!$B$2:$B$28,"D30 리텐션") -> 0.0478 | L11: =SUMIFS('4-1 지역 벤치마크(참조)'!$C$2:$C$28,'4-1 지역 벤치마크(참조)'!$A$2:$A$28,$B11,'4-1 지역 벤치마크(참조)'!$B$2:$B$28,"D30 리텐션") -> 0.0118 | M11: 2.13 | N11: 0.4 | O11: 9.8 | P11: 미공개
A12: Free Fire | B12: 남미 | C12: 미드코어 | D12: 30% 약간 상회 | E12: =SUMIFS('4-1 지역 벤치마크(참조)'!$D$2:$D$28,'4-1 지역 벤치마크(참조)'!$A$2:$A$28,$B12,'4-1 지역 벤치마크(참조)'!$B$2:$B$28,"D1 리텐션") -> 0.3406 | F12: =SUMIFS('4-1 지역 벤치마크(참조)'!$C$2:$C$28,'4-1 지역 벤치마크(참조)'!$A$2:$A$28,$B12,'4-1 지역 벤치마크(참조)'!$B$2:$B$28,"D1 리텐션") -> 0.2009 | G12: 6~7% | H12: =SUMIFS('4-1 지역 벤치마크(참조)'!$D$2:$D$28,'4-1 지역 벤치마크(참조)'!$A$2:$A$28,$B12,'4-1 지역 벤치마크(참조)'!$B$2:$B$28,"D7 리텐션") -> 0.0914 | I12: =SUMIFS('4-1 지역 벤치마크(참조)'!$C$2:$C$28,'4-1 지역 벤치마크(참조)'!$A$2:$A$28,$B12,'4-1 지역 벤치마크(참조)'!$B$2:$B$28,"D7 리텐션") -> 0.0325 | J12: 1.6~1.8% | K12: =SUMIFS('4-1 지역 벤치마크(참조)'!$D$2:$D$28,'4-1 지역 벤치마크(참조)'!$A$2:$A$28,$B12,'4-1 지역 벤치마크(참조)'!$B$2:$B$28,"D30 리텐션") -> 0.0254 | L12: =SUMIFS('4-1 지역 벤치마크(참조)'!$C$2:$C$28,'4-1 지역 벤치마크(참조)'!$A$2:$A$28,$B12,'4-1 지역 벤치마크(참조)'!$B$2:$B$28,"D30 리텐션") -> 0.0065 | M12: 2.13 | N12: 0.4 | O12: 9.8 | P12: 미공개
A13: 치이카와 포켓 | B13: 아시아 | C13: 미정 (게임 방식 미확인) | D13: 30% 약간 상회 | E13: =SUMIFS('4-1 지역 벤치마크(참조)'!$D$2:$D$28,'4-1 지역 벤치마크(참조)'!$A$2:$A$28,$B13,'4-1 지역 벤치마크(참조)'!$B$2:$B$28,"D1 리텐션") -> 0.3277 | F13: =SUMIFS('4-1 지역 벤치마크(참조)'!$C$2:$C$28,'4-1 지역 벤치마크(참조)'!$A$2:$A$28,$B13,'4-1 지역 벤치마크(참조)'!$B$2:$B$28,"D1 리텐션") -> 0.175 | G13: 6~7% | H13: =SUMIFS('4-1 지역 벤치마크(참조)'!$D$2:$D$28,'4-1 지역 벤치마크(참조)'!$A$2:$A$28,$B13,'4-1 지역 벤치마크(참조)'!$B$2:$B$28,"D7 리텐션") -> 0.0865 | I13: =SUMIFS('4-1 지역 벤치마크(참조)'!$C$2:$C$28,'4-1 지역 벤치마크(참조)'!$A$2:$A$28,$B13,'4-1 지역 벤치마크(참조)'!$B$2:$B$28,"D7 리텐션") -> 0.0268 | J13: 1.6~1.8% | K13: =SUMIFS('4-1 지역 벤치마크(참조)'!$D$2:$D$28,'4-1 지역 벤치마크(참조)'!$A$2:$A$28,$B13,'4-1 지역 벤치마크(참조)'!$B$2:$B$28,"D30 리텐션") -> 0.0259 | L13: =SUMIFS('4-1 지역 벤치마크(참조)'!$C$2:$C$28,'4-1 지역 벤치마크(참조)'!$A$2:$A$28,$B13,'4-1 지역 벤치마크(참조)'!$B$2:$B$28,"D30 리텐션") -> 0.0053 | P13: 미공개
A14: 후더덕 서바이벌 | B14: 아시아 | C14: 미드코어 | D14: 30% 약간 상회 | E14: =SUMIFS('4-1 지역 벤치마크(참조)'!$D$2:$D$28,'4-1 지역 벤치마크(참조)'!$A$2:$A$28,$B14,'4-1 지역 벤치마크(참조)'!$B$2:$B$28,"D1 리텐션") -> 0.3277 | F14: =SUMIFS('4-1 지역 벤치마크(참조)'!$C$2:$C$28,'4-1 지역 벤치마크(참조)'!$A$2:$A$28,$B14,'4-1 지역 벤치마크(참조)'!$B$2:$B$28,"D1 리텐션") -> 0.175 | G14: 6~7% | H14: =SUMIFS('4-1 지역 벤치마크(참조)'!$D$2:$D$28,'4-1 지역 벤치마크(참조)'!$A$2:$A$28,$B14,'4-1 지역 벤치마크(참조)'!$B$2:$B$28,"D7 리텐션") -> 0.0865 | I14: =SUMIFS('4-1 지역 벤치마크(참조)'!$C$2:$C$28,'4-1 지역 벤치마크(참조)'!$A$2:$A$28,$B14,'4-1 지역 벤치마크(참조)'!$B$2:$B$28,"D7 리텐션") -> 0.0268 | J14: 1.6~1.8% | K14: =SUMIFS('4-1 지역 벤치마크(참조)'!$D$2:$D$28,'4-1 지역 벤치마크(참조)'!$A$2:$A$28,$B14,'4-1 지역 벤치마크(참조)'!$B$2:$B$28,"D30 리텐션") -> 0.0259 | L14: =SUMIFS('4-1 지역 벤치마크(참조)'!$C$2:$C$28,'4-1 지역 벤치마크(참조)'!$A$2:$A$28,$B14,'4-1 지역 벤치마크(참조)'!$B$2:$B$28,"D30 리텐션") -> 0.0053 | M14: 2.13 | N14: 0.4 | O14: 9.8 | P14: 미공개
A16: 모든 숫자는 시장조사.xlsx › '4-1 벤치마크 근거' 시트와 이 파일의 '4-1 지역 벤치마크(참조)' 시트의 출처값을 그대로 가져온 것이며, 새로 만든 수치는 없습니다.
A17: '합격선'과 '목표'를 어느 구간(P75·P90)으로 둘지는 분석자 제안입니다. 기준을 바꾸려면 D·G·J열 또는 '4-1 지역 벤치마크(참조)' 조회 열을 바꾸면 됩니다.
A18: 주 타깃 지역과 수익 장르 분류(캐주얼·미드코어)는 분석자 판단입니다(파란 글씨). 지역을 바꾸면 지역 수치가 자동으로 바뀝니다.
A19: 리텐션 수치는 전 장르 합산값입니다. 장르별 수치는 GameAnalytics 2026 보고서에 없고, 2025 보고서 이미지 차트에서 읽은 판독값은 '4-3 장르 판독 요약(참조)'·'2-3 장르 연결(추정)' 시트에 따로 두었습니다(이 표에는 섞지 않음).
A20: D30 리텐션은 2026 보고서 기준이며, 2025 보고서는 D28을 사용해 직접 비교에 주의가 필요합니다.
A21: 수익 수치(AppsFlyer)는 D90 기준 글로벌 평균이며, 지역·플랫폼에 따라 다릅니다(북미·유럽은 더 높다고 보고됨).

Sheet 2-3 장르 연결(추정)
A1: 우리 프로젝트 장르 그룹 ↔ GameAnalytics 장르 연결 (분석자 추정)
A2: ⚠ 연결(C열)은 분석자 추정입니다. 각 게임이 스토어에 어떤 장르로 등록됐는지는 이번에 확인하지 않았습니다. C열(노란 칸)을 목록에서 바꾸면 오른쪽 숫자가 자동으로 바뀝니다.
A4: 우리 장르 그룹 | B4: 대표 게임 | C4: 연결한 GA 장르 (바꿀 수 있음) | D4: 연결 근거 | E4: 신뢰도 | F4: 다른 후보 장르 | G4: D1 | H4: D7 | I4: D28 | J4: 하루 플레이(분) | K4: 세션 길이(분) | L4: 하루 세션 수 | M4: 쉬운 해설 (100명 설치 기준)
A5: 1. 글로벌 퍼즐 | B5: Block Blast!, Magic Sort!, Meowdoku 등 | C5: Puzzle | D5: 정렬·블록·스도쿠류 퍼즐이라 이름이 가장 가까움 | E5: 중간 | F5: Board (Vita Mahjong 같은 마작류), Casual | G5: =INDEX('4-3 장르 판독 요약(참조)'!$C$5:$C$20,MATCH($C5,'4-3 장르 판독 요약(참조)'!$A$5:$A$20,0)) -> 0.20205 | H5: =INDEX('4-3 장르 판독 요약(참조)'!$E$5:$E$20,MATCH($C5,'4-3 장르 판독 요약(참조)'!$A$5:$A$20,0)) -> 0.045358333 | I5: =INDEX('4-3 장르 판독 요약(참조)'!$G$5:$G$20,MATCH($C5,'4-3 장르 판독 요약(참조)'!$A$5:$A$20,0)) -> 0.0119 | J5: =INDEX('4-3 장르 판독 요약(참조)'!$I$5:$I$20,MATCH($C5,'4-3 장르 판독 요약(참조)'!$A$5:$A$20,0)) -> 30.191667 | K5: =INDEX('4-3 장르 판독 요약(참조)'!$K$5:$K$20,MATCH($C5,'4-3 장르 판독 요약(참조)'!$A$5:$A$20,0)) -> 5.6416667 | L5: =INDEX('4-3 장르 판독 요약(참조)'!$M$5:$M$20,MATCH($C5,'4-3 장르 판독 요약(참조)'!$A$5:$A$20,0)) -> 4.7758333 | M5: =INDEX('4-3 장르 판독 요약(참조)'!$O$5:$O$20,MATCH($C5,'4-3 장르 판독 요약(참조)'!$A$5:$A$20,0)) -> 다음날 20.2명 → 1주 뒤 4.5명 → 4주 뒤 1.2명이 다시 옴
A6: 2. 퍼즐 + 메타 | B6: Royal Match, Candy Crush Saga 등 | C6: Puzzle | D6: 3개 맞추기 퍼즐이 핵심 놀이 | E6: 중간 | F6: Casual | G6: =INDEX('4-3 장르 판독 요약(참조)'!$C$5:$C$20,MATCH($C6,'4-3 장르 판독 요약(참조)'!$A$5:$A$20,0)) -> 0.20205 | H6: =INDEX('4-3 장르 판독 요약(참조)'!$E$5:$E$20,MATCH($C6,'4-3 장르 판독 요약(참조)'!$A$5:$A$20,0)) -> 0.045358333 | I6: =INDEX('4-3 장르 판독 요약(참조)'!$G$5:$G$20,MATCH($C6,'4-3 장르 판독 요약(참조)'!$A$5:$A$20,0)) -> 0.0119 | J6: =INDEX('4-3 장르 판독 요약(참조)'!$I$5:$I$20,MATCH($C6,'4-3 장르 판독 요약(참조)'!$A$5:$A$20,0)) -> 30.191667 | K6: =INDEX('4-3 장르 판독 요약(참조)'!$K$5:$K$20,MATCH($C6,'4-3 장르 판독 요약(참조)'!$A$5:$A$20,0)) -> 5.6416667 | L6: =INDEX('4-3 장르 판독 요약(참조)'!$M$5:$M$20,MATCH($C6,'4-3 장르 판독 요약(참조)'!$A$5:$A$20,0)) -> 4.7758333 | M6: =INDEX('4-3 장르 판독 요약(참조)'!$O$5:$O$20,MATCH($C6,'4-3 장르 판독 요약(참조)'!$A$5:$A$20,0)) -> 다음날 20.2명 → 1주 뒤 4.5명 → 4주 뒤 1.2명이 다시 옴
A7: 3. 소셜 캐주얼 | B7: MONOPOLY GO!, Coin Master, Dice Dreams | C7: Board | D7: 주사위·보드판 칸 이동이 핵심인 게임이 2개 | E7: 낮음 | F7: Casual, Casino (Coin Master의 슬롯) | G7: =INDEX('4-3 장르 판독 요약(참조)'!$C$5:$C$20,MATCH($C7,'4-3 장르 판독 요약(참조)'!$A$5:$A$20,0)) -> 0.19099167 | H7: =INDEX('4-3 장르 판독 요약(참조)'!$E$5:$E$20,MATCH($C7,'4-3 장르 판독 요약(참조)'!$A$5:$A$20,0)) -> 0.058283333 | I7: =INDEX('4-3 장르 판독 요약(참조)'!$G$5:$G$20,MATCH($C7,'4-3 장르 판독 요약(참조)'!$A$5:$A$20,0)) -> 0.021716667 | J7: =INDEX('4-3 장르 판독 요약(참조)'!$I$5:$I$20,MATCH($C7,'4-3 장르 판독 요약(참조)'!$A$5:$A$20,0)) -> 41.058333 | K7: =INDEX('4-3 장르 판독 요약(참조)'!$K$5:$K$20,MATCH($C7,'4-3 장르 판독 요약(참조)'!$A$5:$A$20,0)) -> 7.2916667 | L7: =INDEX('4-3 장르 판독 요약(참조)'!$M$5:$M$20,MATCH($C7,'4-3 장르 판독 요약(참조)'!$A$5:$A$20,0)) -> 5.0883333 | M7: =INDEX('4-3 장르 판독 요약(참조)'!$O$5:$O$20,MATCH($C7,'4-3 장르 판독 요약(참조)'!$A$5:$A$20,0)) -> 다음날 19.1명 → 1주 뒤 5.8명 → 4주 뒤 2.2명이 다시 옴
A8: 4. 전략(4X 등) | B8: Whiteout Survival, Kingshot, Clash Royale | C8: Strategy | D8: 장르 이름이 같음 | E8: 중간 | F8: Multiplayer (Clash Royale 실시간 대전) | G8: =INDEX('4-3 장르 판독 요약(참조)'!$C$5:$C$20,MATCH($C8,'4-3 장르 판독 요약(참조)'!$A$5:$A$20,0)) -> 0.19899167 | H8: =INDEX('4-3 장르 판독 요약(참조)'!$E$5:$E$20,MATCH($C8,'4-3 장르 판독 요약(참조)'!$A$5:$A$20,0)) -> 0.03365 | I8: =INDEX('4-3 장르 판독 요약(참조)'!$G$5:$G$20,MATCH($C8,'4-3 장르 판독 요약(참조)'!$A$5:$A$20,0)) -> 0.0071416667 | J8: =INDEX('4-3 장르 판독 요약(참조)'!$I$5:$I$20,MATCH($C8,'4-3 장르 판독 요약(참조)'!$A$5:$A$20,0)) -> 23.5 | K8: =INDEX('4-3 장르 판독 요약(참조)'!$K$5:$K$20,MATCH($C8,'4-3 장르 판독 요약(참조)'!$A$5:$A$20,0)) -> 5.45 | L8: =INDEX('4-3 장르 판독 요약(참조)'!$M$5:$M$20,MATCH($C8,'4-3 장르 판독 요약(참조)'!$A$5:$A$20,0)) -> 4.2966667 | M8: =INDEX('4-3 장르 판독 요약(참조)'!$O$5:$O$20,MATCH($C8,'4-3 장르 판독 요약(참조)'!$A$5:$A$20,0)) -> 다음날 19.9명 → 1주 뒤 3.4명 → 4주 뒤 0.7명이 다시 옴
A9: 5. 액션·슈팅 | B9: Free Fire, Fortnite, Brawl Stars | C9: Action | D9: 장르 이름이 같음 | E9: 중간 | F9: Multiplayer (실시간 대전) | G9: =INDEX('4-3 장르 판독 요약(참조)'!$C$5:$C$20,MATCH($C9,'4-3 장르 판독 요약(참조)'!$A$5:$A$20,0)) -> 0.18353333 | H9: =INDEX('4-3 장르 판독 요약(참조)'!$E$5:$E$20,MATCH($C9,'4-3 장르 판독 요약(참조)'!$A$5:$A$20,0)) -> 0.029125 | I9: =INDEX('4-3 장르 판독 요약(참조)'!$G$5:$G$20,MATCH($C9,'4-3 장르 판독 요약(참조)'!$A$5:$A$20,0)) -> 0.0063333333 | J9: =INDEX('4-3 장르 판독 요약(참조)'!$I$5:$I$20,MATCH($C9,'4-3 장르 판독 요약(참조)'!$A$5:$A$20,0)) -> 14.083333 | K9: =INDEX('4-3 장르 판독 요약(참조)'!$K$5:$K$20,MATCH($C9,'4-3 장르 판독 요약(참조)'!$A$5:$A$20,0)) -> 3.8583333 | L9: =INDEX('4-3 장르 판독 요약(참조)'!$M$5:$M$20,MATCH($C9,'4-3 장르 판독 요약(참조)'!$A$5:$A$20,0)) -> 3.5591667 | M9: =INDEX('4-3 장르 판독 요약(참조)'!$O$5:$O$20,MATCH($C9,'4-3 장르 판독 요약(참조)'!$A$5:$A$20,0)) -> 다음날 18.4명 → 1주 뒤 2.9명 → 4주 뒤 0.6명이 다시 옴
A10: 6. 캐릭터 IP (걷기·포획) | B10: Pokémon GO | C10: Adventure | D10: 밖을 돌아다니며 탐험·수집 | E10: 낮음 | F10: Simulation | G10: =INDEX('4-3 장르 판독 요약(참조)'!$C$5:$C$20,MATCH($C10,'4-3 장르 판독 요약(참조)'!$A$5:$A$20,0)) -> 0.16051667 | H10: =INDEX('4-3 장르 판독 요약(참조)'!$E$5:$E$20,MATCH($C10,'4-3 장르 판독 요약(참조)'!$A$5:$A$20,0)) -> 0.022816667 | I10: =INDEX('4-3 장르 판독 요약(참조)'!$G$5:$G$20,MATCH($C10,'4-3 장르 판독 요약(참조)'!$A$5:$A$20,0)) -> 0.0048166667 | J10: =INDEX('4-3 장르 판독 요약(참조)'!$I$5:$I$20,MATCH($C10,'4-3 장르 판독 요약(참조)'!$A$5:$A$20,0)) -> 16.4 | K10: =INDEX('4-3 장르 판독 요약(참조)'!$K$5:$K$20,MATCH($C10,'4-3 장르 판독 요약(참조)'!$A$5:$A$20,0)) -> 4.6083333 | L10: =INDEX('4-3 장르 판독 요약(참조)'!$M$5:$M$20,MATCH($C10,'4-3 장르 판독 요약(참조)'!$A$5:$A$20,0)) -> 3.6983333 | M10: =INDEX('4-3 장르 판독 요약(참조)'!$O$5:$O$20,MATCH($C10,'4-3 장르 판독 요약(참조)'!$A$5:$A$20,0)) -> 다음날 16.1명 → 1주 뒤 2.3명 → 4주 뒤 0.5명이 다시 옴
A11: 6. 캐릭터 IP (카드) | B11: Pokémon TCG Pocket | C11: Card | D11: 카드 수집·대전 | E11: 중간 | F11: — | G11: =INDEX('4-3 장르 판독 요약(참조)'!$C$5:$C$20,MATCH($C11,'4-3 장르 판독 요약(참조)'!$A$5:$A$20,0)) -> 0.18838333 | H11: =INDEX('4-3 장르 판독 요약(참조)'!$E$5:$E$20,MATCH($C11,'4-3 장르 판독 요약(참조)'!$A$5:$A$20,0)) -> 0.0672 | I11: =INDEX('4-3 장르 판독 요약(참조)'!$G$5:$G$20,MATCH($C11,'4-3 장르 판독 요약(참조)'!$A$5:$A$20,0)) -> 0.03 | J11: =INDEX('4-3 장르 판독 요약(참조)'!$I$5:$I$20,MATCH($C11,'4-3 장르 판독 요약(참조)'!$A$5:$A$20,0)) -> 48.525 | K11: =INDEX('4-3 장르 판독 요약(참조)'!$K$5:$K$20,MATCH($C11,'4-3 장르 판독 요약(참조)'!$A$5:$A$20,0)) -> 8.3083333 | L11: =INDEX('4-3 장르 판독 요약(참조)'!$M$5:$M$20,MATCH($C11,'4-3 장르 판독 요약(참조)'!$A$5:$A$20,0)) -> 4.86 | M11: =INDEX('4-3 장르 판독 요약(참조)'!$O$5:$O$20,MATCH($C11,'4-3 장르 판독 요약(참조)'!$A$5:$A$20,0)) -> 다음날 18.8명 → 1주 뒤 6.7명 → 4주 뒤 3.0명이 다시 옴
A12: 7. 한국식 RPG | B12: 메이플스토리 방치형 RPG, 트릭컬 리바이브, 후더덕 서바이벌 | C12: Role Playing | D12: 캐릭터 성장·전투가 핵심 | E12: 중간 | F12: Simulation (방치형), Action (서바이벌류) | G12: =INDEX('4-3 장르 판독 요약(참조)'!$C$5:$C$20,MATCH($C12,'4-3 장르 판독 요약(참조)'!$A$5:$A$20,0)) -> 0.15071667 | H12: =INDEX('4-3 장르 판독 요약(참조)'!$E$5:$E$20,MATCH($C12,'4-3 장르 판독 요약(참조)'!$A$5:$A$20,0)) -> 0.020725 | I12: =INDEX('4-3 장르 판독 요약(참조)'!$G$5:$G$20,MATCH($C12,'4-3 장르 판독 요약(참조)'!$A$5:$A$20,0)) -> 0.004325 | J12: =INDEX('4-3 장르 판독 요약(참조)'!$I$5:$I$20,MATCH($C12,'4-3 장르 판독 요약(참조)'!$A$5:$A$20,0)) -> 15.641667 | K12: =INDEX('4-3 장르 판독 요약(참조)'!$K$5:$K$20,MATCH($C12,'4-3 장르 판독 요약(참조)'!$A$5:$A$20,0)) -> 4.375 | L12: =INDEX('4-3 장르 판독 요약(참조)'!$M$5:$M$20,MATCH($C12,'4-3 장르 판독 요약(참조)'!$A$5:$A$20,0)) -> 4.015 | M12: =INDEX('4-3 장르 판독 요약(참조)'!$O$5:$O$20,MATCH($C12,'4-3 장르 판독 요약(참조)'!$A$5:$A$20,0)) -> 다음날 15.1명 → 1주 뒤 2.1명 → 4주 뒤 0.4명이 다시 옴
A14: 치이카와 포켓은 게임 방식을 확인하지 못해 연결하지 않았습니다.
A15: GameAnalytics 숫자는 이 회사 분석 도구를 쓰는 게임 11,600개(작은 개발사 게임 포함)의 '장르 가운데 게임' 값입니다. Top 차트 게임의 실제 리텐션이 아니므로 'MVP가 최소한 넘어야 할 장르 보통선'으로만 쓰세요.
A16: MVP 합격선(전 장르 합산 상위 25%)은 '2-2 MVP 검증 목표' 시트에 있고, 이 시트는 그와 별개인 '같은 장르 보통 게임' 참고값입니다.
A17: 신뢰도: 중간 = 놀이 방식이 장르 이름과 맞음 / 낮음 = 그룹 안 게임들이 서로 다른 장르에 걸쳐 있음.

Sheet 2-4 2인 개발 MVP 판단
A1: 2인 개발 MVP 판단 — 미국 구글 플레이 매출 Top100 + '③ 다운로드만 높음' 게임 중 2명이 작게 만들 수 있는 후보 찾기
A2: 읽는 법: ① 세부 장르마다 5가지 기준을 1~5점(5점 = 2명이 하기 쉬움)으로 매김 → ② 가중치로 100점 만점 점수 계산 → ③ 게임은 자기 세부 장르의 점수·판정을 받음. 파란 글씨 = 바꿀 수 있는 가정값, 노란 칸 = 분석자 판단·추정
A4: 기준 | B4: 쉬운 뜻 | C4: 5점 (2명이 하기 쉬움) | D4: 1점 (2명이 하기 어려움) | E4: 가중치 | G4: 판정 | H4: 후보 게임 수 (수식) | I4: 세부 장르 수 (수식)
A5: 콘텐츠 양 | B5: 레벨·맵·캐릭터·이야기를 얼마나 많이 만들어야 하나 | C5: 규칙 하나로 레벨을 자동으로 만들 수 있음 (블록·정렬·솔리테어) | D5: 오픈월드·수십 명 캐릭터·긴 이야기 | E5: 0.25 | G5: 2인 가능 | H5: =COUNTIFS($I$79:$I$250,G5,$G$79:$G$250,"후보") -> 35 | I5: =COUNTIF($I$18:$I$54,G5) -> 12
A6: 서버 필요 | B6: 게임 서버를 따로 만들고 돌려야 하나 | C6: 인터넷 없이 혼자 플레이 (저장만 기기에) | D6: 실시간 대전·연맹전·거래 (서버가 꼭 필요) | E6: 0.25 | G6: 조건부 (범위를 줄이면) | H6: =COUNTIFS($I$79:$I$250,G6,$G$79:$G$250,"후보") -> 23 | I6: =COUNTIF($I$18:$I$54,G6) -> 6
A7: 아트 양 | B7: 그림·3D 모델·애니메이션이 얼마나 많이 필요한가 | C7: 2D 도형·아이콘 위주 | D7: 3D 캐릭터·애니메이션 대량 | E7: 0.2 | G7: 2인 어려움 | H7: =COUNTIFS($I$79:$I$250,G7,$G$79:$G$250,"후보") -> 57 | I7: =COUNTIF($I$18:$I$54,G7) -> 17
A8: 라이브 운영 부담 | B8: 출시 뒤 이벤트·시즌·밸런스 패치를 얼마나 자주 해야 하나 | C8: 업데이트가 거의 없어도 됨 | D8: 매주 이벤트·시즌 패스·밸런스 조정 필수 | E8: 0.2 | G8: 판단 보류 | H8: =COUNTIFS($I$79:$I$250,G8,$G$79:$G$250,"후보") -> 3 | I8: =COUNTIF($I$18:$I$54,G8) -> 2
A9: 심사·규제 부담 | B9: 스토어 정책·나이 제한·확률 표시 같은 규칙이 얼마나 까다로운가 | C9: 특별한 규제 없음 | D9: 도박류(소셜 카지노·리얼머니) 정책·나라별 규제 | E9: 0.1 | G9: 합계 | H9: =SUM(H5:H8) -> 118 | I9: =SUM(I5:I8) -> 37
A10: 가중치 합계 (100%가 되게) | E10: =SUM(E5:E9) -> 1
A12: '2인 가능' 기준 점수 (이 점수 이상) | E12: 70 | F12: ← 가중치·기준 점수는 분석자 제안. 바꾸면 아래 점수·판정이 모두 자동으로 바뀜
A13: '조건부' 기준 점수 (이 점수 이상) | E13: 50
A14: 1점 항목이 하나라도 있으면 '2인 어려움'으로 판정 (예/아니오) | E14: 예
A16: ① 세부 장르 점수표 — C~G열 점수는 분석자 판단(노란 칸). 장르의 일반적인 구조 기준이며 게임마다 다를 수 있음
A17: 대분류 | B17: 세부 장르 | C17: 콘텐츠 양 | D17: 서버 필요 | E17: 아트 양 | F17: 라이브 운영 부담 | G17: 심사·규제 부담 | H17: 점수 (100점, 수식) | I17: 판정 (수식) | J17: 판단 근거 (분석자) | K17: 찾기용 키 (수식) | L17: 후보 게임 수 (수식)
A18: 전략 | B18: 4X·SLG | C18: 1 | D18: 1 | E18: 1 | F18: 1 | G18: 3 | H18: =IF(COUNT(C18:G18)<5,"",ROUND((C18*$E$5+D18*$E$6+E18*$E$7+F18*$E$8+G18*$E$9)/SUM($E$5:$E$9)/5*100,0)) -> 24 | I18: =IF(H18="","판단 보류",IF(AND($E$14="예",MIN(C18:G18)=1),"2인 어려움",IF(H18>=$E$12,"2인 가능",IF(H18>=$E$13,"조건부 (범위를 줄이면)","2인 어려움")))) -> 2인 어려움 | J18: 연맹전·서버 시즌 운영, 대규모 콘텐츠 | K18: =A18&"|"&B18 -> 전략|4X·SLG | L18: =COUNTIFS($K$79:$K$250,K18,$G$79:$G$250,"후보") -> 16
A19: 퍼즐 | B19: 매치3 | C19: 2 | D19: 4 | E19: 3 | F19: 2 | G19: 5 | H19: =IF(COUNT(C19:G19)<5,"",ROUND((C19*$E$5+D19*$E$6+E19*$E$7+F19*$E$8+G19*$E$9)/SUM($E$5:$E$9)/5*100,0)) -> 60 | I19: =IF(H19="","판단 보류",IF(AND($E$14="예",MIN(C19:G19)=1),"2인 어려움",IF(H19>=$E$12,"2인 가능",IF(H19>=$E$13,"조건부 (범위를 줄이면)","2인 어려움")))) -> 조건부 (범위를 줄이면) | J19: 수백~수천 판을 손으로 맞춰야 하고, 매출 상위작은 꾸미기 메타·주간 이벤트가 큼 | K19: =A19&"|"&B19 -> 퍼즐|매치3 | L19: =COUNTIFS($K$79:$K$250,K19,$G$79:$G$250,"후보") -> 10
A20: 퍼즐 | B20: 정렬·잼 | C20: 5 | D20: 5 | E20: 4 | F20: 4 | G20: 5 | H20: =IF(COUNT(C20:G20)<5,"",ROUND((C20*$E$5+D20*$E$6+E20*$E$7+F20*$E$8+G20*$E$9)/SUM($E$5:$E$9)/5*100,0)) -> 92 | I20: =IF(H20="","판단 보류",IF(AND($E$14="예",MIN(C20:G20)=1),"2인 어려움",IF(H20>=$E$12,"2인 가능",IF(H20>=$E$13,"조건부 (범위를 줄이면)","2인 어려움")))) -> 2인 가능 | J20: 색·물건을 옮겨 정렬하는 규칙 하나로 레벨을 자동 생성하기 쉬움. 3D 잼류는 아트가 조금 더 듦 | K20: =A20&"|"&B20 -> 퍼즐|정렬·잼 | L20: =COUNTIFS($K$79:$K$250,K20,$G$79:$G$250,"후보") -> 9
A21: RPG | B21: 수집형(가챠) RPG | C21: 1 | D21: 2 | E21: 1 | F21: 1 | G21: 3 | H21: =IF(COUNT(C21:G21)<5,"",ROUND((C21*$E$5+D21*$E$6+E21*$E$7+F21*$E$8+G21*$E$9)/SUM($E$5:$E$9)/5*100,0)) -> 29 | I21: =IF(H21="","판단 보류",IF(AND($E$14="예",MIN(C21:G21)=1),"2인 어려움",IF(H21>=$E$12,"2인 가능",IF(H21>=$E$13,"조건부 (범위를 줄이면)","2인 어려움")))) -> 2인 어려움 | J21: 캐릭터 대량 제작·확률형 아이템 표시 의무·주간 운영 | K21: =A21&"|"&B21 -> RPG|수집형(가챠) RPG | L21: =COUNTIFS($K$79:$K$250,K21,$G$79:$G$250,"후보") -> 8
A22: 카드·보드·카지노 | B22: 소셜 카지노 | C22: 3 | D22: 2 | E22: 2 | F22: 1 | G22: 1 | H22: =IF(COUNT(C22:G22)<5,"",ROUND((C22*$E$5+D22*$E$6+E22*$E$7+F22*$E$8+G22*$E$9)/SUM($E$5:$E$9)/5*100,0)) -> 39 | I22: =IF(H22="","판단 보류",IF(AND($E$14="예",MIN(C22:G22)=1),"2인 어려움",IF(H22>=$E$12,"2인 가능",IF(H22>=$E$13,"조건부 (범위를 줄이면)","2인 어려움")))) -> 2인 어려움 | J22: 도박 모사 게임 정책·나이 제한, 매일 이벤트 | K22: =A22&"|"&B22 -> 카드·보드·카지노|소셜 카지노 | L22: =COUNTIFS($K$79:$K$250,K22,$G$79:$G$250,"후보") -> 8
A23: 퍼즐 | B23: 머지 | C23: 2 | D23: 4 | E23: 2 | F23: 2 | G23: 5 | H23: =IF(COUNT(C23:G23)<5,"",ROUND((C23*$E$5+D23*$E$6+E23*$E$7+F23*$E$8+G23*$E$9)/SUM($E$5:$E$9)/5*100,0)) -> 56 | I23: =IF(H23="","판단 보류",IF(AND($E$14="예",MIN(C23:G23)=1),"2인 어려움",IF(H23>=$E$12,"2인 가능",IF(H23>=$E$13,"조건부 (범위를 줄이면)","2인 어려움")))) -> 조건부 (범위를 줄이면) | J23: 합칠 물건 그림이 아주 많고 이야기·이벤트 운영 부담이 큼 | K23: =A23&"|"&B23 -> 퍼즐|머지 | L23: =COUNTIFS($K$79:$K$250,K23,$G$79:$G$250,"후보") -> 8
A24: 카드·보드·카지노 | B24: 보드·주사위 소셜캐주얼 | C24: 2 | D24: 2 | E24: 2 | F24: 1 | G24: 3 | H24: =IF(COUNT(C24:G24)<5,"",ROUND((C24*$E$5+D24*$E$6+E24*$E$7+F24*$E$8+G24*$E$9)/SUM($E$5:$E$9)/5*100,0)) -> 38 | I24: =IF(H24="","판단 보류",IF(AND($E$14="예",MIN(C24:G24)=1),"2인 어려움",IF(H24>=$E$12,"2인 가능",IF(H24>=$E$13,"조건부 (범위를 줄이면)","2인 어려움")))) -> 2인 어려움 | J24: 친구 이벤트·경제를 서버가 관리. 매주 이벤트가 매출의 핵심(라이브 운영 1점) | K24: =A24&"|"&B24 -> 카드·보드·카지노|보드·주사위 소셜캐주얼 | L24: =COUNTIFS($K$79:$K$250,K24,$G$79:$G$250,"후보") -> 5
A25: 퍼즐 | B25: 타일·마작·트리플 매치 | C25: 4 | D25: 5 | E25: 4 | F25: 4 | G25: 5 | H25: =IF(COUNT(C25:G25)<5,"",ROUND((C25*$E$5+D25*$E$6+E25*$E$7+F25*$E$8+G25*$E$9)/SUM($E$5:$E$9)/5*100,0)) -> 87 | I25: =IF(H25="","판단 보류",IF(AND($E$14="예",MIN(C25:G25)=1),"2인 어려움",IF(H25>=$E$12,"2인 가능",IF(H25>=$E$13,"조건부 (범위를 줄이면)","2인 어려움")))) -> 2인 가능 | J25: 타일(물건) 그림 세트가 필요하지만 배치는 반자동 생성 가능. 3D 물건형은 아트 부담↑ | K25: =A25&"|"&B25 -> 퍼즐|타일·마작·트리플 매치 | L25: =COUNTIFS($K$79:$K$250,K25,$G$79:$G$250,"후보") -> 4
A26: 하이퍼·하이브리드 캐주얼 | B26: 물리 파괴 | C26: 4 | D26: 5 | E26: 3 | F26: 3 | G26: 5 | H26: =IF(COUNT(C26:G26)<5,"",ROUND((C26*$E$5+D26*$E$6+E26*$E$7+F26*$E$8+G26*$E$9)/SUM($E$5:$E$9)/5*100,0)) -> 79 | I26: =IF(H26="","판단 보류",IF(AND($E$14="예",MIN(C26:G26)=1),"2인 어려움",IF(H26>=$E$12,"2인 가능",IF(H26>=$E$13,"조건부 (범위를 줄이면)","2인 어려움")))) -> 2인 가능 | J26: 물리 엔진 손맛 조정이 핵심. 저폴리 3D, 레벨 수는 적어도 됨 | K26: =A26&"|"&B26 -> 하이퍼·하이브리드 캐주얼|물리 파괴 | L26: =COUNTIFS($K$79:$K$250,K26,$G$79:$G$250,"후보") -> 4
A27: 액션·슈팅 | B27: 배틀로얄 | C27: 1 | D27: 1 | E27: 1 | F27: 1 | G27: 4 | H27: =IF(COUNT(C27:G27)<5,"",ROUND((C27*$E$5+D27*$E$6+E27*$E$7+F27*$E$8+G27*$E$9)/SUM($E$5:$E$9)/5*100,0)) -> 26 | I27: =IF(H27="","판단 보류",IF(AND($E$14="예",MIN(C27:G27)=1),"2인 어려움",IF(H27>=$E$12,"2인 가능",IF(H27>=$E$13,"조건부 (범위를 줄이면)","2인 어려움")))) -> 2인 어려움 | J27: 실시간 대규모 대전 서버, 3D 맵·무기 | K27: =A27&"|"&B27 -> 액션·슈팅|배틀로얄 | L27: =COUNTIFS($K$79:$K$250,K27,$G$79:$G$250,"후보") -> 3
A28: 카드·보드·카지노 | B28: 빙고 | C28: 3 | D28: 2 | E28: 3 | F28: 1 | G28: 2 | H28: =IF(COUNT(C28:G28)<5,"",ROUND((C28*$E$5+D28*$E$6+E28*$E$7+F28*$E$8+G28*$E$9)/SUM($E$5:$E$9)/5*100,0)) -> 45 | I28: =IF(H28="","판단 보류",IF(AND($E$14="예",MIN(C28:G28)=1),"2인 어려움",IF(H28>=$E$12,"2인 가능",IF(H28>=$E$13,"조건부 (범위를 줄이면)","2인 어려움")))) -> 2인 어려움 | J28: 여럿이 함께하는 방·이벤트 운영. 도박 모사로 분류될 수 있음 | K28: =A28&"|"&B28 -> 카드·보드·카지노|빙고 | L28: =COUNTIFS($K$79:$K$250,K28,$G$79:$G$250,"후보") -> 3
A29: 카드·보드·카지노 | B29: 솔리테어 | C29: 5 | D29: 5 | E29: 4 | F29: 4 | G29: 5 | H29: =IF(COUNT(C29:G29)<5,"",ROUND((C29*$E$5+D29*$E$6+E29*$E$7+F29*$E$8+G29*$E$9)/SUM($E$5:$E$9)/5*100,0)) -> 92 | I29: =IF(H29="","판단 보류",IF(AND($E$14="예",MIN(C29:G29)=1),"2인 어려움",IF(H29>=$E$12,"2인 가능",IF(H29>=$E$13,"조건부 (범위를 줄이면)","2인 어려움")))) -> 2인 가능 | J29: 카드 배치 자동 생성, 오프라인 가능. 매출형은 맵·수집 메타가 붙음 | K29: =A29&"|"&B29 -> 카드·보드·카지노|솔리테어 | L29: =COUNTIFS($K$79:$K$250,K29,$G$79:$G$250,"후보") -> 3
... A38: 하이퍼·하이브리드 캐주얼 | B38: 하이브리드 캐주얼 | C38: 3 | D38: 5 | E38: 3 | F38: 3 | G38: 5 | H38: =IF(COUNT(C38:G38)<5,"",ROUND((C38*$E$5+D38*$E$6+E38*$E$7+F38*$E$8+G38*$E$9)/SUM($E$5:$E$9)/5*100,0)) -> 74 | I38: =IF(H38="","판단 보류",IF(AND($E$14="예",MIN(C38:G38)=1),"2인 어려움",IF(H38>=$E$12,"2인 가능",IF(H38>=$E$13,"조건부 (범위를 줄이면)","2인 어려움")))) -> 2인 가능 | J38: 간단한 핵심 놀이 + 성장(업그레이드) 메타. 메타 설계 분량이 중간 | K38: =A38&"|"&B38 -> 하이퍼·하이브리드 캐주얼|하이브리드 캐주얼 | L38: =COUNTIFS($K$79:$K$250,K38,$G$79:$G$250,"후보") -> 2
A39: 확인 불가 | B39: - | H39: =IF(COUNT(C39:G39)<5,"",ROUND((C39*$E$5+D39*$E$6+E39*$E$7+F39*$E$8+G39*$E$9)/SUM($E$5:$E$9)/5*100,0)) | I39: =IF(H39="","판단 보류",IF(AND($E$14="예",MIN(C39:G39)=1),"2인 어려움",IF(H39>=$E$12,"2인 가능",IF(H39>=$E$13,"조건부 (범위를 줄이면)","2인 어려움")))) -> 판단 보류 | J39: 장르를 확인하지 못한 게임 — 판단 보류 | K39: =A39&"|"&B39 -> 확인 불가|- | L39: =COUNTIFS($K$79:$K$250,K39,$G$79:$G$250,"후보") -> 2
A40: RPG | B40: 방치형 RPG | C40: 2 | D40: 3 | E40: 2 | F40: 2 | G40: 3 | H40: =IF(COUNT(C40:G40)<5,"",ROUND((C40*$E$5+D40*$E$6+E40*$E$7+F40*$E$8+G40*$E$9)/SUM($E$5:$E$9)/5*100,0)) -> 47 | I40: =IF(H40="","판단 보류",IF(AND($E$14="예",MIN(C40:G40)=1),"2인 어려움",IF(H40>=$E$12,"2인 가능",IF(H40>=$E$13,"조건부 (범위를 줄이면)","2인 어려움")))) -> 2인 어려움 | J40: 오프라인 진행은 가능하지만 캐릭터·성장 경제 설계 분량이 큼 | K40: =A40&"|"&B40 -> RPG|방치형 RPG | L40: =COUNTIFS($K$79:$K$250,K40,$G$79:$G$250,"후보") -> 1
A41: RPG | B41: 위치기반 수집 | C41: 1 | D41: 1 | E41: 2 | F41: 1 | G41: 3 | H41: =IF(COUNT(C41:G41)<5,"",ROUND((C41*$E$5+D41*$E$6+E41*$E$7+F41*$E$8+G41*$E$9)/SUM($E$5:$E$9)/5*100,0)) -> 28 | I41: =IF(H41="","판단 보류",IF(AND($E$14="예",MIN(C41:G41)=1),"2인 어려움",IF(H41>=$E$12,"2인 가능",IF(H41>=$E$13,"조건부 (범위를 줄이면)","2인 어려움")))) -> 2인 어려움 | J41: 지도 데이터·위치 서버·안전 정책 | K41: =A41&"|"&B41 -> RPG|위치기반 수집 | L41: =COUNTIFS($K$79:$K$250,K41,$G$79:$G$250,"후보") -> 1
A42: 기타(UGC·리워드) | B42: UGC 플랫폼 | C42: 1 | D42: 1 | E42: 1 | F42: 1 | G42: 3 | H42: =IF(COUNT(C42:G42)<5,"",ROUND((C42*$E$5+D42*$E$6+E42*$E$7+F42*$E$8+G42*$E$9)/SUM($E$5:$E$9)/5*100,0)) -> 24 | I42: =IF(H42="","판단 보류",IF(AND($E$14="예",MIN(C42:G42)=1),"2인 어려움",IF(H42>=$E$12,"2인 가능",IF(H42>=$E$13,"조건부 (범위를 줄이면)","2인 어려움")))) -> 2인 어려움 | J42: 플랫폼 자체(사용자 제작 도구·서버·심사)라 2인 범위 밖 | K42: =A42&"|"&B42 -> 기타(UGC·리워드)|UGC 플랫폼 | L42: =COUNTIFS($K$79:$K$250,K42,$G$79:$G$250,"후보") -> 1
A43: 스포츠 | B43: 골프 | C43: 3 | D43: 2 | E43: 2 | F43: 2 | G43: 5 | H43: =IF(COUNT(C43:G43)<5,"",ROUND((C43*$E$5+D43*$E$6+E43*$E$7+F43*$E$8+G43*$E$9)/SUM($E$5:$E$9)/5*100,0)) -> 51 | I43: =IF(H43="","판단 보류",IF(AND($E$14="예",MIN(C43:G43)=1),"2인 어려움",IF(H43>=$E$12,"2인 가능",IF(H43>=$E$13,"조건부 (범위를 줄이면)","2인 어려움")))) -> 조건부 (범위를 줄이면) | J43: 물리 손맛 + 코스 3D. 상위작은 1:1 대전(서버) | K43: =A43&"|"&B43 -> 스포츠|골프 | L43: =COUNTIFS($K$79:$K$250,K43,$G$79:$G$250,"후보") -> 1
A44: 스포츠 | B44: 축구 | C44: 1 | D44: 1 | E44: 1 | F44: 2 | G44: 4 | H44: =IF(COUNT(C44:G44)<5,"",ROUND((C44*$E$5+D44*$E$6+E44*$E$7+F44*$E$8+G44*$E$9)/SUM($E$5:$E$9)/5*100,0)) -> 30 | I44: =IF(H44="","판단 보류",IF(AND($E$14="예",MIN(C44:G44)=1),"2인 어려움",IF(H44>=$E$12,"2인 가능",IF(H44>=$E$13,"조건부 (범위를 줄이면)","2인 어려움")))) -> 2인 어려움 | J44: 선수·리그 라이선스와 3D 애니메이션 | K44: =A44&"|"&B44 -> 스포츠|축구 | L44: =COUNTIFS($K$79:$K$250,K44,$G$79:$G$250,"후보") -> 1
A45: 액션·슈팅 | B45: 스나이퍼 | C45: 3 | D45: 4 | E45: 2 | F45: 3 | G45: 4 | H45: =IF(COUNT(C45:G45)<5,"",ROUND((C45*$E$5+D45*$E$6+E45*$E$7+F45*$E$8+G45*$E$9)/SUM($E$5:$E$9)/5*100,0)) -> 63 | I45: =IF(H45="","판단 보류",IF(AND($E$14="예",MIN(C45:G45)=1),"2인 어려움",IF(H45>=$E$12,"2인 가능",IF(H45>=$E$13,"조건부 (범위를 줄이면)","2인 어려움")))) -> 조건부 (범위를 줄이면) | J45: 혼자 하는 미션형이면 서버 부담은 적지만 3D 아트가 필요 | K45: =A45&"|"&B45 -> 액션·슈팅|스나이퍼 | L45: =COUNTIFS($K$79:$K$250,K45,$G$79:$G$250,"후보") -> 1
A46: 액션·슈팅 | B46: 팀 대전 슈터 | C46: 1 | D46: 1 | E46: 1 | F46: 1 | G46: 4 | H46: =IF(COUNT(C46:G46)<5,"",ROUND((C46*$E$5+D46*$E$6+E46*$E$7+F46*$E$8+G46*$E$9)/SUM($E$5:$E$9)/5*100,0)) -> 26 | I46: =IF(H46="","판단 보류",IF(AND($E$14="예",MIN(C46:G46)=1),"2인 어려움",IF(H46>=$E$12,"2인 가능",IF(H46>=$E$13,"조건부 (범위를 줄이면)","2인 어려움")))) -> 2인 어려움 | J46: 실시간 대전 서버, 3D 캐릭터·맵 | K46: =A46&"|"&B46 -> 액션·슈팅|팀 대전 슈터 | L46: =COUNTIFS($K$79:$K$250,K46,$G$79:$G$250,"후보") -> 1
A47: 전략 | B47: 실시간 카드 배틀 | C47: 2 | D47: 1 | E47: 2 | F47: 1 | G47: 3 | H47: =IF(COUNT(C47:G47)<5,"",ROUND((C47*$E$5+D47*$E$6+E47*$E$7+F47*$E$8+G47*$E$9)/SUM($E$5:$E$9)/5*100,0)) -> 33 | I47: =IF(H47="","판단 보류",IF(AND($E$14="예",MIN(C47:G47)=1),"2인 어려움",IF(H47>=$E$12,"2인 가능",IF(H47>=$E$13,"조건부 (범위를 줄이면)","2인 어려움")))) -> 2인 어려움 | J47: 실시간 대전 서버와 밸런스 패치가 필수 | K47: =A47&"|"&B47 -> 전략|실시간 카드 배틀 | L47: =COUNTIFS($K$79:$K$250,K47,$G$79:$G$250,"후보") -> 1
A48: 카드·보드·카지노 | B48: 클래식 보드 | C48: 5 | D48: 2 | E48: 5 | F48: 4 | G48: 5 | H48: =IF(COUNT(C48:G48)<5,"",ROUND((C48*$E$5+D48*$E$6+E48*$E$7+F48*$E$8+G48*$E$9)/SUM($E$5:$E$9)/5*100,0)) -> 81 | I48: =IF(H48="","판단 보류",IF(AND($E$14="예",MIN(C48:G48)=1),"2인 어려움",IF(H48>=$E$12,"2인 가능",IF(H48>=$E$13,"조건부 (범위를 줄이면)","2인 어려움")))) -> 2인 가능 | J48: 규칙은 이미 있음. 온라인 대전이 핵심이면 서버 필요(2점) — AI 상대로 줄이면 MVP 가능 | K48: =A48&"|"&B48 -> 카드·보드·카지노|클래식 보드 | L48: =COUNTIFS($K$79:$K$250,K48,$G$79:$G$250,"후보") -> 1
A49: 카드·보드·카지노 | B49: 포커 | C49: 4 | D49: 1 | E49: 4 | F49: 2 | G49: 1 | H49: =IF(COUNT(C49:G49)<5,"",ROUND((C49*$E$5+D49*$E$6+E49*$E$7+F49*$E$8+G49*$E$9)/SUM($E$5:$E$9)/5*100,0)) -> 51 | I49: =IF(H49="","판단 보류",IF(AND($E$14="예",MIN(C49:G49)=1),"2인 어려움",IF(H49>=$E$12,"2인 가능",IF(H49>=$E$13,"조건부 (범위를 줄이면)","2인 어려움")))) -> 2인 어려움 | J49: 실시간 대전 서버 필수, 도박 모사 규제 | K49: =A49&"|"&B49 -> 카드·보드·카지노|포커 | L49: =COUNTIFS($K$79:$K$250,K49,$G$79:$G$250,"후보") -> 1
A50: 파티·음악 | B50: 밈 챌린지 | C50: 4 | D50: 5 | E50: 3 | F50: 2 | G50: 2 | H50: =IF(COUNT(C50:G50)<5,"",ROUND((C50*$E$5+D50*$E$6+E50*$E$7+F50*$E$8+G50*$E$9)/SUM($E$5:$E$9)/5*100,0)) -> 69 | I50: =IF(H50="","판단 보류",IF(AND($E$14="예",MIN(C50:G50)=1),"2인 어려움",IF(H50>=$E$12,"2인 가능",IF(H50>=$E$13,"조건부 (범위를 줄이면)","2인 어려움")))) -> 조건부 (범위를 줄이면) | J50: 유행 밈을 계속 바꿔야 함(운영), 밈 저작권·초상권 위험 | K50: =A50&"|"&B50 -> 파티·음악|밈 챌린지 | L50: =COUNTIFS($K$79:$K$250,K50,$G$79:$G$250,"후보") -> 1
A51: 퍼즐 | B51: 기타 퍼즐 | H51: =IF(COUNT(C51:G51)<5,"",ROUND((C51*$E$5+D51*$E$6+E51*$E$7+F51*$E$8+G51*$E$9)/SUM($E$5:$E$9)/5*100,0)) | I51: =IF(H51="","판단 보류",IF(AND($E$14="예",MIN(C51:G51)=1),"2인 어려움",IF(H51>=$E$12,"2인 가능",IF(H51>=$E$13,"조건부 (범위를 줄이면)","2인 어려움")))) -> 판단 보류 | J51: '기타'로 묶인 장르라 한 번에 판단 불가 — 게임별 확인 필요 | K51: =A51&"|"&B51 -> 퍼즐|기타 퍼즐 | L51: =COUNTIFS($K$79:$K$250,K51,$G$79:$G$250,"후보") -> 1
A52: 퍼즐 | B52: 숨은그림 | C52: 2 | D52: 5 | E52: 1 | F52: 3 | G52: 5 | H52: =IF(COUNT(C52:G52)<5,"",ROUND((C52*$E$5+D52*$E$6+E52*$E$7+F52*$E$8+G52*$E$9)/SUM($E$5:$E$9)/5*100,0)) -> 61 | I52: =IF(H52="","판단 보류",IF(AND($E$14="예",MIN(C52:G52)=1),"2인 어려움",IF(H52>=$E$12,"2인 가능",IF(H52>=$E$13,"조건부 (범위를 줄이면)","2인 어려움")))) -> 2인 어려움 | J52: 판마다 큰 그림을 새로 그려야 해서 아트 부담이 가장 큼 | K52: =A52&"|"&B52 -> 퍼즐|숨은그림 | L52: =COUNTIFS($K$79:$K$250,K52,$G$79:$G$250,"후보") -> 1
A53: 퍼즐 | B53: 픽셀·컬러 아트 | C53: 4 | D53: 5 | E53: 3 | F53: 4 | G53: 5 | H53: =IF(COUNT(C53:G53)<5,"",ROUND((C53*$E$5+D53*$E$6+E53*$E$7+F53*$E$8+G53*$E$9)/SUM($E$5:$E$9)/5*100,0)) -> 83 | I53: =IF(H53="","판단 보류",IF(AND($E$14="예",MIN(C53:G53)=1),"2인 어려움",IF(H53>=$E$12,"2인 가능",IF(H53>=$E$13,"조건부 (범위를 줄이면)","2인 어려움")))) -> 2인 가능 | J53: 그림 자료가 곧 콘텐츠. 그림을 자동 변환하면 양은 줄일 수 있음 | K53: =A53&"|"&B53 -> 퍼즐|픽셀·컬러 아트 | L53: =COUNTIFS($K$79:$K$250,K53,$G$79:$G$250,"후보") -> 2
A54: 하이퍼·하이브리드 캐주얼 | B54: 군중 러너·디펜스 | C54: 3 | D54: 5 | E54: 3 | F54: 3 | G54: 5 | H54: =IF(COUNT(C54:G54)<5,"",ROUND((C54*$E$5+D54*$E$6+E54*$E$7+F54*$E$8+G54*$E$9)/SUM($E$5:$E$9)/5*100,0)) -> 74 | I54: =IF(H54="","판단 보류",IF(AND($E$14="예",MIN(C54:G54)=1),"2인 어려움",IF(H54>=$E$12,"2인 가능",IF(H54>=$E$13,"조건부 (범위를 줄이면)","2인 어려움")))) -> 2인 가능 | J54: 3D 군중 표현·성능 최적화가 필요. 레벨은 반복 구조 | K54: =A54&"|"&B54 -> 하이퍼·하이브리드 캐주얼|군중 러너·디펜스 | L54: =COUNTIFS($K$79:$K$250,K54,$G$79:$G$250,"후보") -> 1
A56: ② 2인 개발 추천 후보 — 게임 선택·역할·기간·꼭 넣을 것·주의점은 모두 분석자 제안/추정 (점수·순위는 수식으로 가져옴)
A57: 게임명 | B57: 세부 장르 (수식) | C57: 매출 순위 (수식) | D57: 무료 순위 (수식) | E57: 점수 (수식) | F57: 3-3 유형 (수식) | G57: 판정 (수식) | H57: 2인 역할 (분석자 가정) | I57: MVP 기간 (분석자 추정) | J57: MVP에 꼭 넣을 것 (분석자 제안) | K57: 주의점
A58: Magic Sort! | B58: =INDEX($C$79:$C$250,MATCH($A58,$A$79:$A$250,0)) -> 정렬·잼 | C58: =INDEX($D$79:$D$250,MATCH($A58,$A$79:$A$250,0)) -> 57 | D58: =INDEX($E$79:$E$250,MATCH($A58,$A$79:$A$250,0)) -> 11 | E58: =INDEX($H$79:$H$250,MATCH($A58,$A$79:$A$250,0)) -> 92 | F58: =INDEX($F$79:$F$250,MATCH($A58,$A$79:$A$250,0)) -> ③ 다운로드만 높음 | G58: =INDEX($I$79:$I$250,MATCH($A58,$A$79:$A$250,0)) -> 2인 가능 | H58: 개발 1 + 기획·아트 1 | I58: 약 2~3개월 | J58: 물 색 정렬 규칙, 레벨 자동 생성기와 난이도 곡선, 보상형 광고(되돌리기·병 추가) | K58: Liftoff 2025 보고서가 '물 정렬 퍼즐 첫 하이브리드 캐주얼 성공작'으로 소개. 같은 규칙 경쟁작이 많아 차별점 1개가 필요
A59: Match Factory! | B59: =INDEX($C$79:$C$250,MATCH($A59,$A$79:$A$250,0)) -> 타일·마작·트리플 매치 | C59: =INDEX($D$79:$D$250,MATCH($A59,$A$79:$A$250,0)) -> 27 | D59: =INDEX($E$79:$E$250,MATCH($A59,$A$79:$A$250,0)) -> 83 | E59: =INDEX($H$79:$H$250,MATCH($A59,$A$79:$A$250,0)) -> 87 | F59: =INDEX($F$79:$F$250,MATCH($A59,$A$79:$A$250,0)) -> ② 매출만 높음 | G59: =INDEX($I$79:$I$250,MATCH($A59,$A$79:$A$250,0)) -> 2인 가능 | H59: 개발 1 + 3D 아트·기획 1 | I59: 약 3~4개월 | J59: 3D 물건 3개 모으기 규칙, 물건 모델 세트(에셋 구매 검토), 시간 제한·부스터 | K59: 3D 물건 아트가 가장 큰 일 — 에셋 구매 여부가 기간을 좌우
A60: Cube Land Puzzle Game | B60: =INDEX($C$79:$C$250,MATCH($A60,$A$79:$A$250,0)) -> 블록 | C60: =INDEX($D$79:$D$250,MATCH($A60,$A$79:$A$250,0)) -> 64 | D60: =INDEX($E$79:$E$250,MATCH($A60,$A$79:$A$250,0)) -> 27 | E60: =INDEX($H$79:$H$250,MATCH($A60,$A$79:$A$250,0)) -> 96 | F60: =INDEX($F$79:$F$250,MATCH($A60,$A$79:$A$250,0)) -> ③ 다운로드만 높음 | G60: =INDEX($I$79:$I$250,MATCH($A60,$A$79:$A$250,0)) -> 2인 가능 | H60: 개발 1 + 기획·아트 1 | I60: 약 2~3개월 | J60: 블록 놓기·줄 지우기 규칙, 점수·콤보, 끝없는 모드와 광고 | K60: Block Blast!·Woodoku Blast 같은 강자가 무료 상위에 있음(1-2) — 테마·연출 차별화 필요
A61: Tiki Solitaire TriPeaks | B61: =INDEX($C$79:$C$250,MATCH($A61,$A$79:$A$250,0)) -> 솔리테어 | C61: =INDEX($D$79:$D$250,MATCH($A61,$A$79:$A$250,0)) -> 86 | D61: =INDEX($E$79:$E$250,MATCH($A61,$A$79:$A$250,0)) -> - | E61: =INDEX($H$79:$H$250,MATCH($A61,$A$79:$A$250,0)) -> 92 | F61: =INDEX($F$79:$F$250,MATCH($A61,$A$79:$A$250,0)) -> ④ 둘 다 기준 밖 | G61: =INDEX($I$79:$I$250,MATCH($A61,$A$79:$A$250,0)) -> 2인 가능 | H61: 개발 1 + 기획·아트 1 | I61: 약 2~3개월 | J61: 트라이픽스 규칙, 카드 배치 자동 생성, 테마 배경 몇 개, 부스터 | K61: 매출 상위 솔리테어는 맵·수집 메타가 있음 — MVP 뒤에 메타를 붙이는 순서
A62: Royal Smash! - Physics Puzzle | B62: =INDEX($C$79:$C$250,MATCH($A62,$A$79:$A$250,0)) -> 물리 파괴 | C62: =INDEX($D$79:$D$250,MATCH($A62,$A$79:$A$250,0)) -> 70 | D62: =INDEX($E$79:$E$250,MATCH($A62,$A$79:$A$250,0)) -> 9 | E62: =INDEX($H$79:$H$250,MATCH($A62,$A$79:$A$250,0)) -> 79 | F62: =INDEX($F$79:$F$250,MATCH($A62,$A$79:$A$250,0)) -> ③ 다운로드만 높음 | G62: =INDEX($I$79:$I$250,MATCH($A62,$A$79:$A$250,0)) -> 2인 가능 | H62: 개발 1 + 3D 아트·기획 1 | I62: 약 3~4개월 | J62: 물리 파괴 손맛, 짧은 레벨 묶음, 보상형 광고 | K62: 물리 튜닝과 3D 저폴리 아트가 개발 부담의 중심
A63: Arrow Puzzle: Tap Puzzle Games | B63: =INDEX($C$79:$C$250,MATCH($A63,$A$79:$A$250,0)) -> 탭 탈출 | C63: =INDEX($D$79:$D$250,MATCH($A63,$A$79:$A$250,0)) -> - | D63: =INDEX($E$79:$E$250,MATCH($A63,$A$79:$A$250,0)) -> 23 | E63: =INDEX($H$79:$H$250,MATCH($A63,$A$79:$A$250,0)) -> 96 | F63: =INDEX($F$79:$F$250,MATCH($A63,$A$79:$A$250,0)) -> ③ 다운로드만 높음 | G63: =INDEX($I$79:$I$250,MATCH($A63,$A$79:$A$250,0)) -> 2인 가능 | H63: 개발 1 + 기획·아트 1 | I63: 약 1.5~2.5개월 | J63: 화살표 방향대로 탭해서 빼내기 규칙, 레벨 생성기, 힌트(광고 보고 받기) | K63: 매출 Top100 밖(③ 유형) → 광고 수익형일 가능성(추정). 결제 매출 기대는 낮게
A64: Solitaire Associations Journey | B64: =INDEX($C$79:$C$250,MATCH($A64,$A$79:$A$250,0)) -> 워드 | C64: =INDEX($D$79:$D$250,MATCH($A64,$A$79:$A$250,0)) -> 94 | D64: =INDEX($E$79:$E$250,MATCH($A64,$A$79:$A$250,0)) -> - | E64: =INDEX($H$79:$H$250,MATCH($A64,$A$79:$A$250,0)) -> 91 | F64: =INDEX($F$79:$F$250,MATCH($A64,$A$79:$A$250,0)) -> ④ 둘 다 기준 밖 | G64: =INDEX($I$79:$I$250,MATCH($A64,$A$79:$A$250,0)) -> 2인 가능 | H64: 개발 1 + 기획·아트 1 | I64: 약 2~3개월 | J64: 단어 묶음 카드 규칙, 영어 단어 데이터, 하루 한 판 퍼즐 | K64: 언어마다 단어 데이터를 새로 만들어야 함 — 처음엔 영어(미국)만
A66: 이 표는 '2명이 MVP(최소 기능 제품)를 만들 수 있나'만 봅니다. 돈을 벌 수 있는지는 매출 순위(4-5)·광고 대비 유입(3-1)·마케팅 실행안(3-4, 다음 단계)에서 따로 봅니다.
A67: 후보 = 매출 Top100 안 게임 + 3-3 분류가 '③ 다운로드만 높음'인 게임 (G열 수식). '4-6 매출-다운로드 비교(참조)'의 B2·B3 기준값을 바꾸면 ③ 후보도 함께 바뀝니다.
A68: 세부 장르는 '4-5 매출 Top100(참조)' → 없으면 '4-4 Google Play Top100(참조)'에서 찾습니다(수식). 세 시트 모두 시장조사.xlsx의 참조용 복사본입니다.
A69: 세부 장르 점수(C~G열)·역할·MVP 기간은 분석자 판단/추정이며 근거 수치가 없습니다. 실제 게임별 개발 인원·기간·개발비·매출액: 비공개 (공개 자료로 확인 불가).
A70: 공개 자료로 대신 쓸 수 있는 지표: 매출 순위·무료 순위(AppBrain, 2026-10-04), AppBrain 추정 누적 설치 수(3-3 D열, 추정), 스토어 출시일(3-3 G열, 대부분 미조사).
A71: '1점 항목이 있으면 어려움' 규칙(E14)은 실시간 서버·대형 콘텐츠처럼 하나만 있어도 2명이 감당하기 어려운 경우를 거르려는 분석자 제안입니다. '아니오'로 바꾸면 점수만으로 판정합니다.
A72: 아래 ③ 전체 목록은 3-3의 172개 게임 전부이며, '후보 아님' 줄은 점수를 매기지 않습니다. 맨 위 머리 줄의 필터로 '후보'만 골라 볼 수 있습니다.
A77: ③ 전체 게임 목록 (3-3의 172개) — 장르·순위·유형은 참조 시트에서 수식으로 가져옴
A78: 게임명 | B78: 대분류 (수식) | C78: 세부 장르 (수식) | D78: 매출 순위 (수식) | E78: 무료 순위 (수식) | F78: 3-3 유형 (수식) | G78: 후보 여부 (수식) | H78: 점수 (수식) | I78: 판정 (수식) | K78: 찾기용 키 (수식)
A79: MONOPOLY GO! | B79: =IFERROR(INDEX('4-5 매출 Top100(참조)'!$D$2:$D$101,MATCH($A79,'4-5 매출 Top100(참조)'!$B$2:$B$101,0)),IFERROR(INDEX('4-4 Google Play Top100(참조)'!$D$2:$D$101,MATCH($A79,'4-4 Google Play Top100(참조)'!$B$2:$B$101,0)),"확인 불가")) -> 카드·보드·카지노 | C79: =IFERROR(INDEX('4-5 매출 Top100(참조)'!$E$2:$E$101,MATCH($A79,'4-5 매출 Top100(참조)'!$B$2:$B$101,0)),IFERROR(INDEX('4-4 Google Play Top100(참조)'!$E$2:$E$101,MATCH($A79,'4-4 Google Play Top100(참조)'!$B$2:$B$101,0)),"-")) -> 보드·주사위 소셜캐주얼 | D79: =INDEX('4-6 매출-다운로드 비교(참조)'!$B$6:$B$177,MATCH($A79,'4-6 매출-다운로드 비교(참조)'!$A$6:$A$177,0)) -> 1 | E79: =INDEX('4-6 매출-다운로드 비교(참조)'!$C$6:$C$177,MATCH($A79,'4-6 매출-다운로드 비교(참조)'!$A$6:$A$177,0)) -> 26 | F79: =INDEX('4-6 매출-다운로드 비교(참조)'!$H$6:$H$177,MATCH($A79,'4-6 매출-다운로드 비교(참조)'!$A$6:$A$177,0)) -> ① 둘 다 높음 | G79: =IF(OR(ISNUMBER(D79),F79="③ 다운로드만 높음"),"후보","후보 아님") -> 후보 | H79: =IF(G79<>"후보","",IFERROR(INDEX($H$18:$H$54,MATCH(K79,$K$18:$K$54,0)),"")) -> 38 | I79: =IF(G79<>"후보","-",IFERROR(INDEX($I$18:$I$54,MATCH(K79,$K$18:$K$54,0)),"판단 보류")) -> 2인 어려움 | K79: =B79&"|"&C79 -> 카드·보드·카지노|보드·주사위 소셜캐주얼
A80: Roblox | B80: =IFERROR(INDEX('4-5 매출 Top100(참조)'!$D$2:$D$101,MATCH($A80,'4-5 매출 Top100(참조)'!$B$2:$B$101,0)),IFERROR(INDEX('4-4 Google Play Top100(참조)'!$D$2:$D$101,MATCH($A80,'4-4 Google Play Top100(참조)'!$B$2:$B$101,0)),"확인 불가")) -> 기타(UGC·리워드) | C80: =IFERROR(INDEX('4-5 매출 Top100(참조)'!$E$2:$E$101,MATCH($A80,'4-5 매출 Top100(참조)'!$B$2:$B$101,0)),IFERROR(INDEX('4-4 Google Play Top100(참조)'!$E$2:$E$101,MATCH($A80,'4-4 Google Play Top100(참조)'!$B$2:$B$101,0)),"-")) -> UGC 플랫폼 | D80: =INDEX('4-6 매출-다운로드 비교(참조)'!$B$6:$B$177,MATCH($A80,'4-6 매출-다운로드 비교(참조)'!$A$6:$A$177,0)) -> 2 | E80: =INDEX('4-6 매출-다운로드 비교(참조)'!$C$6:$C$177,MATCH($A80,'4-6 매출-다운로드 비교(참조)'!$A$6:$A$177,0)) -> 4 | F80: =INDEX('4-6 매출-다운로드 비교(참조)'!$H$6:$H$177,MATCH($A80,'4-6 매출-다운로드 비교(참조)'!$A$6:$A$177,0)) -> ① 둘 다 높음 | G80: =IF(OR(ISNUMBER(D80),F80="③ 다운로드만 높음"),"후보","후보 아님") -> 후보 | H80: =IF(G80<>"후보","",IFERROR(INDEX($H$18:$H$54,MATCH(K80,$K$18:$K$54,0)),"")) -> 24 | I80: =IF(G80<>"후보","-",IFERROR(INDEX($I$18:$I$54,MATCH(K80,$K$18:$K$54,0)),"판단 보류")) -> 2인 어려움 | K80: =B80&"|"&C80 -> 기타(UGC·리워드)|UGC 플랫폼
A81: Candy Crush Saga | B81: =IFERROR(INDEX('4-5 매출 Top100(참조)'!$D$2:$D$101,MATCH($A81,'4-5 매출 Top100(참조)'!$B$2:$B$101,0)),IFERROR(INDEX('4-4 Google Play Top100(참조)'!$D$2:$D$101,MATCH($A81,'4-4 Google Play Top100(참조)'!$B$2:$B$101,0)),"확인 불가")) -> 퍼즐 | C81: =IFERROR(INDEX('4-5 매출 Top100(참조)'!$E$2:$E$101,MATCH($A81,'4-5 매출 Top100(참조)'!$B$2:$B$101,0)),IFERROR(INDEX('4-4 Google Play Top100(참조)'!$E$2:$E$101,MATCH($A81,'4-4 Google Play Top100(참조)'!$B$2:$B$101,0)),"-")) -> 매치3 | D81: =INDEX('4-6 매출-다운로드 비교(참조)'!$B$6:$B$177,MATCH($A81,'4-6 매출-다운로드 비교(참조)'!$A$6:$A$177,0)) -> 3 | E81: =INDEX('4-6 매출-다운로드 비교(참조)'!$C$6:$C$177,MATCH($A81,'4-6 매출-다운로드 비교(참조)'!$A$6:$A$177,0)) -> 48 | F81: =INDEX('4-6 매출-다운로드 비교(참조)'!$H$6:$H$177,MATCH($A81,'4-6 매출-다운로드 비교(참조)'!$A$6:$A$177,0)) -> ② 매출만 높음 | G81: =IF(OR(ISNUMBER(D81),F81="③ 다운로드만 높음"),"후보","후보 아님") -> 후보 | H81: =IF(G81<>"후보","",IFERROR(INDEX($H$18:$H$54,MATCH(K81,$K$18:$K$54,0)),"")) -> 60 | I81: =IF(G81<>"후보","-",IFERROR(INDEX($I$18:$I$54,MATCH(K81,$K$18:$K$54,0)),"판단 보류")) -> 조건부 (범위를 줄이면) | K81: =B81&"|"&C81 -> 퍼즐|매치3
A82: Royal Match | B82: =IFERROR(INDEX('4-5 매출 Top100(참조)'!$D$2:$D$101,MATCH($A82,'4-5 매출 Top100(참조)'!$B$2:$B$101,0)),IFERROR(INDEX('4-4 Google Play Top100(참조)'!$D$2:$D$101,MATCH($A82,'4-4 Google Play Top100(참조)'!$B$2:$B$101,0)),"확인 불가")) -> 퍼즐 | C82: =IFERROR(INDEX('4-5 매출 Top100(참조)'!$E$2:$E$101,MATCH($A82,'4-5 매출 Top100(참조)'!$B$2:$B$101,0)),IFERROR(INDEX('4-4 Google Play Top100(참조)'!$E$2:$E$101,MATCH($A82,'4-4 Google Play Top100(참조)'!$B$2:$B$101,0)),"-")) -> 매치3 | D82: =INDEX('4-6 매출-다운로드 비교(참조)'!$B$6:$B$177,MATCH($A82,'4-6 매출-다운로드 비교(참조)'!$A$6:$A$177,0)) -> 4 | E82: =INDEX('4-6 매출-다운로드 비교(참조)'!$C$6:$C$177,MATCH($A82,'4-6 매출-다운로드 비교(참조)'!$A$6:$A$177,0)) -> 42 | F82: =INDEX('4-6 매출-다운로드 비교(참조)'!$H$6:$H$177,MATCH($A82,'4-6 매출-다운로드 비교(참조)'!$A$6:$A$177,0)) -> ② 매출만 높음 | G82: =IF(OR(ISNUMBER(D82),F82="③ 다운로드만 높음"),"후보","후보 아님") -> 후보 | H82: =IF(G82<>"후보","",IFERROR(INDEX($H$18:$H$54,MATCH(K82,$K$18:$K$54,0)),"")) -> 60 | I82: =IF(G82<>"후보","-",IFERROR(INDEX($I$18:$I$54,MATCH(K82,$K$18:$K$54,0)),"판단 보류")) -> 조건부 (범위를 줄이면) | K82: =B82&"|"&C82 -> 퍼즐|매치3
A83: Gossip Harbor: Merge & Story | B83: =IFERROR(INDEX('4-5 매출 Top100(참조)'!$D$2:$D$101,MATCH($A83,'4-5 매출 Top100(참조)'!$B$2:$B$101,0)),IFERROR(INDEX('4-4 Google Play Top100(참조)'!$D$2:$D$101,MATCH($A83,'4-4 Google Play Top100(참조)'!$B$2:$B$101,0)),"확인 불가")) -> 퍼즐 | C83: =IFERROR(INDEX('4-5 매출 Top100(참조)'!$E$2:$E$101,MATCH($A83,'4-5 매출 Top100(참조)'!$B$2:$B$101,0)),IFERROR(INDEX('4-4 Google Play Top100(참조)'!$E$2:$E$101,MATCH($A83,'4-4 Google Play Top100(참조)'!$B$2:$B$101,0)),"-")) -> 머지 | D83: =INDEX('4-6 매출-다운로드 비교(참조)'!$B$6:$B$177,MATCH($A83,'4-6 매출-다운로드 비교(참조)'!$A$6:$A$177,0)) -> 5 | E83: =INDEX('4-6 매출-다운로드 비교(참조)'!$C$6:$C$177,MATCH($A83,'4-6 매출-다운로드 비교(참조)'!$A$6:$A$177,0)) -> 17 | F83: =INDEX('4-6 매출-다운로드 비교(참조)'!$H$6:$H$177,MATCH($A83,'4-6 매출-다운로드 비교(참조)'!$A$6:$A$177,0)) -> ① 둘 다 높음 | G83: =IF(OR(ISNUMBER(D83),F83="③ 다운로드만 높음"),"후보","후보 아님") -> 후보 | H83: =IF(G83<>"후보","",IFERROR(INDEX($H$18:$H$54,MATCH(K83,$K$18:$K$54,0)),"")) -> 56 | I83: =IF(G83<>"후보","-",IFERROR(INDEX($I$18:$I$54,MATCH(K83,$K$18:$K$54,0)),"판단 보류")) -> 조건부 (범위를 줄이면) | K83: =B83&"|"&C83 -> 퍼즐|머지
A84: Township | B84: =IFERROR(INDEX('4-5 매출 Top100(참조)'!$D$2:$D$101,MATCH($A84,'4-5 매출 Top100(참조)'!$B$2:$B$101,0)),IFERROR(INDEX('4-4 Google Play Top100(참조)'!$D$2:$D$101,MATCH($A84,'4-4 Google Play Top100(참조)'!$B$2:$B$101,0)),"확인 불가")) -> 시뮬레이션 | C84: =IFERROR(INDEX('4-5 매출 Top100(참조)'!$E$2:$E$101,MATCH($A84,'4-5 매출 Top100(참조)'!$B$2:$B$101,0)),IFERROR(INDEX('4-4 Google Play Top100(참조)'!$E$2:$E$101,MATCH($A84,'4-4 Google Play Top100(참조)'!$B$2:$B$101,0)),"-")) -> 농장·타운 빌딩 | D84: =INDEX('4-6 매출-다운로드 비교(참조)'!$B$6:$B$177,MATCH($A84,'4-6 매출-다운로드 비교(참조)'!$A$6:$A$177,0)) -> 6 | E84: =INDEX('4-6 매출-다운로드 비교(참조)'!$C$6:$C$177,MATCH($A84,'4-6 매출-다운로드 비교(참조)'!$A$6:$A$177,0)) -> 22 | F84: =INDEX('4-6 매출-다운로드 비교(참조)'!$H$6:$H$177,MATCH($A84,'4-6 매출-다운로드 비교(참조)'!$A$6:$A$177,0)) -> ① 둘 다 높음 | G84: =IF(OR(ISNUMBER(D84),F84="③ 다운로드만 높음"),"후보","후보 아님") -> 후보 | H84: =IF(G84<>"후보","",IFERROR(INDEX($H$18:$H$54,MATCH(K84,$K$18:$K$54,0)),"")) -> 38 | I84: =IF(G84<>"후보","-",IFERROR(INDEX($I$18:$I$54,MATCH(K84,$K$18:$K$54,0)),"판단 보류")) -> 2인 어려움 | K84: =B84&"|"&C84 -> 시뮬레이션|농장·타운 빌딩
A85: Coin Master | B85: =IFERROR(INDEX('4-5 매출 Top100(참조)'!$D$2:$D$101,MATCH($A85,'4-5 매출 Top100(참조)'!$B$2:$B$101,0)),IFERROR(INDEX('4-4 Google Play Top100(참조)'!$D$2:$D$101,MATCH($A85,'4-4 Google Play Top100(참조)'!$B$2:$B$101,0)),"확인 불가")) -> 카드·보드·카지노 | C85: =IFERROR(INDEX('4-5 매출 Top100(참조)'!$E$2:$E$101,MATCH($A85,'4-5 매출 Top100(참조)'!$B$2:$B$101,0)),IFERROR(INDEX('4-4 Google Play Top100(참조)'!$E$2:$E$101,MATCH($A85,'4-4 Google Play Top100(참조)'!$B$2:$B$101,0)),"-")) -> 보드·주사위 소셜캐주얼 | D85: =INDEX('4-6 매출-다운로드 비교(참조)'!$B$6:$B$177,MATCH($A85,'4-6 매출-다운로드 비교(참조)'!$A$6:$A$177,0)) -> 7 | E85: =INDEX('4-6 매출-다운로드 비교(참조)'!$C$6:$C$177,MATCH($A85,'4-6 매출-다운로드 비교(참조)'!$A$6:$A$177,0)) -> - | F85: =INDEX('4-6 매출-다운로드 비교(참조)'!$H$6:$H$177,MATCH($A85,'4-6 매출-다운로드 비교(참조)'!$A$6:$A$177,0)) -> ② 매출만 높음 | G85: =IF(OR(ISNUMBER(D85),F85="③ 다운로드만 높음"),"후보","후보 아님") -> 후보 | H85: =IF(G85<>"후보","",IFERROR(INDEX($H$18:$H$54,MATCH(K85,$K$18:$K$54,0)),"")) -> 38 | I85: =IF(G85<>"후보","-",IFERROR(INDEX($I$18:$I$54,MATCH(K85,$K$18:$K$54,0)),"판단 보류")) -> 2인 어려움 | K85: =B85&"|"&C85 -> 카드·보드·카지노|보드·주사위 소셜캐주얼
A86: Kingshot | B86: =IFERROR(INDEX('4-5 매출 Top100(참조)'!$D$2:$D$101,MATCH($A86,'4-5 매출 Top100(참조)'!$B$2:$B$101,0)),IFERROR(INDEX('4-4 Google Play Top100(참조)'!$D$2:$D$101,MATCH($A86,'4-4 Google Play Top100(참조)'!$B$2:$B$101,0)),"확인 불가")) -> 전략 | C86: =IFERROR(INDEX('4-5 매출 Top100(참조)'!$E$2:$E$101,MATCH($A86,'4-5 매출 Top100(참조)'!$B$2:$B$101,0)),IFERROR(INDEX('4-4 Google Play Top100(참조)'!$E$2:$E$101,MATCH($A86,'4-4 Google Play Top100(참조)'!$B$2:$B$101,0)),"-")) -> 4X·SLG | D86: =INDEX('4-6 매출-다운로드 비교(참조)'!$B$6:$B$177,MATCH($A86,'4-6 매출-다운로드 비교(참조)'!$A$6:$A$177,0)) -> 8 | E86: =INDEX('4-6 매출-다운로드 비교(참조)'!$C$6:$C$177,MATCH($A86,'4-6 매출-다운로드 비교(참조)'!$A$6:$A$177,0)) -> - | F86: =INDEX('4-6 매출-다운로드 비교(참조)'!$H$6:$H$177,MATCH($A86,'4-6 매출-다운로드 비교(참조)'!$A$6:$A$177,0)) -> ② 매출만 높음 | G86: =IF(OR(ISNUMBER(D86),F86="③ 다운로드만 높음"),"후보","후보 아님") -> 후보 | H86: =IF(G86<>"후보","",IFERROR(INDEX($H$18:$H$54,MATCH(K86,$K$18:$K$54,0)),"")) -> 24 | I86: =IF(G86<>"후보","-",IFERROR(INDEX($I$18:$I$54,MATCH(K86,$K$18:$K$54,0)),"판단 보류")) -> 2인 어려움 | K86: =B86&"|"&C86 -> 전략|4X·SLG
A87: Royal Kingdom | B87: =IFERROR(INDEX('4-5 매출 Top100(참조)'!$D$2:$D$101,MATCH($A87,'4-5 매출 Top100(참조)'!$B$2:$B$101,0)),IFERROR(INDEX('4-4 Google Play Top100(참조)'!$D$2:$D$101,MATCH($A87,'4-4 Google Play Top100(참조)'!$B$2:$B$101,0)),"확인 불가")) -> 퍼즐 | C87: =IFERROR(INDEX('4-5 매출 Top100(참조)'!$E$2:$E$101,MATCH($A87,'4-5 매출 Top100(참조)'!$B$2:$B$101,0)),IFERROR(INDEX('4-4 Google Play Top100(참조)'!$E$2:$E$101,MATCH($A87,'4-4 Google Play Top100(참조)'!$B$2:$B$101,0)),"-")) -> 매치3 | D87: =INDEX('4-6 매출-다운로드 비교(참조)'!$B$6:$B$177,MATCH($A87,'4-6 매출-다운로드 비교(참조)'!$A$6:$A$177,0)) -> 9 | E87: =INDEX('4-6 매출-다운로드 비교(참조)'!$C$6:$C$177,MATCH($A87,'4-6 매출-다운로드 비교(참조)'!$A$6:$A$177,0)) -> 47 | F87: =INDEX('4-6 매출-다운로드 비교(참조)'!$H$6:$H$177,MATCH($A87,'4-6 매출-다운로드 비교(참조)'!$A$6:$A$177,0)) -> ② 매출만 높음 | G87: =IF(OR(ISNUMBER(D87),F87="③ 다운로드만 높음"),"후보","후보 아님") -> 후보 | H87: =IF(G87<>"후보","",IFERROR(INDEX($H$18:$H$54,MATCH(K87,$K$18:$K$54,0)),"")) -> 60 | I87: =IF(G87<>"후보","-",IFERROR(INDEX($I$18:$I$54,MATCH(K87,$K$18:$K$54,0)),"판단 보류")) -> 조건부 (범위를 줄이면) | K87: =B87&"|"&C87 -> 퍼즐|매치3
A88: Whiteout Survival | B88: =IFERROR(INDEX('4-5 매출 Top100(참조)'!$D$2:$D$101,MATCH($A88,'4-5 매출 Top100(참조)'!$B$2:$B$101,0)),IFERROR(INDEX('4-4 Google Play Top100(참조)'!$D$2:$D$101,MATCH($A88,'4-4 Google Play Top100(참조)'!$B$2:$B$101,0)),"확인 불가")) -> 전략 | C88: =IFERROR(INDEX('4-5 매출 Top100(참조)'!$E$2:$E$101,MATCH($A88,'4-5 매출 Top100(참조)'!$B$2:$B$101,0)),IFERROR(INDEX('4-4 Google Play Top100(참조)'!$E$2:$E$101,MATCH($A88,'4-4 Google Play Top100(참조)'!$B$2:$B$101,0)),"-")) -> 4X·SLG | D88: =INDEX('4-6 매출-다운로드 비교(참조)'!$B$6:$B$177,MATCH($A88,'4-6 매출-다운로드 비교(참조)'!$A$6:$A$177,0)) -> 10 | E88: =INDEX('4-6 매출-다운로드 비교(참조)'!$C$6:$C$177,MATCH($A88,'4-6 매출-다운로드 비교(참조)'!$A$6:$A$177,0)) -> 63 | F88: =INDEX('4-6 매출-다운로드 비교(참조)'!$H$6:$H$177,MATCH($A88,'4-6 매출-다운로드 비교(참조)'!$A$6:$A$177,0)) -> ② 매출만 높음 | G88: =IF(OR(ISNUMBER(D88),F88="③ 다운로드만 높음"),"후보","후보 아님") -> 후보 | H88: =IF(G88<>"후보","",IFERROR(INDEX($H$18:$H$54,MATCH(K88,$K$18:$K$54,0)),"")) -> 24 | I88: =IF(G88<>"후보","-",IFERROR(INDEX($I$18:$I$54,MATCH(K88,$K$18:$K$54,0)),"판단 보류")) -> 2인 어려움 | K88: =B88&"|"&C88 -> 전략|4X·SLG
A89: Pokémon GO | B89: =IFERROR(INDEX('4-5 매출 Top100(참조)'!$D$2:$D$101,MATCH($A89,'4-5 매출 Top100(참조)'!$B$2:$B$101,0)),IFERROR(INDEX('4-4 Google Play Top100(참조)'!$D$2:$D$101,MATCH($A89,'4-4 Google Play Top100(참조)'!$B$2:$B$101,0)),"확인 불가")) -> RPG | C89: =IFERROR(INDEX('4-5 매출 Top100(참조)'!$E$2:$E$101,MATCH($A89,'4-5 매출 Top100(참조)'!$B$2:$B$101,0)),IFERROR(INDEX('4-4 Google Play Top100(참조)'!$E$2:$E$101,MATCH($A89,'4-4 Google Play Top100(참조)'!$B$2:$B$101,0)),"-")) -> 위치기반 수집 | D89: =INDEX('4-6 매출-다운로드 비교(참조)'!$B$6:$B$177,MATCH($A89,'4-6 매출-다운로드 비교(참조)'!$A$6:$A$177,0)) -> 11 | E89: =INDEX('4-6 매출-다운로드 비교(참조)'!$C$6:$C$177,MATCH($A89,'4-6 매출-다운로드 비교(참조)'!$A$6:$A$177,0)) -> - | F89: =INDEX('4-6 매출-다운로드 비교(참조)'!$H$6:$H$177,MATCH($A89,'4-6 매출-다운로드 비교(참조)'!$A$6:$A$177,0)) -> ② 매출만 높음 | G89: =IF(OR(ISNUMBER(D89),F89="③ 다운로드만 높음"),"후보","후보 아님") -> 후보 | H89: =IF(G89<>"후보","",IFERROR(INDEX($H$18:$H$54,MATCH(K89,$K$18:$K$54,0)),"")) -> 28 | I89: =IF(G89<>"후보","-",IFERROR(INDEX($I$18:$I$54,MATCH(K89,$K$18:$K$54,0)),"판단 보류")) -> 2인 어려움 | K89: =B89&"|"&C89 -> RPG|위치기반 수집
A90: Last War:Survival Game | B90: =IFERROR(INDEX('4-5 매출 Top100(참조)'!$D$2:$D$101,MATCH($A90,'4-5 매출 Top100(참조)'!$B$2:$B$101,0)),IFERROR(INDEX('4-4 Google Play Top100(참조)'!$D$2:$D$101,MATCH($A90,'4-4 Google Play Top100(참조)'!$B$2:$B$101,0)),"확인 불가")) -> 전략 | C90: =IFERROR(INDEX('4-5 매출 Top100(참조)'!$E$2:$E$101,MATCH($A90,'4-5 매출 Top100(참조)'!$B$2:$B$101,0)),IFERROR(INDEX('4-4 Google Play Top100(참조)'!$E$2:$E$101,MATCH($A90,'4-4 Google Play Top100(참조)'!$B$2:$B$101,0)),"-")) -> 4X·SLG | D90: =INDEX('4-6 매출-다운로드 비교(참조)'!$B$6:$B$177,MATCH($A90,'4-6 매출-다운로드 비교(참조)'!$A$6:$A$177,0)) -> 12 | E90: =INDEX('4-6 매출-다운로드 비교(참조)'!$C$6:$C$177,MATCH($A90,'4-6 매출-다운로드 비교(참조)'!$A$6:$A$177,0)) -> - | F90: =INDEX('4-6 매출-다운로드 비교(참조)'!$H$6:$H$177,MATCH($A90,'4-6 매출-다운로드 비교(참조)'!$A$6:$A$177,0)) -> ② 매출만 높음 | G90: =IF(OR(ISNUMBER(D90),F90="③ 다운로드만 높음"),"후보","후보 아님") -> 후보 | H90: =IF(G90<>"후보","",IFERROR(INDEX($H$18:$H$54,MATCH(K90,$K$18:$K$54,0)),"")) -> 24 | I90: =IF(G90<>"후보","-",IFERROR(INDEX($I$18:$I$54,MATCH(K90,$K$18:$K$54,0)),"판단 보류")) -> 2인 어려움 | K90: =B90&"|"&C90 -> 전략|4X·SLG
... A250: Bloons Blitz | B250: =IFERROR(INDEX('4-5 매출 Top100(참조)'!$D$2:$D$101,MATCH($A250,'4-5 매출 Top100(참조)'!$B$2:$B$101,0)),IFERROR(INDEX('4-4 Google Play Top100(참조)'!$D$2:$D$101,MATCH($A250,'4-4 Google Play Top100(참조)'!$B$2:$B$101,0)),"확인 불가")) -> 하이퍼·하이브리드 캐주얼 | C250: =IFERROR(INDEX('4-5 매출 Top100(참조)'!$E$2:$E$101,MATCH($A250,'4-5 매출 Top100(참조)'!$B$2:$B$101,0)),IFERROR(INDEX('4-4 Google Play Top100(참조)'!$E$2:$E$101,MATCH($A250,'4-4 Google Play Top100(참조)'!$B$2:$B$101,0)),"-")) -> 아케이드 | D250: =INDEX('4-6 매출-다운로드 비교(참조)'!$B$6:$B$177,MATCH($A250,'4-6 매출-다운로드 비교(참조)'!$A$6:$A$177,0)) -> - | E250: =INDEX('4-6 매출-다운로드 비교(참조)'!$C$6:$C$177,MATCH($A250,'4-6 매출-다운로드 비교(참조)'!$A$6:$A$177,0)) -> 100 | F250: =INDEX('4-6 매출-다운로드 비교(참조)'!$H$6:$H$177,MATCH($A250,'4-6 매출-다운로드 비교(참조)'!$A$6:$A$177,0)) -> ④ 둘 다 기준 밖 | G250: =IF(OR(ISNUMBER(D250),F250="③ 다운로드만 높음"),"후보","후보 아님") -> 후보 아님 | H250: =IF(G250<>"후보","",IFERROR(INDEX($H$18:$H$54,MATCH(K250,$K$18:$K$54,0)),"")) | I250: =IF(G250<>"후보","-",IFERROR(INDEX($I$18:$I$54,MATCH(K250,$K$18:$K$54,0)),"판단 보류")) -> - | K250: =B250&"|"&C250 -> 하이퍼·하이브리드 캐주얼|아케이드

Sheet 3-1 광고 대비 유입
A1: 광고 대비 유입 — 광고비 → 설치 수 → D1·D7·D30에 다시 오는 사람 수
A2: 읽는 법: 광고비 ÷ CPI(설치 1번에 드는 광고비) = 설치 수 → 설치 수 × 리텐션(며칠 뒤 다시 오는 비율) = 그날 남는 사람 수. 파란 글씨 = 바꿀 수 있는 가정값, 노란 칸 = 2차 인용·섞인 가정·확인 불가
A4: 꼭 읽을 주의점 3가지
A5: ① 출처마다 CPI가 10배 넘게 달라요. 예) 같은 '캐주얼 게임 Android'가 Liftoff 원문은 $0.14인데, 한 2026년 블로그(digitalapplied.com)는 $1.12로 적음 — 그 블로그는 여러 보고서를 섞어 원문 확인이 안 돼 쓰지 않음. 이 표는 원문을 확인한 값만 '원문', 블로그 등을 거친 값은 '2차 인용'(노란 칸)으로 나눔.
A6: ② 시장 전체 값이 아니에요. Liftoff 보고서의 CPI는 측정 회사 Singular의 데이터(노출 1.1조·설치 24억·광고비 $119억)이고, Adjust 값은 Adjust가 추적하는 앱만의 값이에요(Adjust 스스로 '전체 시장을 반영하지 않을 수 있다'고 밝힘, p.8).
A7: ③ '지역 × OS × 장르'를 모두 나눈 공개 값은 없어요. 지역별 값은 Adjust(iOS+Android 합산, 게임 전체), OS·장르별 값은 Liftoff(전 세계)뿐이라, 둘을 섞은 시나리오(S5~S8)는 '섞인 가정'이에요. 블로그에 도는 '미드코어 북미 $5.45·남미 $0.27'은 원문을 찾지 못해 쓰지 않음.
A9: ① CPI 출처표 (설치 1번에 드는 광고비, 미국 달러)
A10: ID | B10: 지역 | C10: OS | D10: 장르 | E10: CPI ($) | F10: 데이터 기간 | G10: 자료 등급 | H10: 비고 | I10: 출처 (이름 · URL)
A11: C01 | B11: 전 세계 | C11: iOS+Android 합산 | D11: 게임 전체 | E11: 0.56 | F11: 2025년 | G11: 원문 | H11: 2024년 대비 +30% | I11: Adjust, The gaming app insights report: 2026 edition, p.28~29 (Adjust 추적 앱 집계, 2024-01~2026-01) — 원문 PDF 게시본 https://investgame.net/wp-content/uploads/2026/03/2026-03-26-gaming-app-insights-report-2026_wp.pdf (2026-10-05 조회)
A12: C02 | B12: 북미 | C12: iOS+Android 합산 | D12: 게임 전체 | E12: 1.68 | F12: 2025년 | G12: 원문 | H12: 2024년 $1.28 | I12: Adjust, The gaming app insights report: 2026 edition, p.28~29 (Adjust 추적 앱 집계, 2024-01~2026-01) — 원문 PDF 게시본 https://investgame.net/wp-content/uploads/2026/03/2026-03-26-gaming-app-insights-report-2026_wp.pdf (2026-10-05 조회)
A13: C03 | B13: 미국 | C13: iOS+Android 합산 | D13: 게임 전체 | E13: 1.71 | F13: 2025년 | G13: 원문 | H13: 2024년 $1.31 | I13: Adjust, The gaming app insights report: 2026 edition, p.28~29 (Adjust 추적 앱 집계, 2024-01~2026-01) — 원문 PDF 게시본 https://investgame.net/wp-content/uploads/2026/03/2026-03-26-gaming-app-insights-report-2026_wp.pdf (2026-10-05 조회)
A14: C04 | B14: 남미 (LATAM) | C14: iOS+Android 합산 | D14: 게임 전체 | E14: 0.14 | F14: 2025년 | G14: 원문 | H14: 2024년 대비 +40% | I14: Adjust, The gaming app insights report: 2026 edition, p.28~29 (Adjust 추적 앱 집계, 2024-01~2026-01) — 원문 PDF 게시본 https://investgame.net/wp-content/uploads/2026/03/2026-03-26-gaming-app-insights-report-2026_wp.pdf (2026-10-05 조회)
A15: C05 | B15: 아시아태평양 (APAC) | C15: iOS+Android 합산 | D15: 게임 전체 | E15: 0.27 | F15: 2025년 | G15: 원문 | H15: 2024년 $0.21. 일본·한국 등 나라별 값은 그래프에만 있어 확인 불가 | I15: Adjust, The gaming app insights report: 2026 edition, p.28~29 (Adjust 추적 앱 집계, 2024-01~2026-01) — 원문 PDF 게시본 https://investgame.net/wp-content/uploads/2026/03/2026-03-26-gaming-app-insights-report-2026_wp.pdf (2026-10-05 조회)
A16: C06 | B16: 유럽 | C16: iOS+Android 합산 | D16: 게임 전체 | E16: 0.53 | F16: 2025년 | G16: 원문 | H16: 2024년 $0.36 | I16: Adjust, The gaming app insights report: 2026 edition, p.28~29 (Adjust 추적 앱 집계, 2024-01~2026-01) — 원문 PDF 게시본 https://investgame.net/wp-content/uploads/2026/03/2026-03-26-gaming-app-insights-report-2026_wp.pdf (2026-10-05 조회)
A17: C07 | B17: 전 세계 | C17: iOS+Android 합산 | D17: 슬롯 | E17: 4.47 | F17: 2025년 | G17: 원문 | H17: 2025년 장르 중 가장 비쌈 | I17: Adjust, The gaming app insights report: 2026 edition, p.28~29 (Adjust 추적 앱 집계, 2024-01~2026-01) — 원문 PDF 게시본 https://investgame.net/wp-content/uploads/2026/03/2026-03-26-gaming-app-insights-report-2026_wp.pdf (2026-10-05 조회)
A18: C08 | B18: 전 세계 | C18: iOS+Android 합산 | D18: 방치형 RPG | E18: 3.19 | F18: 2025년 | G18: 원문 | I18: Adjust, The gaming app insights report: 2026 edition, p.28~29 (Adjust 추적 앱 집계, 2024-01~2026-01) — 원문 PDF 게시본 https://investgame.net/wp-content/uploads/2026/03/2026-03-26-gaming-app-insights-report-2026_wp.pdf (2026-10-05 조회)
A19: C09 | B19: 전 세계 | C19: iOS+Android 합산 | D19: 전략 | E19: 1.03 | F19: 2025년 | G19: 원문 | I19: Adjust, The gaming app insights report: 2026 edition, p.28~29 (Adjust 추적 앱 집계, 2024-01~2026-01) — 원문 PDF 게시본 https://investgame.net/wp-content/uploads/2026/03/2026-03-26-gaming-app-insights-report-2026_wp.pdf (2026-10-05 조회)
A20: C10 | B20: 전 세계 | C20: iOS | D20: 캐주얼 (하이퍼캐주얼 포함) | E20: 1.41 | F20: 2024-02~2025-02 | G20: 원문 | I20: Liftoff·Singular, 2025 Casual Gaming Apps Report — 'CPI by genre by platform' (Singular 데이터 2024-02~2025-02) https://liftoff.ai/2025-casual-gaming-apps-report/ (2026-10-05 조회)
A21: C11 | B21: 전 세계 | C21: Android | D21: 캐주얼 (하이퍼캐주얼 포함) | E21: 0.14 | F21: 2024-02~2025-02 | G21: 원문 | I21: Liftoff·Singular, 2025 Casual Gaming Apps Report — 'CPI by genre by platform' (Singular 데이터 2024-02~2025-02) https://liftoff.ai/2025-casual-gaming-apps-report/ (2026-10-05 조회)
A22: C12 | B22: 전 세계 | C22: iOS | D22: 카지노 | E22: 21.03 | F22: 2024-02~2025-02 | G22: 원문 | I22: Liftoff·Singular, 2025 Casual Gaming Apps Report — 'CPI by genre by platform' (Singular 데이터 2024-02~2025-02) https://liftoff.ai/2025-casual-gaming-apps-report/ (2026-10-05 조회)
A23: C13 | B23: 전 세계 | C23: Android | D23: 카지노 | E23: 4.1 | F23: 2024-02~2025-02 | G23: 2차 인용 | H23: 원문은 그래프 이미지라 직접 확인 못 함 | I23: Mistplay 블로그, How much does mobile user acquisition cost in 2026? (Liftoff 2025 보고서 인용) https://business.mistplay.com/resources/user-acquisition-cost
A24: C14 | B24: 전 세계 | C24: iOS | D24: 퍼즐 | E24: 2.8 | F24: 2024-02~2025-02 | G24: 2차 인용 | H24: Statista 표의 열 이름이 안 보여, 같은 표 캐주얼 줄(0.14·1.41)이 원문 Android·iOS 값과 같은 것으로 열 순서를 판단 | I24: Statista, Cost per install (CPI) of gaming apps worldwide Feb 2024–Feb 2025, by genre and platform (출처 표기: Liftoff, 2025-04-29) https://www.statista.com/statistics/1241651/global-cpi-gaming-apps-genre-platform/
A25: C15 | B25: 전 세계 | C25: Android | D25: 퍼즐 | E25: 0.64 | F25: 2024-02~2025-02 | G25: 2차 인용 | H25: C14와 같은 방법으로 열 순서 판단 | I25: Statista, Cost per install (CPI) of gaming apps worldwide Feb 2024–Feb 2025, by genre and platform (출처 표기: Liftoff, 2025-04-29) https://www.statista.com/statistics/1241651/global-cpi-gaming-apps-genre-platform/
A26: C16 | B26: 전 세계 | C26: Android | D26: RPG | E26: 4.29 | F26: 2024-02~2025-02 | G26: 2차 인용 | H26: 요약 글에만 있음 (원문 그래프 이미지) | I26: GameDev Reports, Liftoff & Singular: Casual Games in 2025 (요약) https://gamedevreports.substack.com/p/liftoff-and-singular-casual-games
A27: C17 | B27: 북미·남미·아시아 각각 | C27: iOS / Android 각각 | D27: 퍼즐 등 장르 각각 | E27: 확인 불가 | F27: — | G27: 확인 불가 | H27: 세 가지를 모두 나눈 공개 원문 값을 찾지 못함 | I27: —
A29: ② 계산표 — 시나리오 조합·광고비는 분석자 가정(파란 글씨, 바꿔 쓰는 칸). 리텐션은 '4-1 지역 벤치마크(참조)'에서 수식으로 가져옴
A30: 시나리오 | B30: 설명 | C30: 광고비 ($) | D30: CPI 출처 ID (A열에서 선택) | E30: 출처 CPI ($) | F30: 직접 입력 CPI ($) (비우면 출처값) | G30: 쓰는 CPI ($) | H30: 설치 수 | I30: 리텐션 지역 | J30: 리텐션 구간 | K30: D1 리텐션 | L30: D7 리텐션 | M30: D30 리텐션 | N30: D1에 남는 사람 | O30: D7에 남는 사람 | P30: D30에 남는 사람 | Q30: D7에 100명 남기려면 필요한 광고비 ($)
A31: S1 | B31: 미국 · 게임 전체 평균 CPI · 보통 게임(중앙값 P50) 리텐션 | C31: 1000 | D31: C03 | E31: =IFERROR(INDEX($E$11:$E$27,MATCH($D31,$A$11:$A$27,0)),"") -> 1.71 | G31: =IF($F31<>"",$F31,$E31) -> 1.71 | H31: =IFERROR($C31/$G31,"") -> 584.79532 | I31: 북미 | J31: P50 | K31: =IF($J31="P50",SUMIFS('4-1 지역 벤치마크(참조)'!$C$2:$C$28,'4-1 지역 벤치마크(참조)'!$A$2:$A$28,$I31,'4-1 지역 벤치마크(참조)'!$B$2:$B$28,"D1 리텐션"),IF($J31="P90",SUMIFS('4-1 지역 벤치마크(참조)'!$D$2:$D$28,'4-1 지역 벤치마크(참조)'!$A$2:$A$28,$I31,'4-1 지역 벤치마크(참조)'!$B$2:$B$28,"D1 리텐션"),IF($J31="P99",SUMIFS('4-1 지역 벤치마크(참조)'!$E$2:$E$28,'4-1 지역 벤치마크(참조)'!$A$2:$A$28,$I31,'4-1 지역 벤치마크(참조)'!$B$2:$B$28,"D1 리텐션"),""))) -> 0.2328 | L31: =IF($J31="P50",SUMIFS('4-1 지역 벤치마크(참조)'!$C$2:$C$28,'4-1 지역 벤치마크(참조)'!$A$2:$A$28,$I31,'4-1 지역 벤치마크(참조)'!$B$2:$B$28,"D7 리텐션"),IF($J31="P90",SUMIFS('4-1 지역 벤치마크(참조)'!$D$2:$D$28,'4-1 지역 벤치마크(참조)'!$A$2:$A$28,$I31,'4-1 지역 벤치마크(참조)'!$B$2:$B$28,"D7 리텐션"),IF($J31="P99",SUMIFS('4-1 지역 벤치마크(참조)'!$E$2:$E$28,'4-1 지역 벤치마크(참조)'!$A$2:$A$28,$I31,'4-1 지역 벤치마크(참조)'!$B$2:$B$28,"D7 리텐션"),""))) -> 0.0497 | M31: =IF($J31="P50",SUMIFS('4-1 지역 벤치마크(참조)'!$C$2:$C$28,'4-1 지역 벤치마크(참조)'!$A$2:$A$28,$I31,'4-1 지역 벤치마크(참조)'!$B$2:$B$28,"D30 리텐션"),IF($J31="P90",SUMIFS('4-1 지역 벤치마크(참조)'!$D$2:$D$28,'4-1 지역 벤치마크(참조)'!$A$2:$A$28,$I31,'4-1 지역 벤치마크(참조)'!$B$2:$B$28,"D30 리텐션"),IF($J31="P99",SUMIFS('4-1 지역 벤치마크(참조)'!$E$2:$E$28,'4-1 지역 벤치마크(참조)'!$A$2:$A$28,$I31,'4-1 지역 벤치마크(참조)'!$B$2:$B$28,"D30 리텐션"),""))) -> 0.0118 | N31: =IFERROR($H31*K31,"") -> 136.14035 | O31: =IFERROR($H31*L31,"") -> 29.064327 | P31: =IFERROR($H31*M31,"") -> 6.9005848 | Q31: =IFERROR(100/$L31*$G31,"") -> 3440.6439
A32: S2 | B32: 미국 · 게임 전체 평균 CPI · 상위 10%(P90) 리텐션 — 잘 만든 게임 목표 | C32: 1000 | D32: C03 | E32: =IFERROR(INDEX($E$11:$E$27,MATCH($D32,$A$11:$A$27,0)),"") -> 1.71 | G32: =IF($F32<>"",$F32,$E32) -> 1.71 | H32: =IFERROR($C32/$G32,"") -> 584.79532 | I32: 북미 | J32: P90 | K32: =IF($J32="P50",SUMIFS('4-1 지역 벤치마크(참조)'!$C$2:$C$28,'4-1 지역 벤치마크(참조)'!$A$2:$A$28,$I32,'4-1 지역 벤치마크(참조)'!$B$2:$B$28,"D1 리텐션"),IF($J32="P90",SUMIFS('4-1 지역 벤치마크(참조)'!$D$2:$D$28,'4-1 지역 벤치마크(참조)'!$A$2:$A$28,$I32,'4-1 지역 벤치마크(참조)'!$B$2:$B$28,"D1 리텐션"),IF($J32="P99",SUMIFS('4-1 지역 벤치마크(참조)'!$E$2:$E$28,'4-1 지역 벤치마크(참조)'!$A$2:$A$28,$I32,'4-1 지역 벤치마크(참조)'!$B$2:$B$28,"D1 리텐션"),""))) -> 0.369 | L32: =IF($J32="P50",SUMIFS('4-1 지역 벤치마크(참조)'!$C$2:$C$28,'4-1 지역 벤치마크(참조)'!$A$2:$A$28,$I32,'4-1 지역 벤치마크(참조)'!$B$2:$B$28,"D7 리텐션"),IF($J32="P90",SUMIFS('4-1 지역 벤치마크(참조)'!$D$2:$D$28,'4-1 지역 벤치마크(참조)'!$A$2:$A$28,$I32,'4-1 지역 벤치마크(참조)'!$B$2:$B$28,"D7 리텐션"),IF($J32="P99",SUMIFS('4-1 지역 벤치마크(참조)'!$E$2:$E$28,'4-1 지역 벤치마크(참조)'!$A$2:$A$28,$I32,'4-1 지역 벤치마크(참조)'!$B$2:$B$28,"D7 리텐션"),""))) -> 0.1258 | M32: =IF($J32="P50",SUMIFS('4-1 지역 벤치마크(참조)'!$C$2:$C$28,'4-1 지역 벤치마크(참조)'!$A$2:$A$28,$I32,'4-1 지역 벤치마크(참조)'!$B$2:$B$28,"D30 리텐션"),IF($J32="P90",SUMIFS('4-1 지역 벤치마크(참조)'!$D$2:$D$28,'4-1 지역 벤치마크(참조)'!$A$2:$A$28,$I32,'4-1 지역 벤치마크(참조)'!$B$2:$B$28,"D30 리텐션"),IF($J32="P99",SUMIFS('4-1 지역 벤치마크(참조)'!$E$2:$E$28,'4-1 지역 벤치마크(참조)'!$A$2:$A$28,$I32,'4-1 지역 벤치마크(참조)'!$B$2:$B$28,"D30 리텐션"),""))) -> 0.0478 | N32: =IFERROR($H32*K32,"") -> 215.78947 | O32: =IFERROR($H32*L32,"") -> 73.567251 | P32: =IFERROR($H32*M32,"") -> 27.953216 | Q32: =IFERROR(100/$L32*$G32,"") -> 1359.3005
A33: S3 | B33: 남미 · 게임 전체 평균 CPI · P50 리텐션 | C33: 1000 | D33: C04 | E33: =IFERROR(INDEX($E$11:$E$27,MATCH($D33,$A$11:$A$27,0)),"") -> 0.14 | G33: =IF($F33<>"",$F33,$E33) -> 0.14 | H33: =IFERROR($C33/$G33,"") -> 7142.8571 | I33: 남미 | J33: P50 | K33: =IF($J33="P50",SUMIFS('4-1 지역 벤치마크(참조)'!$C$2:$C$28,'4-1 지역 벤치마크(참조)'!$A$2:$A$28,$I33,'4-1 지역 벤치마크(참조)'!$B$2:$B$28,"D1 리텐션"),IF($J33="P90",SUMIFS('4-1 지역 벤치마크(참조)'!$D$2:$D$28,'4-1 지역 벤치마크(참조)'!$A$2:$A$28,$I33,'4-1 지역 벤치마크(참조)'!$B$2:$B$28,"D1 리텐션"),IF($J33="P99",SUMIFS('4-1 지역 벤치마크(참조)'!$E$2:$E$28,'4-1 지역 벤치마크(참조)'!$A$2:$A$28,$I33,'4-1 지역 벤치마크(참조)'!$B$2:$B$28,"D1 리텐션"),""))) -> 0.2009 | L33: =IF($J33="P50",SUMIFS('4-1 지역 벤치마크(참조)'!$C$2:$C$28,'4-1 지역 벤치마크(참조)'!$A$2:$A$28,$I33,'4-1 지역 벤치마크(참조)'!$B$2:$B$28,"D7 리텐션"),IF($J33="P90",SUMIFS('4-1 지역 벤치마크(참조)'!$D$2:$D$28,'4-1 지역 벤치마크(참조)'!$A$2:$A$28,$I33,'4-1 지역 벤치마크(참조)'!$B$2:$B$28,"D7 리텐션"),IF($J33="P99",SUMIFS('4-1 지역 벤치마크(참조)'!$E$2:$E$28,'4-1 지역 벤치마크(참조)'!$A$2:$A$28,$I33,'4-1 지역 벤치마크(참조)'!$B$2:$B$28,"D7 리텐션"),""))) -> 0.0325 | M33: =IF($J33="P50",SUMIFS('4-1 지역 벤치마크(참조)'!$C$2:$C$28,'4-1 지역 벤치마크(참조)'!$A$2:$A$28,$I33,'4-1 지역 벤치마크(참조)'!$B$2:$B$28,"D30 리텐션"),IF($J33="P90",SUMIFS('4-1 지역 벤치마크(참조)'!$D$2:$D$28,'4-1 지역 벤치마크(참조)'!$A$2:$A$28,$I33,'4-1 지역 벤치마크(참조)'!$B$2:$B$28,"D30 리텐션"),IF($J33="P99",SUMIFS('4-1 지역 벤치마크(참조)'!$E$2:$E$28,'4-1 지역 벤치마크(참조)'!$A$2:$A$28,$I33,'4-1 지역 벤치마크(참조)'!$B$2:$B$28,"D30 리텐션"),""))) -> 0.0065 | N33: =IFERROR($H33*K33,"") -> 1435 | O33: =IFERROR($H33*L33,"") -> 232.14286 | P33: =IFERROR($H33*M33,"") -> 46.428571 | Q33: =IFERROR(100/$L33*$G33,"") -> 430.76923
A34: S4 | B34: 아시아태평양 CPI · 아시아 P50 리텐션 (APAC과 GameAnalytics '아시아'는 범위가 조금 다름) | C34: 1000 | D34: C05 | E34: =IFERROR(INDEX($E$11:$E$27,MATCH($D34,$A$11:$A$27,0)),"") -> 0.27 | G34: =IF($F34<>"",$F34,$E34) -> 0.27 | H34: =IFERROR($C34/$G34,"") -> 3703.7037 | I34: 아시아 | J34: P50 | K34: =IF($J34="P50",SUMIFS('4-1 지역 벤치마크(참조)'!$C$2:$C$28,'4-1 지역 벤치마크(참조)'!$A$2:$A$28,$I34,'4-1 지역 벤치마크(참조)'!$B$2:$B$28,"D1 리텐션"),IF($J34="P90",SUMIFS('4-1 지역 벤치마크(참조)'!$D$2:$D$28,'4-1 지역 벤치마크(참조)'!$A$2:$A$28,$I34,'4-1 지역 벤치마크(참조)'!$B$2:$B$28,"D1 리텐션"),IF($J34="P99",SUMIFS('4-1 지역 벤치마크(참조)'!$E$2:$E$28,'4-1 지역 벤치마크(참조)'!$A$2:$A$28,$I34,'4-1 지역 벤치마크(참조)'!$B$2:$B$28,"D1 리텐션"),""))) -> 0.175 | L34: =IF($J34="P50",SUMIFS('4-1 지역 벤치마크(참조)'!$C$2:$C$28,'4-1 지역 벤치마크(참조)'!$A$2:$A$28,$I34,'4-1 지역 벤치마크(참조)'!$B$2:$B$28,"D7 리텐션"),IF($J34="P90",SUMIFS('4-1 지역 벤치마크(참조)'!$D$2:$D$28,'4-1 지역 벤치마크(참조)'!$A$2:$A$28,$I34,'4-1 지역 벤치마크(참조)'!$B$2:$B$28,"D7 리텐션"),IF($J34="P99",SUMIFS('4-1 지역 벤치마크(참조)'!$E$2:$E$28,'4-1 지역 벤치마크(참조)'!$A$2:$A$28,$I34,'4-1 지역 벤치마크(참조)'!$B$2:$B$28,"D7 리텐션"),""))) -> 0.0268 | M34: =IF($J34="P50",SUMIFS('4-1 지역 벤치마크(참조)'!$C$2:$C$28,'4-1 지역 벤치마크(참조)'!$A$2:$A$28,$I34,'4-1 지역 벤치마크(참조)'!$B$2:$B$28,"D30 리텐션"),IF($J34="P90",SUMIFS('4-1 지역 벤치마크(참조)'!$D$2:$D$28,'4-1 지역 벤치마크(참조)'!$A$2:$A$28,$I34,'4-1 지역 벤치마크(참조)'!$B$2:$B$28,"D30 리텐션"),IF($J34="P99",SUMIFS('4-1 지역 벤치마크(참조)'!$E$2:$E$28,'4-1 지역 벤치마크(참조)'!$A$2:$A$28,$I34,'4-1 지역 벤치마크(참조)'!$B$2:$B$28,"D30 리텐션"),""))) -> 0.0053 | N34: =IFERROR($H34*K34,"") -> 648.14815 | O34: =IFERROR($H34*L34,"") -> 99.259259 | P34: =IFERROR($H34*M34,"") -> 19.62963 | Q34: =IFERROR(100/$L34*$G34,"") -> 1007.4627
A35: S5 | B35: iOS 캐주얼 CPI(전 세계) + 북미 P50 리텐션 — 섞인 가정 | C35: 1000 | D35: C10 | E35: =IFERROR(INDEX($E$11:$E$27,MATCH($D35,$A$11:$A$27,0)),"") -> 1.41 | G35: =IF($F35<>"",$F35,$E35) -> 1.41 | H35: =IFERROR($C35/$G35,"") -> 709.21986 | I35: 북미 | J35: P50 | K35: =IF($J35="P50",SUMIFS('4-1 지역 벤치마크(참조)'!$C$2:$C$28,'4-1 지역 벤치마크(참조)'!$A$2:$A$28,$I35,'4-1 지역 벤치마크(참조)'!$B$2:$B$28,"D1 리텐션"),IF($J35="P90",SUMIFS('4-1 지역 벤치마크(참조)'!$D$2:$D$28,'4-1 지역 벤치마크(참조)'!$A$2:$A$28,$I35,'4-1 지역 벤치마크(참조)'!$B$2:$B$28,"D1 리텐션"),IF($J35="P99",SUMIFS('4-1 지역 벤치마크(참조)'!$E$2:$E$28,'4-1 지역 벤치마크(참조)'!$A$2:$A$28,$I35,'4-1 지역 벤치마크(참조)'!$B$2:$B$28,"D1 리텐션"),""))) -> 0.2328 | L35: =IF($J35="P50",SUMIFS('4-1 지역 벤치마크(참조)'!$C$2:$C$28,'4-1 지역 벤치마크(참조)'!$A$2:$A$28,$I35,'4-1 지역 벤치마크(참조)'!$B$2:$B$28,"D7 리텐션"),IF($J35="P90",SUMIFS('4-1 지역 벤치마크(참조)'!$D$2:$D$28,'4-1 지역 벤치마크(참조)'!$A$2:$A$28,$I35,'4-1 지역 벤치마크(참조)'!$B$2:$B$28,"D7 리텐션"),IF($J35="P99",SUMIFS('4-1 지역 벤치마크(참조)'!$E$2:$E$28,'4-1 지역 벤치마크(참조)'!$A$2:$A$28,$I35,'4-1 지역 벤치마크(참조)'!$B$2:$B$28,"D7 리텐션"),""))) -> 0.0497 | M35: =IF($J35="P50",SUMIFS('4-1 지역 벤치마크(참조)'!$C$2:$C$28,'4-1 지역 벤치마크(참조)'!$A$2:$A$28,$I35,'4-1 지역 벤치마크(참조)'!$B$2:$B$28,"D30 리텐션"),IF($J35="P90",SUMIFS('4-1 지역 벤치마크(참조)'!$D$2:$D$28,'4-1 지역 벤치마크(참조)'!$A$2:$A$28,$I35,'4-1 지역 벤치마크(참조)'!$B$2:$B$28,"D30 리텐션"),IF($J35="P99",SUMIFS('4-1 지역 벤치마크(참조)'!$E$2:$E$28,'4-1 지역 벤치마크(참조)'!$A$2:$A$28,$I35,'4-1 지역 벤치마크(참조)'!$B$2:$B$28,"D30 리텐션"),""))) -> 0.0118 | N35: =IFERROR($H35*K35,"") -> 165.10638 | O35: =IFERROR($H35*L35,"") -> 35.248227 | P35: =IFERROR($H35*M35,"") -> 8.3687943 | Q35: =IFERROR(100/$L35*$G35,"") -> 2837.0221
A36: S6 | B36: Android 캐주얼 CPI(전 세계) + 북미 P50 리텐션 — 섞인 가정 | C36: 1000 | D36: C11 | E36: =IFERROR(INDEX($E$11:$E$27,MATCH($D36,$A$11:$A$27,0)),"") -> 0.14 | G36: =IF($F36<>"",$F36,$E36) -> 0.14 | H36: =IFERROR($C36/$G36,"") -> 7142.8571 | I36: 북미 | J36: P50 | K36: =IF($J36="P50",SUMIFS('4-1 지역 벤치마크(참조)'!$C$2:$C$28,'4-1 지역 벤치마크(참조)'!$A$2:$A$28,$I36,'4-1 지역 벤치마크(참조)'!$B$2:$B$28,"D1 리텐션"),IF($J36="P90",SUMIFS('4-1 지역 벤치마크(참조)'!$D$2:$D$28,'4-1 지역 벤치마크(참조)'!$A$2:$A$28,$I36,'4-1 지역 벤치마크(참조)'!$B$2:$B$28,"D1 리텐션"),IF($J36="P99",SUMIFS('4-1 지역 벤치마크(참조)'!$E$2:$E$28,'4-1 지역 벤치마크(참조)'!$A$2:$A$28,$I36,'4-1 지역 벤치마크(참조)'!$B$2:$B$28,"D1 리텐션"),""))) -> 0.2328 | L36: =IF($J36="P50",SUMIFS('4-1 지역 벤치마크(참조)'!$C$2:$C$28,'4-1 지역 벤치마크(참조)'!$A$2:$A$28,$I36,'4-1 지역 벤치마크(참조)'!$B$2:$B$28,"D7 리텐션"),IF($J36="P90",SUMIFS('4-1 지역 벤치마크(참조)'!$D$2:$D$28,'4-1 지역 벤치마크(참조)'!$A$2:$A$28,$I36,'4-1 지역 벤치마크(참조)'!$B$2:$B$28,"D7 리텐션"),IF($J36="P99",SUMIFS('4-1 지역 벤치마크(참조)'!$E$2:$E$28,'4-1 지역 벤치마크(참조)'!$A$2:$A$28,$I36,'4-1 지역 벤치마크(참조)'!$B$2:$B$28,"D7 리텐션"),""))) -> 0.0497 | M36: =IF($J36="P50",SUMIFS('4-1 지역 벤치마크(참조)'!$C$2:$C$28,'4-1 지역 벤치마크(참조)'!$A$2:$A$28,$I36,'4-1 지역 벤치마크(참조)'!$B$2:$B$28,"D30 리텐션"),IF($J36="P90",SUMIFS('4-1 지역 벤치마크(참조)'!$D$2:$D$28,'4-1 지역 벤치마크(참조)'!$A$2:$A$28,$I36,'4-1 지역 벤치마크(참조)'!$B$2:$B$28,"D30 리텐션"),IF($J36="P99",SUMIFS('4-1 지역 벤치마크(참조)'!$E$2:$E$28,'4-1 지역 벤치마크(참조)'!$A$2:$A$28,$I36,'4-1 지역 벤치마크(참조)'!$B$2:$B$28,"D30 리텐션"),""))) -> 0.0118 | N36: =IFERROR($H36*K36,"") -> 1662.8571 | O36: =IFERROR($H36*L36,"") -> 355 | P36: =IFERROR($H36*M36,"") -> 84.285714 | Q36: =IFERROR(100/$L36*$G36,"") -> 281.69014
A37: S7 | B37: iOS 퍼즐 CPI(전 세계, 2차 인용) + 북미 P50 리텐션 — 섞인 가정 | C37: 1000 | D37: C14 | E37: =IFERROR(INDEX($E$11:$E$27,MATCH($D37,$A$11:$A$27,0)),"") -> 2.8 | G37: =IF($F37<>"",$F37,$E37) -> 2.8 | H37: =IFERROR($C37/$G37,"") -> 357.14286 | I37: 북미 | J37: P50 | K37: =IF($J37="P50",SUMIFS('4-1 지역 벤치마크(참조)'!$C$2:$C$28,'4-1 지역 벤치마크(참조)'!$A$2:$A$28,$I37,'4-1 지역 벤치마크(참조)'!$B$2:$B$28,"D1 리텐션"),IF($J37="P90",SUMIFS('4-1 지역 벤치마크(참조)'!$D$2:$D$28,'4-1 지역 벤치마크(참조)'!$A$2:$A$28,$I37,'4-1 지역 벤치마크(참조)'!$B$2:$B$28,"D1 리텐션"),IF($J37="P99",SUMIFS('4-1 지역 벤치마크(참조)'!$E$2:$E$28,'4-1 지역 벤치마크(참조)'!$A$2:$A$28,$I37,'4-1 지역 벤치마크(참조)'!$B$2:$B$28,"D1 리텐션"),""))) -> 0.2328 | L37: =IF($J37="P50",SUMIFS('4-1 지역 벤치마크(참조)'!$C$2:$C$28,'4-1 지역 벤치마크(참조)'!$A$2:$A$28,$I37,'4-1 지역 벤치마크(참조)'!$B$2:$B$28,"D7 리텐션"),IF($J37="P90",SUMIFS('4-1 지역 벤치마크(참조)'!$D$2:$D$28,'4-1 지역 벤치마크(참조)'!$A$2:$A$28,$I37,'4-1 지역 벤치마크(참조)'!$B$2:$B$28,"D7 리텐션"),IF($J37="P99",SUMIFS('4-1 지역 벤치마크(참조)'!$E$2:$E$28,'4-1 지역 벤치마크(참조)'!$A$2:$A$28,$I37,'4-1 지역 벤치마크(참조)'!$B$2:$B$28,"D7 리텐션"),""))) -> 0.0497 | M37: =IF($J37="P50",SUMIFS('4-1 지역 벤치마크(참조)'!$C$2:$C$28,'4-1 지역 벤치마크(참조)'!$A$2:$A$28,$I37,'4-1 지역 벤치마크(참조)'!$B$2:$B$28,"D30 리텐션"),IF($J37="P90",SUMIFS('4-1 지역 벤치마크(참조)'!$D$2:$D$28,'4-1 지역 벤치마크(참조)'!$A$2:$A$28,$I37,'4-1 지역 벤치마크(참조)'!$B$2:$B$28,"D30 리텐션"),IF($J37="P99",SUMIFS('4-1 지역 벤치마크(참조)'!$E$2:$E$28,'4-1 지역 벤치마크(참조)'!$A$2:$A$28,$I37,'4-1 지역 벤치마크(참조)'!$B$2:$B$28,"D30 리텐션"),""))) -> 0.0118 | N37: =IFERROR($H37*K37,"") -> 83.142857 | O37: =IFERROR($H37*L37,"") -> 17.75 | P37: =IFERROR($H37*M37,"") -> 4.2142857 | Q37: =IFERROR(100/$L37*$G37,"") -> 5633.8028
A38: S8 | B38: Android 퍼즐 CPI(전 세계, 2차 인용) + 북미 P50 리텐션 — 섞인 가정 | C38: 1000 | D38: C15 | E38: =IFERROR(INDEX($E$11:$E$27,MATCH($D38,$A$11:$A$27,0)),"") -> 0.64 | G38: =IF($F38<>"",$F38,$E38) -> 0.64 | H38: =IFERROR($C38/$G38,"") -> 1562.5 | I38: 북미 | J38: P50 | K38: =IF($J38="P50",SUMIFS('4-1 지역 벤치마크(참조)'!$C$2:$C$28,'4-1 지역 벤치마크(참조)'!$A$2:$A$28,$I38,'4-1 지역 벤치마크(참조)'!$B$2:$B$28,"D1 리텐션"),IF($J38="P90",SUMIFS('4-1 지역 벤치마크(참조)'!$D$2:$D$28,'4-1 지역 벤치마크(참조)'!$A$2:$A$28,$I38,'4-1 지역 벤치마크(참조)'!$B$2:$B$28,"D1 리텐션"),IF($J38="P99",SUMIFS('4-1 지역 벤치마크(참조)'!$E$2:$E$28,'4-1 지역 벤치마크(참조)'!$A$2:$A$28,$I38,'4-1 지역 벤치마크(참조)'!$B$2:$B$28,"D1 리텐션"),""))) -> 0.2328 | L38: =IF($J38="P50",SUMIFS('4-1 지역 벤치마크(참조)'!$C$2:$C$28,'4-1 지역 벤치마크(참조)'!$A$2:$A$28,$I38,'4-1 지역 벤치마크(참조)'!$B$2:$B$28,"D7 리텐션"),IF($J38="P90",SUMIFS('4-1 지역 벤치마크(참조)'!$D$2:$D$28,'4-1 지역 벤치마크(참조)'!$A$2:$A$28,$I38,'4-1 지역 벤치마크(참조)'!$B$2:$B$28,"D7 리텐션"),IF($J38="P99",SUMIFS('4-1 지역 벤치마크(참조)'!$E$2:$E$28,'4-1 지역 벤치마크(참조)'!$A$2:$A$28,$I38,'4-1 지역 벤치마크(참조)'!$B$2:$B$28,"D7 리텐션"),""))) -> 0.0497 | M38: =IF($J38="P50",SUMIFS('4-1 지역 벤치마크(참조)'!$C$2:$C$28,'4-1 지역 벤치마크(참조)'!$A$2:$A$28,$I38,'4-1 지역 벤치마크(참조)'!$B$2:$B$28,"D30 리텐션"),IF($J38="P90",SUMIFS('4-1 지역 벤치마크(참조)'!$D$2:$D$28,'4-1 지역 벤치마크(참조)'!$A$2:$A$28,$I38,'4-1 지역 벤치마크(참조)'!$B$2:$B$28,"D30 리텐션"),IF($J38="P99",SUMIFS('4-1 지역 벤치마크(참조)'!$E$2:$E$28,'4-1 지역 벤치마크(참조)'!$A$2:$A$28,$I38,'4-1 지역 벤치마크(참조)'!$B$2:$B$28,"D30 리텐션"),""))) -> 0.0118 | N38: =IFERROR($H38*K38,"") -> 363.75 | O38: =IFERROR($H38*L38,"") -> 77.65625 | P38: =IFERROR($H38*M38,"") -> 18.4375 | Q38: =IFERROR(100/$L38*$G38,"") -> 1287.7264
A40: 리텐션: '4-1 지역 벤치마크(참조)' = GameAnalytics 2026 보고서 지역 표(2025년 주간 데이터의 연평균, 전 장르 합산). P50 = 중앙값(보통 게임), P90 = 상위 10%, P99 = 상위 1%. 동남아는 이 표에 없음(시장조사 2-7 참고).
A41: D30: 4-1(참조)의 GameAnalytics 2026 값은 D30이라 그대로 씀. 2025 보고서(첨부 PDF)는 D28을 써서 직접 비교에 주의.
A42: 장르별 리텐션은 이 표에 섞지 않음 — '4-3 장르 판독 요약(참조)'의 판독값(차트를 눈으로 읽은 값) 참고.
A43: 광고 없이 들어오는 사람(오가닉)은 계산에 넣지 않음. 참고: Adjust 2025 게임 유료:오가닉 설치 비율 전 세계 중앙값 3.33 (2024년 2.07, p.16) — 이 비율을 우리 게임에 그대로 쓸 근거는 없음.
A44: 참고 (투자 회수): Liftoff 2025 — 캐주얼 게임의 30일 광고비 회수율(D30 ROAS) 평균 iOS 47%, Android 15%. 즉 보통은 30일 안에 광고비를 다 되찾지 못함.
A45: 광고비 $1,000과 시나리오 조합은 '같은 돈으로 비교'하려는 분석자 가정. 실제 CPI는 우리 게임 광고를 소액으로 돌려 보면 가장 정확하게 알 수 있음.
A46: 실제 게임별 광고비·CPI·설치 수: 비공개. 대신 쓸 수 있는 공개 지표: 위 CPI 출처표, 4-1(참조) 리텐션 구간, 3-3 AppBrain 추정 설치 수(추정).

Sheet 3-2 광고 채널 분석
A1: 광고 채널 분석 — 유튜브·인스타그램·페이스북·틱톡·인플루언서 (+ 분석자가 추가한 2개 채널)
A2: 읽는 법: ① 공개 자료로 확인한 사실(도달·성과 순위)과 ② 2인 팀 기준 점수(분석자 판단)를 나눠 둠. 파란 글씨 = 바꿀 수 있는 가중치, 노란 칸 = 2차 인용·분석자 판단·확인 불가
A4: ① 채널별 공개 자료 (사실) — 게임 광고 비용(CPI)은 채널별 공개 원문이 없어 '확인 불가'. 지역·OS별 CPI는 3-1 시트 참고
A5: 채널 | B5: 광고를 사는 곳 | C5: 광고 도달 (사람 수) | D5: 도달 자료 등급 | E5: 게임 광고 성과 근거 (공개 순위) | F5: 장르 근거 (공개 자료) | G5: 게임 광고 비용 지표 | H5: 출처
A6: 유튜브 | B6: Google Ads 앱 캠페인 (유튜브·검색·Play 등에 함께 노출) | C6: 약 26.5억 명 | D6: 2차 인용 | E6: AppsFlyer 2025: Android 게임 매체 1위는 Google Ads (유튜브는 Google Ads 안에 묶여 따로 순위 없음) | F6: Google Ads는 Android에서 카지노·테이블탑·퍼즐·레이싱·액션 장르에서 특히 강함 (PocketGamer 요약) | G6: 확인 불가 (채널별 게임 CPI 원문 없음) | H6: SQ Magazine, Social Media Advertising Statistics 2026 (DataReportal 2026-04 Global Statshot 인용) https://sqmagazine.co.uk/social-media-advertising-statistics/ / AppsFlyer, 2025 Performance Index 보도자료 (2025-12-03, 88개 매체·설치 162억 건) https://www.appsflyer.com/company/newsroom/pr/performance-index-2025/ / PocketGamer.biz, AppsFlyer Performance Index 2025 장르별 요약 (2025-12-04) https://www.pocketgamer.biz/apple-and-google-continue-to-lead-in-mobile-game-ads-but-applovin-wins-over-select-genres/
A7: 인스타그램 | B7: Meta Ads (페이스북과 같은 광고 도구로 함께 집행) | C7: 14.4억 명 (인도 제외, 원문) / 약 19.9억 명 (전체, 2차) | D7: 원문 + 2차 | E7: AppsFlyer는 Meta Ads로 묶어 순위를 매김 → 인스타그램 단독 순위는 확인 불가 | F7: Meta Ads: 2024년 상반기 Android 게임에서 카지노·미드코어·스포츠&레이싱 상위 (2024 데이터) | G7: 확인 불가 | H7: DataReportal, Digital 2026 Mid-Year Global Update Report (18세 이상 광고 도달, 인도 제외) https://datareportal.com/reports/digital-2026-mid-year-global-update-report / SQ Magazine, Social Media Advertising Statistics 2026 (DataReportal 2026-04 Global Statshot 인용) https://sqmagazine.co.uk/social-media-advertising-statistics/ / AppsFlyer, 17th Performance Index 보도자료 (2024-10-14, 2024년 상반기 데이터) https://www.appsflyer.com/company/newsroom/pr/performance-index-17-released/
A8: 페이스북 | B8: Meta Ads (인스타그램과 같은 광고 도구) | C8: 약 23.9억 명 | D8: 2차 인용 | E8: 인스타그램과 같음 (Meta Ads 한 묶음). 2025년에는 '격차를 좁힌 매체'로 언급 | F8: 인스타그램과 같음 | G8: 확인 불가 | H8: SQ Magazine, Social Media Advertising Statistics 2026 (DataReportal 2026-04 Global Statshot 인용) https://sqmagazine.co.uk/social-media-advertising-statistics/ / AppsFlyer, 2025 Performance Index 보도자료 (2025-12-03, 88개 매체·설치 162억 건) https://www.appsflyer.com/company/newsroom/pr/performance-index-2025/ / AppsFlyer, 17th Performance Index 보도자료 (2024-10-14, 2024년 상반기 데이터) https://www.appsflyer.com/company/newsroom/pr/performance-index-17-released/
A9: 틱톡 | B9: TikTok for Business (TikTok Ads Manager) | C9: 22.1억 명 (18세 이상, 인도 제외) | D9: 원문 | E9: AppsFlyer 2025: Google·Apple과의 격차를 좁힌 매체로 언급. 게임 부문 구체 순위는 보도자료에 없음 → 확인 불가 | F9: 확인 불가 (게임 장르별 공개 원문을 찾지 못함) | G9: 확인 불가 | H9: DataReportal, Digital 2026 Mid-Year Global Update Report (18세 이상 광고 도달, 인도 제외) https://datareportal.com/reports/digital-2026-mid-year-global-update-report / AppsFlyer, 2025 Performance Index 보도자료 (2025-12-03, 88개 매체·설치 162억 건) https://www.appsflyer.com/company/newsroom/pr/performance-index-2025/
A10: 인플루언서 | B10: 크리에이터에게 직접 의뢰 (유튜브·틱톡·인스타 채널) | C10: 크리에이터마다 다름 (확인 불가) | D10: — | E10: 게임 설치 성과에 대한 공개 순위 없음 (확인 불가). 참고: 2026년 브랜드 투자 계획 1순위 플랫폼은 틱톡(선택 31%, 전 업종) | F10: 전 업종 기준: 인스타 57.1% · 틱톡 51.6% · 유튜브 36.7% · 페이스북 28.4%가 인플루언서 마케팅에 사용 (2025, 2차 인용) | G10: 참고(2차 집계, 전 업종 크리에이터 콘텐츠): 1,000회 노출당 틱톡 $4.63 · 인스타 릴스 $8.50 · 유튜브 $15 | H10: Influencer Marketing Hub, Influencer Marketing Benchmark Report 2026 (전 업종 브랜드 설문) https://influencermarketinghub.com/influencer-marketing-benchmark-report/ / archive.com 블로그 (Influencer Marketing Hub Benchmark Report 2025 인용) https://archive.com/blog/social-media-platform-specific-influencer / Hubfluence, 2026 Influencer Marketing Benchmark Report (여러 출처 집계, 2026-06 기준) https://www.hubfluence.io/resources/influencer-marketing-report-2026
A11: [분석자 추가] Apple Ads | B11: App Store 검색 광고 (iOS 전용) | C11: 확인 불가 (App Store 사용자 수 공개 기준 다름) | D11: — | E11: AppsFlyer 2025: iOS 게임 매체 1위 (단, 북미·서유럽에서는 AppLovin이 앞섬) | F11: iOS 게임 장르 중 하이퍼캐주얼·테이블탑을 뺀 모든 장르에서 1위 (PocketGamer 요약) | G11: 확인 불가 | H11: AppsFlyer, 2025 Performance Index 보도자료 (2025-12-03, 88개 매체·설치 162억 건) https://www.appsflyer.com/company/newsroom/pr/performance-index-2025/ / PocketGamer.biz, AppsFlyer Performance Index 2025 장르별 요약 (2025-12-04) https://www.pocketgamer.biz/apple-and-google-continue-to-lead-in-mobile-game-ads-but-applovin-wins-over-select-genres/
A12: [분석자 추가] 광고 네트워크 (AppLovin·Mintegral·Unity·Liftoff 등, 다른 앱 안 광고) | B12: 각 네트워크 광고 도구 | C12: 확인 불가 | D12: — | E12: AppsFlyer 2025: AppLovin이 iOS 게임에서 북미·서유럽 선두, Android에서 AppLovin·Mintegral 상승 | F12: 캐주얼 게임 설치의 약 절반은 하이퍼캐주얼·퍼즐 게임 안 광고에서 옴 (Liftoff, 게임 퍼블리셔 기준) | G12: 확인 불가 | H12: AppsFlyer, 2025 Performance Index 보도자료 (2025-12-03, 88개 매체·설치 162억 건) https://www.appsflyer.com/company/newsroom/pr/performance-index-2025/ / Liftoff·Singular, 2025 Casual Gaming Apps Report — 'Where Casual Games Find Their Players' (Liftoff 데이터 2024-02~2025-02) https://liftoff.ai/2025-casual-gaming-apps-report/
A14: ② 2인 팀 채널 점수 — 점수(1~5, 5 = 좋음)는 위 ① 사실을 바탕으로 한 분석자 판단(노란 칸). 가중치는 파란 글씨로 바꿀 수 있음
A15: 채널 | B15: 광고 도달 크기 | C15: 게임 광고 성과 근거 | D15: 우리 후보 장르(퍼즐·캐주얼) 적합 | E15: 2인 팀 운영 쉬움 | F15: 작은 예산으로 시작 | G15: 점수 (100점, 수식) | H15: 순위 (수식) | I15: 점수 이유 (분석자)
A16: 가중치 (합계 100%) → | B16: 0.2 | C16: 0.25 | D16: 0.25 | E16: 0.2 | F16: 0.1 | G16: =SUM(B16:F16) -> 1 | I16: ← 가중치는 분석자 제안
A17: 유튜브 (Google Ads) | B17: 5 | C17: 5 | D17: 5 | E17: 4 | F17: 4 | G17: =ROUND((B17*$B$16+C17*$C$16+D17*$D$16+E17*$E$16+F17*$F$16)/SUM($B$16:$F$16)/5*100,0) -> 94 | H17: =RANK(G17,$G$17:$G$23,0) -> 1 | I17: 도달 최대(2차), Android 게임 1위 매체, 퍼즐 장르 강세 언급. 앱 캠페인은 소재만 넣으면 자동 최적화라 운영이 비교적 쉬움(분석자 판단)
A18: 인스타그램 (Meta Ads) | B18: 4 | C18: 3 | D18: 3 | E18: 3 | F18: 4 | G18: =ROUND((B18*$B$16+C18*$C$16+D18*$D$16+E18*$E$16+F18*$F$16)/SUM($B$16:$F$16)/5*100,0) -> 66 | H18: =RANK(G18,$G$17:$G$23,0) -> 5 | I18: 도달 큼. 게임 성과 근거는 카지노·미드코어 쪽(2024). 소재를 자주 바꿔야 해서 운영 중간(분석자 판단)
A19: 페이스북 (Meta Ads) | B19: 5 | C19: 3 | D19: 3 | E19: 3 | F19: 4 | G19: =ROUND((B19*$B$16+C19*$C$16+D19*$D$16+E19*$E$16+F19*$F$16)/SUM($B$16:$F$16)/5*100,0) -> 70 | H19: =RANK(G19,$G$17:$G$23,0) -> 4 | I19: 인스타그램과 같은 광고 도구. 도달은 더 큼(2차)
A20: 틱톡 | B20: 5 | C20: 2 | D20: 3 | E20: 2 | F20: 3 | G20: =ROUND((B20*$B$16+C20*$C$16+D20*$D$16+E20*$E$16+F20*$F$16)/SUM($B$16:$F$16)/5*100,0) -> 59 | H20: =RANK(G20,$G$17:$G$23,0) -> 6 | I20: 도달 큼(원문). 게임 장르별 성과 원문은 확인 불가. 세로 영상 소재를 계속 새로 만들어야 해 2인 팀 부담이 큼(분석자 판단)
A21: 인플루언서 | B21: 3 | C21: 2 | D21: 3 | E21: 2 | F21: 3 | G21: =ROUND((B21*$B$16+C21*$C$16+D21*$D$16+E21*$E$16+F21*$F$16)/SUM($B$16:$F$16)/5*100,0) -> 51 | H21: =RANK(G21,$G$17:$G$23,0) -> 7 | I21: 게임 설치 성과 공개 자료 없음. 섭외·계약·확인에 사람 손이 많이 듦(분석자 판단)
A22: [분석자 추가] Apple Ads | B22: 3 | C22: 5 | D22: 4 | E22: 4 | F22: 4 | G22: =ROUND((B22*$B$16+C22*$C$16+D22*$D$16+E22*$E$16+F22*$F$16)/SUM($B$16:$F$16)/5*100,0) -> 81 | H22: =RANK(G22,$G$17:$G$23,0) -> 2 | I22: iOS 게임 1위 매체. 검색 키워드 광고라 영상 소재 부담이 적음. iOS에만 해당
A23: [분석자 추가] 광고 네트워크 | B23: 4 | C23: 4 | D23: 4 | E23: 3 | F23: 2 | G23: =ROUND((B23*$B$16+C23*$C$16+D23*$D$16+E23*$E$16+F23*$F$16)/SUM($B$16:$F$16)/5*100,0) -> 72 | H23: =RANK(G23,$G$17:$G$23,0) -> 3 | I23: 퍼즐·캐주얼 설치가 많이 나오는 곳(Liftoff). 플레이어블 광고 소재가 필요하고, 최소 예산 조건은 확인 불가
A25: 인스타그램·페이스북은 같은 Meta Ads로 사고, AppsFlyer도 'Meta Ads' 하나로 순위를 매겨 두 채널을 따로 비교한 공개 성과 자료는 확인 불가.
A26: 유튜브는 Google Ads 앱 캠페인 안에 함께 묶여 집행·순위가 나옴 → 유튜브만의 게임 성과 순위는 확인 불가.
A27: 도달 숫자는 각 플랫폼 광고 도구가 알려 주는 '광고가 닿을 수 있는 사람 수'라 실제 사용자 수와 다를 수 있음(DataReportal도 같은 주의를 붙임). 출처 기준이 달라 직접 비교는 대략적으로만.
A28: 인플루언서 수치는 게임이 아닌 전 업종 브랜드 설문·집계. 게임 설치 성과·비용은 비공개 → 대신 쓸 수 있는 공개 지표: 크리에이터 영상 조회수·참여율(vidIQ 등 도구로 확인 가능).
A29: 채널별 실제 게임 광고비·CPI·설치 수: 비공개. 3-1 시트의 지역·OS·장르별 CPI를 대신 쓰고, 실제 값은 소액 테스트로 확인.
A30: Apple Ads·광고 네트워크 2줄은 요청 목록 밖이지만, 게임 광고 매체 순위 상위라 비교를 위해 분석자가 추가함.
A31: 3-3 후킹 영상 분석과 3-4 마케팅 실행안은 이 점수표를 근거로 씀(다음 단계).

Sheet 3-3 후킹 영상 분석
A1: 후킹 영상 분석 — 광고 첫 마디(후킹) 유형별 빈도: Royal Match · MONOPOLY GO! · Magic Sort!
A2: 읽는 법: 후킹 유형·형식은 AdWhispr가 AI로 분류한 값('AdWhispr 분류'). 숫자는 2026-10-05에 조회한 그대로이며, 비율·합계는 수식. 처음 3초 화면은 메타 광고 라이브러리에서 영상을 직접 재생해 본 '분석자 판독'(⑤, 노란 칸)
A4: ① 게임별 광고 현황 (AdWhispr 브랜드 통계)
A5: 게임 | B5: 3-3 유형 (수식) | C5: 지금 집행 중인 광고 수 | D5: AdWhispr가 추적하는 광고 수 | E5: AI 분류가 끝난 표본 수 | F5: 가장 오래 집행한 광고 (일) | G5: AdWhispr 추정 광고비 범위 ($) | H5: 비고
A6: Royal Match | B6: =IFERROR(INDEX('4-6 매출-다운로드 비교(참조)'!$H$6:$H$177,MATCH(A6,'4-6 매출-다운로드 비교(참조)'!$A$6:$A$177,0)),"확인 불가") -> ② 매출만 높음 | C6: 1988 | D6: 116 | E6: 25 | F6: 49 | G6: 66,599 ~ 123,703 | H6: 추정 광고비의 기간·계산 방법은 확인 불가 (AdWhispr 추정)
A7: MONOPOLY GO! | B7: =IFERROR(INDEX('4-6 매출-다운로드 비교(참조)'!$H$6:$H$177,MATCH(A7,'4-6 매출-다운로드 비교(참조)'!$A$6:$A$177,0)),"확인 불가") -> ① 둘 다 높음 | C7: 1451 | D7: 120 | E7: 25 | F7: 203 | G7: 292,532 ~ 543,274 | H7: 추정 광고비의 기간·계산 방법은 확인 불가 (AdWhispr 추정)
A8: Magic Sort! | B8: =IFERROR(INDEX('4-6 매출-다운로드 비교(참조)'!$H$6:$H$177,MATCH(A8,'4-6 매출-다운로드 비교(참조)'!$A$6:$A$177,0)),"확인 불가") -> ③ 다운로드만 높음 | C8: 119 | D8: 119 | E8: 25 | F8: 68 | G8: 66,143 ~ 122,820 | H8: 추정 광고비의 기간·계산 방법은 확인 불가 (AdWhispr 추정)
A10: ② 후킹 유형별 빈도 — AdWhispr 분류 표본(게임당 25개) 기준
A11: 후킹 유형 (AdWhispr 라벨) | B11: 쉬운 뜻 (분석자 번역) | C11: Royal Match | D11: MONOPOLY GO! | E11: Magic Sort! | F11: 합계 (수식) | G11: 비율 (수식)
A12: direct_offer | B12: 직접 제안형 — '무료·광고 없음·지금 해 봐'처럼 혜택을 바로 말함 | C12: 24 | D12: 21 | E12: 8 | F12: =SUM(C12:E12) -> 53 | G12: =F12/$F$16 -> 0.70666667
A13: curiosity_gap | B13: 호기심형 — '1%만 풀 수 있다'처럼 궁금하게 만듦 | C13: 0 | D13: 4 | E13: 14 | F13: =SUM(C13:E13) -> 18 | G13: =F13/$F$16 -> 0.24
A14: problem_agitation | B14: 문제 자극형 — 답답함·불편함을 먼저 보여 줌 | C14: 1 | D14: 0 | E14: 2 | F14: =SUM(C14:E14) -> 3 | G14: =F14/$F$16 -> 0.04
A15: story | B15: 이야기형 — 짧은 이야기로 시작 | C15: 0 | D15: 0 | E15: 1 | F15: =SUM(C15:E15) -> 1 | G15: =F15/$F$16 -> 0.013333333
A16: 합계 | C16: =SUM(C12:C15) -> 25 | D16: =SUM(D12:D15) -> 25 | E16: =SUM(E12:E15) -> 25 | F16: =SUM(F12:F15) -> 75 | G16: =SUM(G12:G15) -> 1
A18: ③ 광고 형식별 빈도 — AdWhispr 분류 표본(게임당 25개) 기준
A19: 형식 (AdWhispr 라벨) | B19: 쉬운 뜻 (분석자 번역) | C19: Royal Match | D19: MONOPOLY GO! | E19: Magic Sort! | F19: 합계 (수식) | G19: 비율 (수식)
A20: animation | B20: 애니메이션 (게임 장면을 만든 영상) | C20: 20 | D20: 19 | E20: 5 | F20: =SUM(C20:E20) -> 44 | G20: =F20/$F$26 -> 0.58666667
A21: ugc_talking_head | B21: 일반인이 화면에 나와 말함 | C21: 0 | D21: 0 | E21: 13 | F21: =SUM(C21:E21) -> 13 | G21: =F21/$F$26 -> 0.17333333
A22: ugc_lifestyle | B22: 일반인이 일상에서 게임하는 모습 | C22: 1 | D22: 0 | E22: 4 | F22: =SUM(C22:E22) -> 5 | G22: =F22/$F$26 -> 0.066666667
A23: text_overlay | B23: 큰 글자가 중심 | C23: 0 | D23: 6 | E23: 2 | F23: =SUM(C23:E23) -> 8 | G23: =F23/$F$26 -> 0.10666667
A24: screenshot | B24: 게임 화면 캡처 | C24: 3 | D24: 0 | E24: 1 | F24: =SUM(C24:E24) -> 4 | G24: =F24/$F$26 -> 0.053333333
A25: studio_product | B25: 제품 촬영형 | C25: 1 | D25: 0 | E25: 0 | F25: =SUM(C25:E25) -> 1 | G25: =F25/$F$26 -> 0.013333333
A26: 합계 | C26: =SUM(C20:C25) -> 25 | D26: =SUM(D20:D25) -> 25 | E26: =SUM(E20:E25) -> 25 | F26: =SUM(F20:F25) -> 75 | G26: =SUM(G20:G25) -> 1
A28: ④ 게임별 영상 광고 10개씩 (AdWhispr 광고 목록, 오래 집행한 순, 집행 중) — 문구는 광고 원문 그대로
A29: 게임 | B29: Meta 광고 라이브러리 ID | C29: 집행 일수 | D29: 후킹 유형 (AdWhispr) | E29: 형식 (AdWhispr) | F29: 톤 (AdWhispr) | G29: 오퍼 (AdWhispr) | H29: 광고 문구 (첫 줄) | J29: 후킹 유형 | K29: 30개 중 개수 (수식) | L29: 비율 (수식)
A30: Royal Match | B30: 1726316855083037 | C30: 50 | D30: direct_offer | E30: animation | F30: excitement | G30: no_explicit_offer | H30: NO ADS. NO WIFI. PURE FUN. | J30: direct_offer | K30: =COUNTIF($D$30:$D$59,J30) -> 19 | L30: =K30/COUNTA($D$30:$D$59) -> 0.63333333
A31: Royal Match | B31: 1089702293564432 | C31: 50 | D31: direct_offer | E31: animation | F31: excitement | G31: no_explicit_offer | H31: NO ADS. NO WIFI. PURE FUN. | J31: curiosity_gap | K31: =COUNTIF($D$30:$D$59,J31) -> 9 | L31: =K31/COUNTA($D$30:$D$59) -> 0.3
A32: Royal Match | B32: 1411165037532310 | C32: 50 | D32: direct_offer | E32: studio_product | F32: curiosity | G32: no_explicit_offer | H32: No ADS | J32: problem_agitation | K32: =COUNTIF($D$30:$D$59,J32) -> 2 | L32: =K32/COUNTA($D$30:$D$59) -> 0.066666667
A33: Royal Match | B33: 4630787260485910 | C33: 50 | D33: problem_agitation | E33: screenshot | F33: excitement | G33: no_explicit_offer | H33: NO ADS. NO WIFI. PURE FUN. | J33: story | K33: =COUNTIF($D$30:$D$59,J33) -> 0 | L33: =K33/COUNTA($D$30:$D$59) -> 0
A34: Royal Match | B34: 28734790306122605 | C34: 50 | D34: direct_offer | E34: animation | F34: excitement | G34: no_explicit_offer | H34: No ADS and FREE
A35: Royal Match | B35: 1360608269119654 | C35: 50 | D35: direct_offer | E35: animation | F35: excitement | G35: no_explicit_offer | H35: NO ADS. NO WIFI. PURE FUN.
A36: Royal Match | B36: 1098005362662932 | C36: 50 | D36: direct_offer | E36: animation | F36: excitement | G36: no_explicit_offer | H36: No ADS and FREE
A37: Royal Match | B37: 1309645668892427 | C37: 50 | D37: direct_offer | E37: ugc_lifestyle | F37: curiosity | G37: no_explicit_offer | H37: No ADS
A38: Royal Match | B38: 2192760164630774 | C38: 50 | D38: direct_offer | E38: animation | F38: excitement | G38: no_explicit_offer | H38: NO ADS. NO WIFI. PURE FUN.
A39: Royal Match | B39: 1392560629687289 | C39: 50 | D39: direct_offer | E39: animation | F39: excitement | G39: no_explicit_offer | H39: NO ADS. NO WIFI. PURE FUN.
A40: MONOPOLY GO! | B40: 1674823853701845 | C40: 204 | D40: curiosity_gap | E40: animation | F40: excitement | G40: no_explicit_offer | H40: Libera gli animaletti!
A41: MONOPOLY GO! | B41: 796330853023057 | C41: 204 | D41: direct_offer | E41: animation | F41: excitement | G41: free_trial | H41: Gioca gratis a Monopoly GO!
A42: MONOPOLY GO! | B42: 1309942491068984 | C42: 177 | D42: direct_offer | E42: animation | F42: excitement | G42: free_trial | H42: Gioca gratis a Monopoly GO!
A43: MONOPOLY GO! | B43: 2424531614685734 | C43: 131 | D43: direct_offer | E43: animation | F43: excitement | G43: no_explicit_offer | H43: Don't miss The Simpsons GO!
A44: MONOPOLY GO! | B44: 1559166695787060 | C44: 131 | D44: direct_offer | E44: animation | F44: excitement | G44: new_launch | H44: ¡No te pierdas The Simpson GO!
A45: MONOPOLY GO! | B45: 1316376480460608 | C45: 128 | D45: direct_offer | E45: animation | F45: excitement | G45: new_launch | H45: ¡No te pierdas The Simpson GO!
... A59: Magic Sort! | B59: 1834079867955631 | C59: 55 | D59: curiosity_gap | E59: text_overlay | F59: curiosity | G59: no_explicit_offer | H59: Only 1% can solve this puzzle.
A61: ⑤ 처음 3초 화면 유형 — 분석자 판독 (메타 광고 라이브러리에서 영상을 재생해 0초·약 2초 화면을 캡처해 봄, 2026-10-05). 노란 칸 = 분석자 판독
A62: 게임 | B62: Meta 광고 라이브러리 ID | C62: 처음 3초 화면 유형 (분석자 판독) | D62: 요청 유형으로 묶기 | E62: 장면 설명 (분석자 판독) | F62: 같은 영상 묶음 | H62: 처음 3초 화면 유형 | I62: Royal Match | J62: MONOPOLY GO! | K62: Magic Sort! | L62: 합계
A63: Royal Match | B63: 1726316855083037 | C63: 위기 장면 (캐릭터가 위험) | D63: 실패·위기 장면 | E63: 왕이 둥근 방에 갇혀 있고 핀 옆으로 물이 흘러듦 | H63: 위기 장면 (캐릭터가 위험) | I63: =COUNTIFS($A$63:$A$92,I$62,$C$63:$C$92,$H63) -> 6 | J63: =COUNTIFS($A$63:$A$92,J$62,$C$63:$C$92,$H63) -> 0 | K63: =COUNTIFS($A$63:$A$92,K$62,$C$63:$C$92,$H63) -> 0 | L63: =SUM(I63:K63) -> 6
A64: Royal Match | B64: 1089702293564432 | C64: 위기 장면 (캐릭터가 위험) | D64: 실패·위기 장면 | E64: 왕이 물살에 휩쓸려 미끄러진 뒤 물이 찬 칸에 갇힘, 아래는 매치3 판 | H64: 선택지 (어느 핀을 뽑을까) | I64: =COUNTIFS($A$63:$A$92,I$62,$C$63:$C$92,$H64) -> 1 | J64: =COUNTIFS($A$63:$A$92,J$62,$C$63:$C$92,$H64) -> 0 | K64: =COUNTIFS($A$63:$A$92,K$62,$C$63:$C$92,$H64) -> 0 | L64: =SUM(I64:K64) -> 1
A65: Royal Match | B65: 1411165037532310 | C65: 실사 손 연출 (녹이기·씻기) | D65: 기타 | E65: 실제 사람 손이 토치로 얼음을 녹임 | H65: 실사 손 연출 (녹이기·씻기) | I65: =COUNTIFS($A$63:$A$92,I$62,$C$63:$C$92,$H65) -> 2 | J65: =COUNTIFS($A$63:$A$92,J$62,$C$63:$C$92,$H65) -> 0 | K65: =COUNTIFS($A$63:$A$92,K$62,$C$63:$C$92,$H65) -> 0 | L65: =SUM(I65:K65) -> 2
A66: Royal Match | B66: 4630787260485910 | C66: 위기 장면 (캐릭터가 위험) | D66: 실패·위기 장면 | E66: 왕이 자갈 아래 칸에 갇힘, 실제 사람 손이 도구를 듦, 아래는 매치3 판 | H66: 게임 플레이 화면 | I66: =COUNTIFS($A$63:$A$92,I$62,$C$63:$C$92,$H66) -> 0 | J66: =COUNTIFS($A$63:$A$92,J$62,$C$63:$C$92,$H66) -> 0 | K66: =COUNTIFS($A$63:$A$92,K$62,$C$63:$C$92,$H66) -> 7 | L66: =SUM(I66:K66) -> 7
A67: Royal Match | B67: 28734790306122605 | C67: 위기 장면 (캐릭터가 위험) | D67: 실패·위기 장면 | E67: 지그재그 통로 위에서 자갈이 쏟아질 듯한 칸에 왕이 있음, 매치3 블록 | H67: 실사 도전 장면 (사람·팻말) | I67: =COUNTIFS($A$63:$A$92,I$62,$C$63:$C$92,$H67) -> 0 | J67: =COUNTIFS($A$63:$A$92,J$62,$C$63:$C$92,$H67) -> 0 | K67: =COUNTIFS($A$63:$A$92,K$62,$C$63:$C$92,$H67) -> 2 | L67: =SUM(I67:K67) -> 2
A68: Royal Match | B68: 1360608269119654 | C68: 선택지 (어느 핀을 뽑을까) | D68: 선택지 | E68: 핀 여러 개 중 하나를 실제 손가락이 당김, 왕 위에 블록 | H68: 3D 연출 장면 | I68: =COUNTIFS($A$63:$A$92,I$62,$C$63:$C$92,$H68) -> 1 | J68: =COUNTIFS($A$63:$A$92,J$62,$C$63:$C$92,$H68) -> 0 | K68: =COUNTIFS($A$63:$A$92,K$62,$C$63:$C$92,$H68) -> 1 | L68: =SUM(I68:K68) -> 2
A69: Royal Match | B69: 1098005362662932 | C69: 위기 장면 (캐릭터가 위험) | D69: 실패·위기 장면 | E69: 물이 찬 구불구불한 수로에 상어 같은 물체와 왕, 아래는 매치3 판 | H69: IP·캐릭터 등장 | I69: =COUNTIFS($A$63:$A$92,I$62,$C$63:$C$92,$H69) -> 0 | J69: =COUNTIFS($A$63:$A$92,J$62,$C$63:$C$92,$H69) -> 9 | K69: =COUNTIFS($A$63:$A$92,K$62,$C$63:$C$92,$H69) -> 0 | L69: =SUM(I69:K69) -> 9
A70: Royal Match | B70: 1309645668892427 | C70: 실사 손 연출 (녹이기·씻기) | D70: 기타 | E70: 진흙 속 왕을 실제 손이 호스로 씻어 냄 | H70: 실사 배우 연기 | I70: =COUNTIFS($A$63:$A$92,I$62,$C$63:$C$92,$H70) -> 0 | J70: =COUNTIFS($A$63:$A$92,J$62,$C$63:$C$92,$H70) -> 1 | K70: =COUNTIFS($A$63:$A$92,K$62,$C$63:$C$92,$H70) -> 0 | L70: =SUM(I70:K70) -> 1
A71: Royal Match | B71: 2192760164630774 | C71: 위기 장면 (캐릭터가 위험) | D71: 실패·위기 장면 | E71: 왕 아래 자갈 더미, 옆에 매치3 판, 실제 손 등장 | H71: 합계 | I71: =SUM(I63:I70) -> 10 | J71: =SUM(J63:J70) -> 10 | K71: =SUM(K63:K70) -> 10 | L71: =SUM(L63:L70) -> 30
A72: Royal Match | B72: 1392560629687289 | C72: 3D 연출 장면 | D72: 기타 | E72: 블록이 움직이다 무너지며 자갈이 쏟아짐 (판독 애매)
A73: MONOPOLY GO! | B73: 1674823853701845 | C73: 실사 배우 연기 | D73: 기타 | E73: 동물 조각상 클로즈업 → 철창 앞 실제 배우가 놀라는 장면 | H73: 요청 유형 | I73: Royal Match | J73: MONOPOLY GO! | K73: Magic Sort! | L73: 합계
A74: MONOPOLY GO! | B74: 796330853023057 | C74: IP·캐릭터 등장 | D74: 기타 | E74: 모노폴리 판 위 3D 도시 → 미스터 모노폴리 캐릭터 클로즈업 | F74: MG-A | H74: 실패·위기 장면 | I74: =COUNTIFS($A$63:$A$92,I$73,$D$63:$D$92,$H74) -> 6 | J74: =COUNTIFS($A$63:$A$92,J$73,$D$63:$D$92,$H74) -> 0 | K74: =COUNTIFS($A$63:$A$92,K$73,$D$63:$D$92,$H74) -> 0 | L74: =SUM(I74:K74) -> 6
A75: MONOPOLY GO! | B75: 1309942491068984 | C75: IP·캐릭터 등장 | D75: 기타 | E75: 796330853023057과 같은 장면 | F75: MG-A | H75: 선택지 | I75: =COUNTIFS($A$63:$A$92,I$73,$D$63:$D$92,$H75) -> 1 | J75: =COUNTIFS($A$63:$A$92,J$73,$D$63:$D$92,$H75) -> 0 | K75: =COUNTIFS($A$63:$A$92,K$73,$D$63:$D$92,$H75) -> 0 | L75: =SUM(I75:K75) -> 1
A76: MONOPOLY GO! | B76: 2424531614685734 | C76: IP·캐릭터 등장 | D76: 기타 | E76: 심슨 집 거실을 위에서 비추고 바트·개가 뛰어다님 | F76: MG-B | H76: 전후 비교 | I76: =COUNTIFS($A$63:$A$92,I$73,$D$63:$D$92,$H76) -> 0 | J76: =COUNTIFS($A$63:$A$92,J$73,$D$63:$D$92,$H76) -> 0 | K76: =COUNTIFS($A$63:$A$92,K$73,$D$63:$D$92,$H76) -> 0 | L76: =SUM(I76:K76) -> 0
A77: MONOPOLY GO! | B77: 1559166695787060 | C77: IP·캐릭터 등장 | D77: 기타 | E77: 2424531614685734와 같은 장면 | F77: MG-B | H77: 기타 | I77: =COUNTIFS($A$63:$A$92,I$73,$D$63:$D$92,$H77) -> 3 | J77: =COUNTIFS($A$63:$A$92,J$73,$D$63:$D$92,$H77) -> 10 | K77: =COUNTIFS($A$63:$A$92,K$73,$D$63:$D$92,$H77) -> 10 | L77: =SUM(I77:K77) -> 23
A78: MONOPOLY GO! | B78: 1316376480460608 | C78: IP·캐릭터 등장 | D78: 기타 | E78: 2424531614685734와 같은 장면 | F78: MG-B
A79: MONOPOLY GO! | B79: 1012642531160291 | C79: IP·캐릭터 등장 | D79: 기타 | E79: 미스터 모노폴리와 호머 심슨이 함께 등장 | H79: 같은 영상 묶음(F열)을 하나로 치면 서로 다른 영상은 26개 (분석자 판독)
A80: MONOPOLY GO! | B80: 1357761026259464 | C80: IP·캐릭터 등장 | D80: 기타 | E80: 만화식 싸움 구름 + 협업 로고
A81: MONOPOLY GO! | B81: 1501392118334017 | C81: IP·캐릭터 등장 | D81: 기타 | E81: 심슨 그림체의 배 두 척 장면
A82: MONOPOLY GO! | B82: 983924064252944 | C82: IP·캐릭터 등장 | D82: 기타 | E82: 스프링필드 마을 전경 + 협업 로고
A83: Magic Sort! | B83: 3985548428413528 | C83: 게임 플레이 화면 | D83: 기타 | E83: 병이 가득한 정렬 화면에서 손가락 아이콘이 병을 옮김
A84: Magic Sort! | B84: 1573783297425746 | C84: 게임 플레이 화면 | D84: 기타 | E84: 병 정렬 플레이 (색 액체를 옮김)
A85: Magic Sort! | B85: 1896160021343579 | C85: 게임 플레이 화면 | D85: 기타 | E85: 병 정렬 플레이 (어두운 배경)
A86: Magic Sort! | B86: 1065385889771960 | C86: 3D 연출 장면 | D86: 기타 | E86: 실사풍 병 3개 → 뒤쪽 병들이 깨지며 흩어짐
A87: Magic Sort! | B87: 900245332631697 | C87: 게임 플레이 화면 | D87: 기타 | E87: 거의 정리된 병 화면에서 하나씩 옮김
A88: Magic Sort! | B88: 1060580849761773 | C88: 게임 플레이 화면 | D88: 기타 | E88: 병 정렬 플레이 (나무 선반)
A89: Magic Sort! | B89: 2477486662759105 | C89: 게임 플레이 화면 | D89: 기타 | E89: 빈 병을 손가락 아이콘이 옮기는 안내형 화면
A90: Magic Sort! | B90: 1032627419485915 | C90: 게임 플레이 화면 | D90: 기타 | E90: 색 블록이 꽉 찬 정렬 화면
A91: Magic Sort! | B91: 1556811082584487 | C91: 실사 도전 장면 (사람·팻말) | D91: 기타 | E91: 길거리에서 'Only 1% can solve this puzzle' 팻말 앞 여성이 실물 퍼즐에 도전, 사람들이 구경 | F91: MS-A
A92: Magic Sort! | B92: 1834079867955631 | C92: 실사 도전 장면 (사람·팻말) | D92: 기타 | E92: 1556811082584487과 같은 장면 | F92: MS-A
A94: ⑥ 발견 (광고 문구·라벨 기준 — 영상 화면을 본 판독 아님)
A95: Royal Match: 영상 광고 10개 중 10개 문구가 '광고 없음(No ADS)'·'와이파이 없어도 됨'·'무료'를 앞세움 (위 ④ H열). 분류 표본 25개 중 24개가 직접 제안형.
A96: MONOPOLY GO!: 영상 광고 10개 중 7개가 'The Simpsons GO!' 협업 이벤트 알림 (④ H열). 가장 오래 집행한 광고는 204일 — 같은 소재를 오래 씀.
A97: Magic Sort!: 분류 표본 25개 중 호기심형 14개, 형식은 '일반인이 말하기'(UGC) 13개로 가장 많음. 대표 문구 'Only 1% can solve this puzzle.'
A98: 처음 3초 (⑤, 분석자 판독): Royal Match는 10개 중 6개가 '왕이 위험에 빠진 장면'(실패·위기), 2개는 실제 사람 손이 녹이기·씻기를 하는 장면. MONOPOLY GO!는 10개 중 9개가 IP·캐릭터 등장(심슨 협업 7개). Magic Sort!는 10개 중 7개가 게임 플레이 화면 그대로.
A99: 흥미로운 점(분석자 해석): AdWhispr 형식 라벨로는 Magic Sort!가 '일반인 말하기'가 많았지만, 실제 처음 3초는 대부분 게임 화면이었음 — 사람이 나오는 부분은 3초 뒤에 있거나 라벨이 영상 전체 기준일 수 있음.
A100: '전후 비교'형 첫 장면은 30개 중 0개. Royal Match의 위기 장면은 실제 매치3 판과 함께 나오는 경우가 많음 (보여 준 장면이 실제 게임에 있는지는 확인 불가).
A101: 주의: 수집된 광고 일부는 유럽 대상(이탈리아어·스페인어 문구)이라 미국 광고만 따로 거르지 못함. AdWhispr 분류는 게임당 25개 표본이며, 나머지 광고 분류는 조회 시점에 진행 중이었음.
A102: 실제 광고 성과(조회수·설치 수·광고비): 비공개. AdWhispr '추정 광고비'는 계산 방법이 공개되지 않은 추정치.
A103: 출처: AdWhispr (Meta 광고 라이브러리 수집·AI 분류), 브랜드 통계·광고 목록 조회 2026-10-05

Sheet 3-4 마케팅 실행안
A1: 마케팅 실행안 — 우리 MVP(2인 개발)용. 이 시트의 판단은 모두 '분석자 제안'이며, 숫자는 근거 시트에서 수식으로 가져옴
A2: 파란 글씨 = 바꿀 수 있는 가정값(예산·후보·지역). 노란 칸 = 분석자 제안. 근거 열에 시트·칸을 적어 둠
A4: MVP 후보 (분석자 제안, 바꿀 수 있음) | B4: Magic Sort! | C4: =IFERROR("세부 장르: "&INDEX('2-4 2인 개발 MVP 판단'!$C$79:$C$250,MATCH(B4,'2-4 2인 개발 MVP 판단'!$A$79:$A$250,0))&" · 2인 점수: "&INDEX('2-4 2인 개발 MVP 판단'!$H$79:$H$250,MATCH(B4,'2-4 2인 개발 MVP 판단'!$A$79:$A$250,0))&" · 판정: "&INDEX('2-4 2인 개발 MVP 판단'!$I$79:$I$250,MATCH(B4,'2-4 2인 개발 MVP 판단'!$A$79:$A$250,0)),"2-4 목록에 없는 게임") -> 세부 장르: 정렬·잼 · 2인 점수: 92 · 판정: 2인 가능 | D4: 근거: 2-4 ②·③ (점수), 3-3 (이 게임만 광고 데이터가 있음)
A6: ① 단계별 실행 계획 — 지역·OS·채널·예산·예상 결과 (예상치는 3-1과 같은 계산: 예산 ÷ CPI × 리텐션)
A7: 단계 | B7: 언제 (분석자 제안) | C7: 지역 | D7: OS (수식: 4-7 OS 우선순위) | E7: 채널 (분석자 제안) | F7: 채널 순위 (수식: 3-2) | G7: 예산 ($) | H7: CPI ID (3-1) | I7: CPI ($, 수식) | J7: 예상 설치 수 | K7: 리텐션 지역 | L7: D7 남는 사람 (P50) | M7: 합격 기준 (2-2) | N7: 근거
A8: 0 준비 | B8: 출시 4주 전 | C8: — | E8: 스토어 페이지 + 광고 소재 준비 (② 중 D·A·B 먼저) | G8: 0 | M8: 광고 없음 — 소재·스토어 페이지만 준비 | N8: 3-3 ⑥
A9: 1 소프트런치 | B9: 출시 1~4주 | C9: 브라질 | D9: =IFERROR(INDEX('4-7 대륙별 OS 분포(참조)'!$C$1:$C$200,MATCH("브라질",'4-7 대륙별 OS 분포(참조)'!$A$1:$A$200,0)),"확인 불가") -> Android 먼저 | E9: 유튜브 (Google Ads) | F9: =IFERROR(INDEX('3-2 광고 채널 분석'!$H$17:$H$23,MATCH("유튜브 (Google Ads)",'3-2 광고 채널 분석'!$A$17:$A$23,0))&"위","확인 불가") -> 1위 | G9: 1000 | H9: C04 | I9: =IFERROR(INDEX('3-1 광고 대비 유입'!$E$11:$E$27,MATCH(H9,'3-1 광고 대비 유입'!$A$11:$A$27,0)),"") -> 0.14 | J9: =IFERROR(G9/I9,"") -> 7142.8571 | K9: 남미 | L9: =IFERROR(J9*SUMIFS('4-1 지역 벤치마크(참조)'!$C$2:$C$28,'4-1 지역 벤치마크(참조)'!$A$2:$A$28,K9,'4-1 지역 벤치마크(참조)'!$B$2:$B$28,"D7 리텐션"),"") -> 232.14286 | M9: D1·D7이 남미 중앙값 이상이면 2단계로 | N9: CPI가 가장 싼 남미에서 리텐션부터 확인 — 3-1 S3, 2-6/4-7 브라질 Android 먼저
A10: 2 아시아 테스트 | B10: 출시 5~8주 | C10: 인도네시아 | D10: =IFERROR(INDEX('4-7 대륙별 OS 분포(참조)'!$C$1:$C$200,MATCH("인도네시아",'4-7 대륙별 OS 분포(참조)'!$A$1:$A$200,0)),"확인 불가") -> Android 먼저 | E10: 유튜브 (Google Ads) | F10: =IFERROR(INDEX('3-2 광고 채널 분석'!$H$17:$H$23,MATCH("유튜브 (Google Ads)",'3-2 광고 채널 분석'!$A$17:$A$23,0))&"위","확인 불가") -> 1위 | G10: 1000 | H10: C05 | I10: =IFERROR(INDEX('3-1 광고 대비 유입'!$E$11:$E$27,MATCH(H10,'3-1 광고 대비 유입'!$A$11:$A$27,0)),"") -> 0.27 | J10: =IFERROR(G10/I10,"") -> 3703.7037 | K10: 아시아 | L10: =IFERROR(J10*SUMIFS('4-1 지역 벤치마크(참조)'!$C$2:$C$28,'4-1 지역 벤치마크(참조)'!$A$2:$A$28,K10,'4-1 지역 벤치마크(참조)'!$B$2:$B$28,"D7 리텐션"),"") -> 99.259259 | M10: D1·D7이 아시아 중앙값 이상 | N10: 아시아태평양 CPI $0.27 (3-1 C05). 인도네시아는 2-7 동남아 분석 지역
A11: 3 미국 출시 | B11: 출시 9~16주 | C11: 미국 | D11: =IFERROR(INDEX('4-7 대륙별 OS 분포(참조)'!$C$1:$C$200,MATCH("미국",'4-7 대륙별 OS 분포(참조)'!$A$1:$A$200,0)),"확인 불가") -> iOS 먼저(또는 동시) | E11: 유튜브 (Google Ads) + Apple Ads | F11: =IFERROR(INDEX('3-2 광고 채널 분석'!$H$17:$H$23,MATCH("[분석자 추가] Apple Ads",'3-2 광고 채널 분석'!$A$17:$A$23,0))&"위","확인 불가") -> 2위 | G11: 3000 | H11: C03 | I11: =IFERROR(INDEX('3-1 광고 대비 유입'!$E$11:$E$27,MATCH(H11,'3-1 광고 대비 유입'!$A$11:$A$27,0)),"") -> 1.71 | J11: =IFERROR(G11/I11,"") -> 1754.386 | K11: 북미 | L11: =IFERROR(J11*SUMIFS('4-1 지역 벤치마크(참조)'!$C$2:$C$28,'4-1 지역 벤치마크(참조)'!$A$2:$A$28,K11,'4-1 지역 벤치마크(참조)'!$B$2:$B$28,"D7 리텐션"),"") -> 87.192982 | M11: D1 '30% 약간 상회'(전체 상위 25%)에 가까우면 확대 | N11: 미국은 iOS 먼저(또는 동시) — 4-7. Apple Ads는 iOS 게임 1위 매체 (3-2)
A12: 4 확대 | B12: 출시 17주~ | C12: 미국 | D12: =IFERROR(INDEX('4-7 대륙별 OS 분포(참조)'!$C$1:$C$200,MATCH("미국",'4-7 대륙별 OS 분포(참조)'!$A$1:$A$200,0)),"확인 불가") -> iOS 먼저(또는 동시) | E12: Meta(인스타·페이스북) + 광고 네트워크 추가 | F12: =IFERROR(INDEX('3-2 광고 채널 분석'!$H$17:$H$23,MATCH("[분석자 추가] 광고 네트워크",'3-2 광고 채널 분석'!$A$17:$A$23,0))&"위","확인 불가") -> 3위 | G12: 5000 | H12: C03 | I12: =IFERROR(INDEX('3-1 광고 대비 유입'!$E$11:$E$27,MATCH(H12,'3-1 광고 대비 유입'!$A$11:$A$27,0)),"") -> 1.71 | J12: =IFERROR(G12/I12,"") -> 2923.9766 | K12: 북미 | L12: =IFERROR(J12*SUMIFS('4-1 지역 벤치마크(참조)'!$C$2:$C$28,'4-1 지역 벤치마크(참조)'!$A$2:$A$28,K12,'4-1 지역 벤치마크(참조)'!$B$2:$B$28,"D7 리텐션"),"") -> 145.32164 | M12: D30 광고비 회수율이 오르면 계속 (참고: 캐주얼 D30 ROAS iOS 47%·Android 15%, 3-1 메모) | N12: 3-2 점수 3~5위 채널. 틱톡·인플루언서는 소재 만들 여력이 생긴 뒤
A13: 합계 | G13: =SUM(G8:G12) -> 10000 | J13: =SUM(J8:J12) -> 15524.923 | L13: =SUM(L8:L12) -> 563.91674
A15: ② 광고 소재 5종 (분석자 제안 — 3-3 발견을 2인 팀이 만들 수 있게 바꾼 것). 쉬운 D·A·B부터 시작
A16: 소재 | B16: 처음 3초에 보여 줄 것 (제안) | C16: 참고한 3-3 근거 | D16: 2인 팀 제작 난이도 (분석자 판단)
A17: A 호기심형 | B17: '1%만 풀 수 있다' 같은 글자 + 거의 다 푼 퍼즐 화면 | C17: Magic Sort! 호기심형 14/25 (3-3 ②) | D17: 쉬움 — 게임 화면 녹화 + 글자
A18: B 직접 제안형 | B18: '무료 · 와이파이 없이' 같은 혜택 문구 + 게임 화면 | C18: Royal Match 직접 제안형 24/25 (3-3 ②) | D18: 쉬움 — 우리 게임에 실제로 맞는 혜택만 써야 함
A19: C 일반인 반응형 (UGC) | B19: 사람이 퍼즐을 보고 반응하는 장면 | C19: Magic Sort! 형식 '일반인 말하기' 13/25 (3-3 ③), 실물 퍼즐 길거리 도전 2/10 (3-3 ⑤) | D19: 보통 — 출연자 섭외·촬영 필요
A20: D 게임 화면 그대로 | B20: 처음부터 실제 정렬 플레이 화면 (손가락 아이콘으로 옮기는 모습) | C20: Magic Sort! 처음 3초 7/10이 게임 화면 (3-3 ⑤) | D20: 가장 쉬움 — 화면 녹화만
A21: E 위기 장면형 | B21: 캐릭터가 위험에 빠진 장면 → 퍼즐로 구함 | C21: Royal Match 처음 3초 6/10 (3-3 ⑤) | D21: 어려움 — 캐릭터·연출 필요. 실제 게임에 있는 장면만 쓰는 것이 안전(분석자 판단)
A24: ③ 측정 지표 — 매주 볼 숫자와 비교 기준 (기준값은 수식 또는 근거 시트 값)
A25: 지표 | B25: 쉬운 뜻 | C25: 비교 기준 | D25: 근거
A26: CPI | B26: 설치 1번에 쓴 광고비 | C26: ="미국 게임 전체 평균 $"&TEXT(INDEX('3-1 광고 대비 유입'!$E$11:$E$27,MATCH("C03",'3-1 광고 대비 유입'!$A$11:$A$27,0)),"0.00") -> 미국 게임 전체 평균 $1.71 | D26: 3-1 C03 (Adjust 2026)
A27: D1 리텐션 | B27: 설치 다음 날 다시 온 비율 | C27: ="북미 중앙값 "&TEXT(SUMIFS('4-1 지역 벤치마크(참조)'!$C$2:$C$28,'4-1 지역 벤치마크(참조)'!$A$2:$A$28,"북미",'4-1 지역 벤치마크(참조)'!$B$2:$B$28,"D1 리텐션"),"0.0%")&" / 상위 10% "&TEXT(SUMIFS('4-1 지역 벤치마크(참조)'!$D$2:$D$28,'4-1 지역 벤치마크(참조)'!$A$2:$A$28,"북미",'4-1 지역 벤치마크(참조)'!$B$2:$B$28,"D1 리텐션"),"0.0%") -> 북미 중앙값 23.3% / 상위 10% 36.9% | D27: 4-1 지역 벤치마크(참조), 2-2
A28: D7 리텐션 | B28: 7일 뒤 다시 온 비율 | C28: ="북미 중앙값 "&TEXT(SUMIFS('4-1 지역 벤치마크(참조)'!$C$2:$C$28,'4-1 지역 벤치마크(참조)'!$A$2:$A$28,"북미",'4-1 지역 벤치마크(참조)'!$B$2:$B$28,"D7 리텐션"),"0.0%")&" / 상위 10% "&TEXT(SUMIFS('4-1 지역 벤치마크(참조)'!$D$2:$D$28,'4-1 지역 벤치마크(참조)'!$A$2:$A$28,"북미",'4-1 지역 벤치마크(참조)'!$B$2:$B$28,"D7 리텐션"),"0.0%") -> 북미 중앙값 5.0% / 상위 10% 12.6% | D28: 4-1 지역 벤치마크(참조), 2-2
A29: D30 리텐션 | B29: 30일 뒤 다시 온 비율 | C29: ="북미 중앙값 "&TEXT(SUMIFS('4-1 지역 벤치마크(참조)'!$C$2:$C$28,'4-1 지역 벤치마크(참조)'!$A$2:$A$28,"북미",'4-1 지역 벤치마크(참조)'!$B$2:$B$28,"D30 리텐션"),"0.0%")&" / 상위 10% "&TEXT(SUMIFS('4-1 지역 벤치마크(참조)'!$D$2:$D$28,'4-1 지역 벤치마크(참조)'!$A$2:$A$28,"북미",'4-1 지역 벤치마크(참조)'!$B$2:$B$28,"D30 리텐션"),"0.0%") -> 북미 중앙값 1.2% / 상위 10% 4.8% | D29: 4-1 지역 벤치마크(참조), 2-2
A30: D30 광고비 회수율 (ROAS) | B30: 30일 동안 번 돈 ÷ 쓴 광고비 | C30: 캐주얼 평균 iOS 47% · Android 15% | D30: Liftoff 2025 (3-1 메모)
A31: 소재별 설치 효율 | B31: 같은 돈으로 어느 소재가 설치를 더 많이 냈나 | C31: 공개 기준값 확인 불가 — 우리 소재 A~E끼리 비교 | D31: ② 소재 계획
A34: 이 시트의 단계·지역·채널·예산·소재·합격 기준은 모두 분석자 제안이며, 실제 성과를 보장하지 않음. 예상 설치·D7 숫자는 공개 평균값으로 계산한 '참고용 추정'.
A35: OS 열은 '4-7 대륙별 OS 분포(참조)'의 'OS 출시 우선순위'(분석자 제안, 기준값 50%)를 수식으로 가져옴. 채널 순위는 '3-2 광고 채널 분석' 점수표 순위.
A36: CPI는 3-1의 지역별 값(iOS+Android 합산, 게임 전체)을 씀 — 퍼즐·OS별로 나눈 지역 값은 확인 불가.
A37: 1단계를 남미로 둔 이유(분석자 제안): CPI가 가장 싸서(3-1) 같은 돈으로 리텐션 표본을 많이 모을 수 있음. 단, 남미 리텐션 중앙값은 북미보다 낮음(4-1) — 비교는 같은 지역 기준으로.
A38: MVP 후보(B4)를 바꾸면 위 요약 칸이 2-4에서 새로 계산됨. 3-3 광고 데이터는 Magic Sort!·Royal Match·MONOPOLY GO! 3개만 있음.

Sheet 3-5 광고 소재 해부
A1: 광고 소재 해부 — 게임별 4개씩 12개 영상: 도파민(보상·긴장) 요소 · 영상 효과 · 광고 구성 · 사운드(사용자 기입)
A2: 보는 법: 메타 광고 라이브러리에서 영상을 열고 0·1·2·3·4·6·8·10·12·15·20초와 마지막 장면(12장)을 캡처해 판독. 길이·크기는 영상 파일에서 잰 측정값, 나머지(노란 칸)는 분석자 판독 — 캡처 사이 장면은 보지 못함. T~Y열(사운드)은 사용자가 직접 듣고 고르는 칸(파란 글씨)
A4: 게임 | B4: Meta 광고 라이브러리 ID | C4: 길이 (초, 측정) | D4: 가로 px (측정) | E4: 세로 px (측정) | F4: 화면 비율 (수식) | G4: 처음 3초 (판독) | H4: 위기·실패 장면 | I4: 위기 시작 → 해소 (초, 판독) | J4: 일부러 틀리기·실패 연출 | K4: 첫 보상 연출 (판독) | L4: 만족감 장면 | M4: 진행 표시 | N4: 실사 사람·손 | O4: 큰 장면 전환 수 (12장 기준) | P4: 눈에 띄는 영상 효과 | Q4: 엔드카드 | R4: 엔드카드 내용 | S4: 메모 | T4: [사운드] 배경음악 | U4: [사운드] 음악 분위기 | V4: [사운드] 효과음 종류 | W4: [사운드] 목소리·나레이션 | X4: [사운드] 장면 전환이 박자와 맞음 | Y4: [사운드] 소리 없이도 이해됨
A5: Royal Match | B5: 1360608269119654 | C5: 59.1 | D5: 360 | E5: 450 | F5: =IF(D5>E5,"가로형 ",IF(D5=E5,"정사각형 ","세로형 "))&TEXT(D5/E5,"0.00") -> 세로형 0.80 | G5: 실사 손가락이 핀을 당기는 퍼즐, 왕 아래는 용암 | H5: 있음 | I5: 0초 위기 → 10초 실패(블록이 왕을 맞힘) → 12초 매치3 판으로 전환 | J5: 있음 | K5: 샘플에서 안 보임 | L5: — | M5: 샘플에서 안 보임 | N5: 있음 | O5: 2 | P5: 불꽃(6초) | Q5: 예 | R5: 로고 + 게임 화면 모음 + Play Now
A6: Royal Match | B6: 1309645668892427 | C6: 59.7 | D6: 360 | E6: 540 | F6: =IF(D6>E6,"가로형 ",IF(D6=E6,"정사각형 ","세로형 "))&TEXT(D6/E6,"0.00") -> 세로형 0.67 | G6: 진흙 속 왕 클로즈업 → 실사 손이 호스로 씻김 | H6: 있음 | I6: 0초 진흙에 묻힘 → 6초 깨끗해짐(해소) → 8초 물 찬 방(새 위기) | J6: 샘플에서 안 보임 | K6: 샘플에서 안 보임 | L6: 씻기(청소) | M6: 목표 아이콘 (10초~) | N6: 있음 | O6: 2 | P6: 흐림·카메라 이동(1초) | Q6: 예 | R6: 로고 + 다음 레벨 고르기 화면 ('Choose the next level!')
A7: Royal Match | B7: 1392560629687289 | C7: 59.7 | D7: 360 | E7: 640 | F7: =IF(D7>E7,"가로형 ",IF(D7=E7,"정사각형 ","세로형 "))&TEXT(D7/E7,"0.00") -> 세로형 0.56 | G7: 3D 상자가 갈리며 자갈이 쏟아짐 | H7: 있음 | I7: 6초 자갈이 왕 쪽으로 쏟아짐 → 20초까지 점점 차오름 | J7: 샘플에서 안 보임 | K7: 샘플에서 안 보임 | L7: 부수기·쏟아지기 | M7: 자갈 높이 (긴장 표시) | N7: 있음 | O7: 2 | P7: 파편·입자가 쏟아짐 | Q7: 예 | R7: 로고 + 게임 화면 모음 + Play Now
A8: Royal Match | B8: 1089702293564432 | C8: 59.7 | D8: 360 | E8: 360 | F8: =IF(D8>E8,"가로형 ",IF(D8=E8,"정사각형 ","세로형 "))&TEXT(D8/E8,"0.00") -> 정사각형 1.00 | G8: 왕이 물살에 미끄러져 물 찬 방에 갇힘 | H8: 있음 | I8: 0초 미끄러짐 → 1초 갇힘 → 20초까지 매치3로 구출 진행 | J8: 샘플에서 안 보임 | K8: 샘플에서 안 보임 | L8: — | M8: 샘플에서 안 보임 | N8: 있음 | O8: 2 | P8: 물 흐름 | Q8: 예 | R8: 로고 + 게임 화면 모음 + Play Now | S8: 메타에 '여러 버전이 있는 광고'로 표시 — 본 영상은 그중 1개
A9: MONOPOLY GO! | B9: 1674823853701845 | C9: 17 | D9: 640 | E9: 360 | F9: =IF(D9>E9,"가로형 ",IF(D9=E9,"정사각형 ","세로형 "))&TEXT(D9/E9,"0.00") -> 가로형 1.78 | G9: 동물 조각상 클로즈업 → 실사 손에 든 휴대폰 게임 화면 | H9: 있음 | I9: 2초 철창 속 배우(코믹하게 갇힘) | J9: 샘플에서 안 보임 | K9: 샘플에서 안 보임 | L9: — | M9: — | N9: 있음 | O9: 7 | P9: 큰 자막(8초), 실사 → 3D 게임 화면 전환 | Q9: 예 | R9: 로고 + 이벤트 캐릭터 + 이벤트 문구 + 버튼 (14초~, 약 3초) | S9: 이탈리아어 문구 — 유럽 대상 광고로 보임
A10: MONOPOLY GO! | B10: 796330853023057 | C10: 29.5 | D10: 640 | E10: 360 | F10: =IF(D10>E10,"가로형 ",IF(D10=E10,"정사각형 ","세로형 "))&TEXT(D10/E10,"0.00") -> 가로형 1.78 | G10: 3D 보드 도시 → 미스터 모노폴리 → 'GO TO JAIL' 칸 | H10: 있음 | I10: 3초 감옥 + '도와줘(AIUTO!)' 말풍선 → 4~20초 블록 밀기 퍼즐로 열쇠 꺼내기 | J10: 샘플에서 안 보임 | K10: 샘플에서 안 보임 | L10: 블록 밀기 퍼즐 | M10: 열쇠 위치 | N10: 없음 | O10: 6 | P10: 말풍선 글자 팝 | Q10: 예 | R10: 보드 + 로고 + 'GIOCA ORA'(지금 플레이) 버튼 | S10: 광고 속 퍼즐이 실제 게임에 있는지는 확인 불가
A11: MONOPOLY GO! | B11: 2424531614685734 | C11: 21.6 | D11: 360 | E11: 360 | F11: =IF(D11>E11,"가로형 ",IF(D11=E11,"정사각형 ","세로형 "))&TEXT(D11/E11,"0.00") -> 정사각형 1.00 | G11: 심슨 집 거실을 위에서 비추고 바트·개가 뜀 | H11: 있음 | I11: 8초 바트가 감옥(철창)에 들어감 | J11: 샘플에서 안 보임 | K11: 3초 '7,500' 돈 숫자 | L11: — | M11: 보드 칸 이동 | N11: 없음 | O11: 6 | P11: 숫자 팝업 | Q11: 아니오 | R11: 게임 장면으로 끝남
A12: MONOPOLY GO! | B12: 1012642531160291 | C12: 40.5 | D12: 360 | E12: 360 | F12: =IF(D12>E12,"가로형 ",IF(D12=E12,"정사각형 ","세로형 "))&TEXT(D12/E12,"0.00") -> 정사각형 1.00 | G12: 미스터 모노폴리와 호머가 빨간 버튼 앞에서 놀람 | H12: 있음 | I12: 4초 노란 폭발 플래시, 15초 경고 아이콘, 20초 감옥 | J12: 샘플에서 안 보임 | K12: 12초 '+150K' 숫자 | L12: — | M12: 보드 칸 이동 | N12: 없음 | O12: 7 | P12: 화면 플래시(4초), 초록 연기 입자(6~10초) | Q12: 예 | R12: 로고 + 캐릭터 2명 + 버튼
A13: Magic Sort! | B13: 1556811082584487 | C13: 56.2 | D13: 360 | E13: 640 | F13: =IF(D13>E13,"가로형 ",IF(D13=E13,"정사각형 ","세로형 "))&TEXT(D13/E13,"0.00") -> 세로형 0.56 | G13: 길거리 실물 퍼즐 도전 + 'Only 1%' 팻말 + 구경꾼 | H13: 없음 | I13: — | J13: 샘플에서 안 보임 | K13: 샘플에서 안 보임 | L13: 액체 붓기·채우기 | M13: 완성된 병이 늘어남 | N13: 있음 | O13: 2 | P13: 실사 → 게임 화면 전환(약 7초) | Q13: 예 | R13: 로고 + Play Now
A14: Magic Sort! | B14: 3985548428413528 | C14: 60 | D14: 360 | E14: 640 | F14: =IF(D14>E14,"가로형 ",IF(D14=E14,"정사각형 ","세로형 "))&TEXT(D14/E14,"0.00") -> 세로형 0.56 | G14: 병이 가득한 정렬 화면 + 손가락 아이콘 | H14: 없음 | I14: — | J14: 샘플에서 안 보임 | K14: 단색 병 완성 (작은 보상으로 판독) | L14: 정렬(정리) | M14: 완성된 병이 늘어남 | N14: 없음 | O14: 0 | P14: 손가락 아이콘·붓기 애니메이션 | Q14: 아니오 | R14: 플레이 화면으로 끝남 | S14: 60초 내내 한 장면
A15: Magic Sort! | B15: 1065385889771960 | C15: 26.8 | D15: 360 | E15: 360 | F15: =IF(D15>E15,"가로형 ",IF(D15=E15,"정사각형 ","세로형 "))&TEXT(D15/E15,"0.00") -> 정사각형 1.00 | G15: 실사풍 3D 병에 액체 붓기 → 2초 유리 깨짐 | H15: 있음 | I15: 2·4초 병이 깨짐 → 21초 휴대폰 속 실제 게임 화면 | J15: 있음 (깨짐을 실패 연출로 판독) | K15: 샘플에서 안 보임 | L15: 붓기·부수기 | M15: — | N15: 없음 | O15: 2 | P15: 유리 파편 | Q15: 예 | R15: 휴대폰 여러 대에 게임 화면 + 손가락 | S15: 3D 연출은 실제 게임 화면(2D)과 다름
A16: Magic Sort! | B16: 1032627419485915 | C16: 28.3 | D16: 360 | E16: 640 | F16: =IF(D16>E16,"가로형 ",IF(D16=E16,"정사각형 ","세로형 "))&TEXT(D16/E16,"0.00") -> 세로형 0.56 | G16: 가운데 긴 튜브 + 꽉 찬 색 블록 정렬 화면 | H16: 없음 | I16: — | J16: 샘플에서 안 보임 | K16: 긴 튜브가 차오름 (진행 보상으로 판독) | L16: 채우기 | M16: 긴 튜브 높이 | N16: 없음 | O16: 1 | P16: 붓기 애니메이션 | Q16: 예 | R16: 로고 + Play Now
A18: 요약 — 위 12개 영상 기준 (수식)
A19: 게임 | B19: 영상 수 | C19: 평균 길이 (초) | D19: 세로형 수 | E19: 정사각형 수 | F19: 가로형 수 | G19: 위기·실패 장면 있음 | H19: 실사 사람·손 있음 | I19: 평균 큰 장면 전환 수 | J19: 엔드카드 있음
A20: Royal Match | B20: =COUNTIF($A$5:$A$16,$A20) -> 4 | C20: =ROUND(AVERAGEIF($A$5:$A$16,$A20,$C$5:$C$16),1) -> 59.6 | D20: =COUNTIFS($A$5:$A$16,$A20,$F$5:$F$16,"세로형*") -> 3 | E20: =COUNTIFS($A$5:$A$16,$A20,$F$5:$F$16,"정사각형*") -> 1 | F20: =COUNTIFS($A$5:$A$16,$A20,$F$5:$F$16,"가로형*") -> 0 | G20: =COUNTIFS($A$5:$A$16,$A20,$H$5:$H$16,"있음") -> 4 | H20: =COUNTIFS($A$5:$A$16,$A20,$N$5:$N$16,"있음*") -> 4 | I20: =ROUND(AVERAGEIF($A$5:$A$16,$A20,$O$5:$O$16),1) -> 2 | J20: =COUNTIFS($A$5:$A$16,$A20,$Q$5:$Q$16,"예") -> 4
A21: MONOPOLY GO! | B21: =COUNTIF($A$5:$A$16,$A21) -> 4 | C21: =ROUND(AVERAGEIF($A$5:$A$16,$A21,$C$5:$C$16),1) -> 27.2 | D21: =COUNTIFS($A$5:$A$16,$A21,$F$5:$F$16,"세로형*") -> 0 | E21: =COUNTIFS($A$5:$A$16,$A21,$F$5:$F$16,"정사각형*") -> 2 | F21: =COUNTIFS($A$5:$A$16,$A21,$F$5:$F$16,"가로형*") -> 2 | G21: =COUNTIFS($A$5:$A$16,$A21,$H$5:$H$16,"있음") -> 4 | H21: =COUNTIFS($A$5:$A$16,$A21,$N$5:$N$16,"있음*") -> 1 | I21: =ROUND(AVERAGEIF($A$5:$A$16,$A21,$O$5:$O$16),1) -> 6.5 | J21: =COUNTIFS($A$5:$A$16,$A21,$Q$5:$Q$16,"예") -> 3
A22: Magic Sort! | B22: =COUNTIF($A$5:$A$16,$A22) -> 4 | C22: =ROUND(AVERAGEIF($A$5:$A$16,$A22,$C$5:$C$16),1) -> 42.8 | D22: =COUNTIFS($A$5:$A$16,$A22,$F$5:$F$16,"세로형*") -> 3 | E22: =COUNTIFS($A$5:$A$16,$A22,$F$5:$F$16,"정사각형*") -> 1 | F22: =COUNTIFS($A$5:$A$16,$A22,$F$5:$F$16,"가로형*") -> 0 | G22: =COUNTIFS($A$5:$A$16,$A22,$H$5:$H$16,"있음") -> 1 | H22: =COUNTIFS($A$5:$A$16,$A22,$N$5:$N$16,"있음*") -> 1 | I22: =ROUND(AVERAGEIF($A$5:$A$16,$A22,$O$5:$O$16),1) -> 1.3 | J22: =COUNTIFS($A$5:$A$16,$A22,$Q$5:$Q$16,"예") -> 3
A23: 전체 | B23: =COUNTIF($A$5:$A$16,"*") -> 12 | C23: =ROUND(AVERAGEIF($A$5:$A$16,"*",$C$5:$C$16),1) -> 43.2 | D23: =COUNTIFS($A$5:$A$16,"*",$F$5:$F$16,"세로형*") -> 6 | E23: =COUNTIFS($A$5:$A$16,"*",$F$5:$F$16,"정사각형*") -> 4 | F23: =COUNTIFS($A$5:$A$16,"*",$F$5:$F$16,"가로형*") -> 2 | G23: =COUNTIFS($A$5:$A$16,"*",$H$5:$H$16,"있음") -> 9 | H23: =COUNTIFS($A$5:$A$16,"*",$N$5:$N$16,"있음*") -> 6 | I23: =ROUND(AVERAGEIF($A$5:$A$16,"*",$O$5:$O$16),1) -> 3.3 | J23: =COUNTIFS($A$5:$A$16,"*",$Q$5:$Q$16,"예") -> 10
A25: 고른 기준: 3-3 ⑤의 처음 3초 유형이 겹치지 않게 게임별 4개 (Royal Match: 선택지·실사 손·3D 연출·위기 / MONOPOLY GO!: 실사 배우·캐릭터 2개·IP / Magic Sort!: 실사 도전·플레이 2개·3D 연출).
A26: '도파민 요소'는 뇌 반응을 잰 것이 아니라 화면에 보이는 보상·긴장·만족감 연출을 센 것(분석자 판독). '샘플에서 안 보임'은 없다는 뜻이 아니라 캡처한 12장에 없었다는 뜻.
A27: 큰 장면 전환 수: 연속한 캡처 2장 사이에 장소·화면이 확 바뀐 횟수(엔드카드로 바뀜 포함). 캡처 간격이 1~5초라 실제 컷 수보다 적게 셀 수 있음.
A28: 사운드: 이 판독 방식(화면 캡처)으로는 소리를 들을 수 없음 → T~Y열은 사용자가 메타 광고 라이브러리에서 B열 ID로 영상을 열어 듣고 고르는 칸.
A29: 실제 광고 성과(조회·설치·광고비): 비공개. 대신 쓸 수 있는 공개 지표: 집행 일수(3-3 ④), 같은 영상 재사용(3-3 ⑤ F열).
A30: 출처: Meta 광고 라이브러리 (https://www.facebook.com/ads/library/?id=광고 ID), 2026-10-05 조회. 일부 광고는 유럽 대상(이탈리아어·독일어 문구).

Sheet 3-6 광고 MVP 구성표
A1: 광고 MVP 구성표 — 우리 Magic Sort!형 정렬 퍼즐용 15초·30초 광고 (모두 분석자 제안, 근거는 3-3·3-5)
A2: 광고 MVP = 광고 한 편에 꼭 있어야 할 최소 구성. 노란 칸 = 분석자 제안. 숫자 근거는 3-5에서 수식으로 가져옴
A4: 근거 숫자 | B4: 값 (수식) | C4: 어디서
A5: 12개 중 엔드카드가 있는 영상 | B5: =COUNTIF('3-5 광고 소재 해부'!$Q$5:$Q$16,"예")&" / "&COUNTA('3-5 광고 소재 해부'!$A$5:$A$16) -> 10 / 12 | C5: 3-5 Q열
A6: 12개 중 세로형 영상 | B6: =COUNTIF('3-5 광고 소재 해부'!$F$5:$F$16,"세로형*")&" / "&COUNTA('3-5 광고 소재 해부'!$A$5:$A$16) -> 6 / 12 | C6: 3-5 F열
A7: Magic Sort! 4개 평균 길이 (초) | B7: =ROUND(AVERAGEIF('3-5 광고 소재 해부'!$A$5:$A$16,"Magic Sort!",'3-5 광고 소재 해부'!$C$5:$C$16),1) -> 42.8 | C7: 3-5 C열
A8: Royal Match 4개 중 위기·실패 장면 | B8: =COUNTIFS('3-5 광고 소재 해부'!$A$5:$A$16,"Royal Match",'3-5 광고 소재 해부'!$H$5:$H$16,"있음")&" / 4" -> 4 / 4 | C8: 3-5 H열
A9: Magic Sort! 4개 평균 큰 장면 전환 수 | B9: =ROUND(AVERAGEIF('3-5 광고 소재 해부'!$A$5:$A$16,"Magic Sort!",'3-5 광고 소재 해부'!$O$5:$O$16),1) -> 1.3 | C9: 3-5 O열
A12: ① 구간별 구성 (분석자 제안)
A13: 구간 | B13: 15초 버전 | C13: 30초 버전 | D13: 화면에 보여 줄 것 | E13: 도파민 장치 (보상·긴장) | F13: 영상 효과 | G13: 사운드 (제안 — 3-5 사운드 기입 뒤 확정) | H13: 2인 팀 제작 난이도 | I13: 근거
A14: ① 후킹 | B14: 0~3초 | C14: 0~3초 | D14: 거의 다 푼 판 + 'Only 1%만 풀 수 있다' 같은 도전 문구 (또는 실물 퍼즐 도전 장면) | E14: 도전 문구로 궁금증 + '나도 할 수 있나?' | F14: 첫 장면부터 게임 화면, 글자는 크게 한 줄 | G14: 첫 0.5초 안에 소리 시작 (제안) | H14: 쉬움 (도전 장면은 보통) | I14: 3-3 ②·⑤ Magic Sort! 호기심형, 3-5 Magic Sort! 실사 도전
A15: ② 핵심 놀이 | B15: 3~8초 | C15: 3~15초 | D15: 손가락 아이콘이 병을 옮기는 실제 플레이, 한 장면 유지 | E15: 단색 병이 하나씩 완성되는 진행감 | F15: 손가락 아이콘, 붓는 애니메이션 | G15: 붓는 소리 (제안) | H15: 쉬움 (화면 녹화) | I15: 3-5 Magic Sort! 플레이 영상 2개 (장면 전환 0~1)
A16: ③ 긴장 → 해소 | B16: 8~12초 | C16: 15~25초 | D16: 마지막 한 칸 남기고 막힘 → 다시 풀어 성공 (일부러 틀리기 1번) | E16: 아슬아슬함 + 해소 / '내가 하면 더 잘할 텐데' | F16: 막혔을 때 화면 살짝 흔들기 (제안) | G16: 실패 '삐' + 성공 '딩' (제안) | H16: 보통 (연출 편집 필요) | I16: 3-5 Royal Match 핀 퍼즐 실패 장면(10초), Magic Sort! 3D 깨짐 연출
A17: ④ 보상 | B17: 12초 무렵 | C17: 25초 무렵 | D17: 판 완성 + 반짝임 + 별·숫자 | E17: 숫자 보상 팝업 | F17: 반짝이는 입자, 숫자 팝업 | G17: 완성 효과음 (제안) | H17: 쉬움 | I17: 3-5 MONOPOLY GO! 숫자 보상('7,500', '+150K')
A18: ⑤ 엔드카드 | B18: 12~15초 | C18: 25~30초 | D18: 게임 로고 + 실제 게임 화면 + 'Play Now' 버튼 | E18: — | F18: 버튼이 살짝 커졌다 작아짐 (제안) | G18: 로고 소리 (제안) | H18: 쉬움 | I18: 3-5 엔드카드 있음 (위 근거 숫자)
A20: ② 기본 규칙 (분석자 제안)
A21: 화면 비율: 세로형(9:16)을 기본으로, 정사각형(1:1)을 하나 더 — 3-5에서 세로형·정사각형이 대부분.
A22: 길이: 큰 회사는 60초 가까이 쓰지만(3-5 Royal Match), 2인 팀은 15초·30초 두 가지로 시작. 길이별 광고 성과 공개 자료는 확인 불가.
A23: 실제 게임에 없는 장면은 쓰지 않기: 3-5에서 실제 게임과 다른 3D 연출이 있었음 — 우리 광고는 실제 화면 위주로(스토어·광고 정책 위험을 피하려는 분석자 판단).
A24: 소재 테스트: 3-4 ② 소재 A~E 중 D(게임 화면)·A(호기심)·B(직접 제안)를 위 구성으로 각각 만들어 같은 예산으로 비교.
A25: 사운드 칸은 3-5 T~Y열을 직접 듣고 채운 뒤 확정 — 지금은 제안만.

Sheet 4-1 지역 벤치마크(참조)
A1: 지역 | B1: 지표 | C1: P50 (중앙값) | D1: P90 (상위 10%) | E1: P99 (상위 1%) | F1: 단위 | G1: 출처 | I1: 참조용 복사본 · 원본: 시장조사.xlsx › 4-2 지역 벤치마크 · 원본을 고치면 코드를 다시 실행해 두 파일을 함께 갱신
A2: 북미 | B2: D1 리텐션 | C2: 0.2328 | D2: 0.369 | E2: 0.5089 | F2: % | G2: GameAnalytics 2026 보고서 지역별 표 (2025년 주간 데이터의 연평균)
A3: 북미 | B3: D7 리텐션 | C3: 0.0497 | D3: 0.1258 | E3: 0.2478 | F3: % | G3: GameAnalytics 2026 보고서 지역별 표 (2025년 주간 데이터의 연평균)
A4: 북미 | B4: D30 리텐션 | C4: 0.0118 | D4: 0.0478 | E4: 0.1326 | F4: % | G4: GameAnalytics 2026 보고서 지역별 표 (2025년 주간 데이터의 연평균)
A5: 북미 | B5: 하루 플레이 시간 | C5: 14.45 | D5: 45.84 | E5: 89.43 | F5: 분 | G5: GameAnalytics 2026 보고서 지역별 표 (2025년 주간 데이터의 연평균)
A6: 북미 | B6: 세션 길이 | C6: 3.64 | D6: 8.5 | E6: 20.22 | F6: 분 | G6: GameAnalytics 2026 보고서 지역별 표 (2025년 주간 데이터의 연평균)
A7: 북미 | B7: 하루 세션 수 | C7: 4.23 | D7: 7.59 | E7: 12.85 | F7: 회 | G7: GameAnalytics 2026 보고서 지역별 표 (2025년 주간 데이터의 연평균)
A8: 중미 | B8: D1 리텐션 | C8: 0.2137 | D8: 0.3424 | E8: 0.4683 | F8: % | G8: GameAnalytics 2026 보고서 지역별 표 (2025년 주간 데이터의 연평균)
A9: 중미 | B9: D7 리텐션 | C9: 0.0371 | D9: 0.096 | E9: 0.1815 | F9: % | G9: GameAnalytics 2026 보고서 지역별 표 (2025년 주간 데이터의 연평균)
A10: 중미 | B10: D30 리텐션 | C10: 0.0078 | D10: 0.0285 | E10: 0.081 | F10: % | G10: GameAnalytics 2026 보고서 지역별 표 (2025년 주간 데이터의 연평균)
A11: 중미 | B11: 하루 플레이 시간 | C11: 12.41 | D11: 36.42 | E11: 66.26 | F11: 분 | G11: GameAnalytics 2026 보고서 지역별 표 (2025년 주간 데이터의 연평균)
A12: 중미 | B12: 세션 길이 | C12: 2.83 | D12: 6.25 | E12: 17.32 | F12: 분 | G12: GameAnalytics 2026 보고서 지역별 표 (2025년 주간 데이터의 연평균)
A13: 중미 | B13: 하루 세션 수 | C13: 4.9 | D13: 7.62 | E13: 11.06 | F13: 회 | G13: GameAnalytics 2026 보고서 지역별 표 (2025년 주간 데이터의 연평균)
... A25: 아시아 | B25: 하루 세션 수 | C25: 4.19 | D25: 7.79 | E25: 13.32 | F25: 회 | G25: GameAnalytics 2026 보고서 지역별 표 (2025년 주간 데이터의 연평균)
A27: 참고 (2024년 데이터, 중앙값): 북미 D1 20.48% / D7 4.64% / D28 1.46%, 남미 18.32% / 3.31% / 0.82%, 중미 18.95% / 3.68% / 0.98%, 아시아 17.57% / 3.14% / 0.75%, 동남아 18.28% / 3.33% / 0.82% — GameAnalytics 2025 보고서
A28: 멕시코가 GameAnalytics의 '중미'와 '북미' 중 어디에 속하는지는 보고서에서 확인되지 않았습니다.

Sheet 4-2 장르 차트 판독값(참조)
A1: GameAnalytics 2025 보고서 · 장르별 차트 판독값 (2024년 데이터, 장르별 중앙값 게임, 월별 코호트) | U1: 참조용 복사본 · 원본: 시장조사.xlsx › 4-3 장르 차트 판독값 · 원본을 고치면 코드를 다시 실행해 두 파일을 함께 갱신
A2: ⚠ 차트 판독값: PDF 17~20쪽은 글자가 없는 그림(히트맵)이라, 그림을 확대해 칸 안에 적힌 숫자를 눈으로 옮겨 적었습니다. 공식 표·API 값이 아닙니다. 파란 글씨=판독값, 검은 글씨=판독값으로 계산한 값.
A3: 출처: GameAnalytics, 2025 Mobile Gaming Benchmarks (2024년 데이터, 11,600개 게임) https://files.gameindustrylibrary.com/documents/mobile-gaming-benchmarks-2025.pdf — 각 표 제목 옆에 PDF 쪽수 표시. 판독 방법: PDF 안 원본 그림(1056×547픽셀)을 2배 확대해 전부 두 번 읽고 대조.
A5: D1 리텐션 (설치 다음날 다시 온 비율) — PDF 17쪽
A6: 장르(보고서 표기) | B6: 장르(한글) | C6: 1월 | D6: 2월 | E6: 3월 | F6: 4월 | G6: 5월 | H6: 6월 | I6: 7월 | J6: 8월 | K6: 9월 | L6: 10월 | M6: 11월 | N6: 12월 | O6: 연평균* | P6: 최저 달 | Q6: 최고 달 | R6: 변동폭(최고−최저) | S6: 16개 장르 중 순위 (1=가장 높음)
A7: Action | B7: 액션 | C7: 0.185 | D7: 0.1851 | E7: 0.1878 | F7: 0.1876 | G7: 0.187 | H7: 0.184 | I7: 0.1806 | J7: 0.1833 | K7: 0.1821 | L7: 0.1827 | M7: 0.18 | N7: 0.1772 | O7: =AVERAGE(C7:N7) -> 0.18353333 | P7: =MIN(C7:N7) -> 0.1772 | Q7: =MAX(C7:N7) -> 0.1878 | R7: =Q7-P7 -> 0.0106 | S7: =RANK(O7,$O$7:$O$22) -> 10
A8: Adventure | B8: 어드벤처 | C8: 0.165 | D8: 0.1653 | E8: 0.1664 | F8: 0.1653 | G8: 0.1614 | H8: 0.1566 | I8: 0.1547 | J8: 0.1556 | K8: 0.1607 | L8: 0.1597 | M8: 0.1585 | N8: 0.157 | O8: =AVERAGE(C8:N8) -> 0.16051667 | P8: =MIN(C8:N8) -> 0.1547 | Q8: =MAX(C8:N8) -> 0.1664 | R8: =Q8-P8 -> 0.0117 | S8: =RANK(O8,$O$7:$O$22) -> 14
A9: Arcade | B9: 아케이드 | C9: 0.2233 | D9: 0.2164 | E9: 0.2253 | F9: 0.2266 | G9: 0.2263 | H9: 0.2229 | I9: 0.2203 | J9: 0.2214 | K9: 0.2235 | L9: 0.2247 | M9: 0.2206 | N9: 0.2179 | O9: =AVERAGE(C9:N9) -> 0.22243333 | P9: =MIN(C9:N9) -> 0.2164 | Q9: =MAX(C9:N9) -> 0.2266 | R9: =Q9-P9 -> 0.0102 | S9: =RANK(O9,$O$7:$O$22) -> 1
A10: Board | B10: 보드 | C10: 0.1981 | D10: 0.2006 | E10: 0.1991 | F10: 0.1945 | G10: 0.195 | H10: 0.1894 | I10: 0.1885 | J10: 0.1862 | K10: 0.1867 | L10: 0.1874 | M10: 0.1864 | N10: 0.18 | O10: =AVERAGE(C10:N10) -> 0.19099167 | P10: =MIN(C10:N10) -> 0.18 | Q10: =MAX(C10:N10) -> 0.2006 | R10: =Q10-P10 -> 0.0206 | S10: =RANK(O10,$O$7:$O$22) -> 7
A11: Card | B11: 카드 | C11: 0.1905 | D11: 0.1939 | E11: 0.1916 | F11: 0.1886 | G11: 0.1934 | H11: 0.1874 | I11: 0.191 | J11: 0.1868 | K11: 0.1843 | L11: 0.1863 | M11: 0.1846 | N11: 0.1822 | O11: =AVERAGE(C11:N11) -> 0.18838333 | P11: =MIN(C11:N11) -> 0.1822 | Q11: =MAX(C11:N11) -> 0.1939 | R11: =Q11-P11 -> 0.0117 | S11: =RANK(O11,$O$7:$O$22) -> 8
A12: Casino | B12: 카지노 | C12: 0.1991 | D12: 0.2014 | E12: 0.2038 | F12: 0.1977 | G12: 0.1931 | H12: 0.1883 | I12: 0.1918 | J12: 0.1874 | K12: 0.1872 | L12: 0.1876 | M12: 0.1939 | N12: 0.1946 | O12: =AVERAGE(C12:N12) -> 0.193825 | P12: =MIN(C12:N12) -> 0.1872 | Q12: =MAX(C12:N12) -> 0.2038 | R12: =Q12-P12 -> 0.0166 | S12: =RANK(O12,$O$7:$O$22) -> 5
A13: Casual | B13: 캐주얼 | C13: 0.2018 | D13: 0.2002 | E13: 0.2091 | F13: 0.2092 | G13: 0.2111 | H13: 0.2098 | I13: 0.2064 | J13: 0.2065 | K13: 0.2102 | L13: 0.2092 | M13: 0.2042 | N13: 0.2003 | O13: =AVERAGE(C13:N13) -> 0.2065 | P13: =MIN(C13:N13) -> 0.2002 | Q13: =MAX(C13:N13) -> 0.2111 | R13: =Q13-P13 -> 0.0109 | S13: =RANK(O13,$O$7:$O$22) -> 2
A14: Multiplayer | B14: 멀티플레이 | C14: 0.128 | D14: 0.1217 | E14: 0.1211 | F14: 0.1147 | G14: 0.1127 | H14: 0.1118 | I14: 0.1107 | J14: 0.1109 | K14: 0.1111 | L14: 0.1122 | M14: 0.1118 | N14: 0.1086 | O14: =AVERAGE(C14:N14) -> 0.11460833 | P14: =MIN(C14:N14) -> 0.1086 | Q14: =MAX(C14:N14) -> 0.128 | R14: =Q14-P14 -> 0.0194 | S14: =RANK(O14,$O$7:$O$22) -> 16
A15: Puzzle | B15: 퍼즐 | C15: 0.2053 | D15: 0.2047 | E15: 0.2074 | F15: 0.2051 | G15: 0.2045 | H15: 0.2028 | I15: 0.199 | J15: 0.2005 | K15: 0.2011 | L15: 0.1999 | M15: 0.1977 | N15: 0.1966 | O15: =AVERAGE(C15:N15) -> 0.20205 | P15: =MIN(C15:N15) -> 0.1966 | Q15: =MAX(C15:N15) -> 0.2074 | R15: =Q15-P15 -> 0.0108 | S15: =RANK(O15,$O$7:$O$22) -> 3
A16: Racing | B16: 레이싱 | C16: 0.1792 | D16: 0.18 | E16: 0.1836 | F16: 0.1836 | G16: 0.1821 | H16: 0.1834 | I16: 0.1806 | J16: 0.1819 | K16: 0.1833 | L16: 0.1817 | M16: 0.176 | N16: 0.1765 | O16: =AVERAGE(C16:N16) -> 0.18099167 | P16: =MIN(C16:N16) -> 0.176 | Q16: =MAX(C16:N16) -> 0.1836 | R16: =Q16-P16 -> 0.0076 | S16: =RANK(O16,$O$7:$O$22) -> 11
A17: Role Playing | B17: 롤플레잉(RPG) | C17: 0.1527 | D17: 0.1496 | E17: 0.1513 | F17: 0.1532 | G17: 0.1513 | H17: 0.1503 | I17: 0.1469 | J17: 0.1504 | K17: 0.1542 | L17: 0.1526 | M17: 0.1481 | N17: 0.148 | O17: =AVERAGE(C17:N17) -> 0.15071667 | P17: =MIN(C17:N17) -> 0.1469 | Q17: =MAX(C17:N17) -> 0.1542 | R17: =Q17-P17 -> 0.0073 | S17: =RANK(O17,$O$7:$O$22) -> 15
A18: Simulation | B18: 시뮬레이션 | C18: 0.1709 | D18: 0.1702 | E18: 0.1728 | F18: 0.1712 | G18: 0.1714 | H18: 0.171 | I18: 0.1677 | J18: 0.1688 | K18: 0.1704 | L18: 0.1724 | M18: 0.1689 | N18: 0.1685 | O18: =AVERAGE(C18:N18) -> 0.17035 | P18: =MIN(C18:N18) -> 0.1677 | Q18: =MAX(C18:N18) -> 0.1728 | R18: =Q18-P18 -> 0.0051 | S18: =RANK(O18,$O$7:$O$22) -> 12
... A22: Word | B22: 단어 | C22: 0.1973 | D22: 0.1951 | E22: 0.1928 | F22: 0.1858 | G22: 0.1858 | H22: 0.1832 | I22: 0.1844 | J22: 0.1777 | K22: 0.176 | L22: 0.1773 | M22: 0.1767 | N22: 0.1755 | O22: =AVERAGE(C22:N22) -> 0.18396667 | P22: =MIN(C22:N22) -> 0.1755 | Q22: =MAX(C22:N22) -> 0.1973 | R22: =Q22-P22 -> 0.0218 | S22: =RANK(O22,$O$7:$O$22) -> 9
A24: D7 리텐션 (7일째 다시 온 비율) — PDF 18쪽 위
A25: 장르(보고서 표기) | B25: 장르(한글) | C25: 1월 | D25: 2월 | E25: 3월 | F25: 4월 | G25: 5월 | H25: 6월 | I25: 7월 | J25: 8월 | K25: 9월 | L25: 10월 | M25: 11월 | N25: 12월 | O25: 연평균* | P25: 최저 달 | Q25: 최고 달 | R25: 변동폭(최고−최저) | S25: 16개 장르 중 순위 (1=가장 높음)
A26: Action | B26: 액션 | C26: 0.0287 | D26: 0.0287 | E26: 0.0306 | F26: 0.0293 | G26: 0.0296 | H26: 0.0285 | I26: 0.0272 | J26: 0.0283 | K26: 0.0298 | L26: 0.0301 | M26: 0.0298 | N26: 0.0289 | O26: =AVERAGE(C26:N26) -> 0.029125 | P26: =MIN(C26:N26) -> 0.0272 | Q26: =MAX(C26:N26) -> 0.0306 | R26: =Q26-P26 -> 0.0034 | S26: =RANK(O26,$O$26:$O$41) -> 12
A27: Adventure | B27: 어드벤처 | C27: 0.0226 | D27: 0.0226 | E27: 0.024 | F27: 0.0229 | G27: 0.0229 | H27: 0.0219 | I27: 0.0209 | J27: 0.0213 | K27: 0.0232 | L27: 0.0242 | M27: 0.0239 | N27: 0.0234 | O27: =AVERAGE(C27:N27) -> 0.022816667 | P27: =MIN(C27:N27) -> 0.0209 | Q27: =MAX(C27:N27) -> 0.0242 | R27: =Q27-P27 -> 0.0033 | S27: =RANK(O27,$O$26:$O$41) -> 14
A28: Arcade | B28: 아케이드 | C28: 0.0407 | D28: 0.0394 | E28: 0.0431 | F28: 0.0417 | G28: 0.0428 | H28: 0.0411 | I28: 0.0393 | J28: 0.0398 | K28: 0.0428 | L28: 0.044 | M28: 0.0438 | N28: 0.0423 | O28: =AVERAGE(C28:N28) -> 0.041733333 | P28: =MIN(C28:N28) -> 0.0393 | Q28: =MAX(C28:N28) -> 0.044 | R28: =Q28-P28 -> 0.0047 | S28: =RANK(O28,$O$26:$O$41) -> 6
A29: Board | B29: 보드 | C29: 0.0596 | D29: 0.0616 | E29: 0.0617 | F29: 0.0568 | G29: 0.0584 | H29: 0.0563 | I29: 0.0553 | J29: 0.056 | K29: 0.0585 | L29: 0.0597 | M29: 0.0587 | N29: 0.0568 | O29: =AVERAGE(C29:N29) -> 0.058283333 | P29: =MIN(C29:N29) -> 0.0553 | Q29: =MAX(C29:N29) -> 0.0617 | R29: =Q29-P29 -> 0.0064 | S29: =RANK(O29,$O$26:$O$41) -> 2
A30: Card | B30: 카드 | C30: 0.0683 | D30: 0.0714 | E30: 0.0701 | F30: 0.0675 | G30: 0.0692 | H30: 0.0665 | I30: 0.0662 | J30: 0.0654 | K30: 0.0661 | L30: 0.0656 | M30: 0.0656 | N30: 0.0645 | O30: =AVERAGE(C30:N30) -> 0.0672 | P30: =MIN(C30:N30) -> 0.0645 | Q30: =MAX(C30:N30) -> 0.0714 | R30: =Q30-P30 -> 0.0069 | S30: =RANK(O30,$O$26:$O$41) -> 1
A31: Casino | B31: 카지노 | C31: 0.0553 | D31: 0.0559 | E31: 0.0576 | F31: 0.0545 | G31: 0.0552 | H31: 0.0534 | I31: 0.0538 | J31: 0.0519 | K31: 0.0543 | L31: 0.054 | M31: 0.0571 | N31: 0.0576 | O31: =AVERAGE(C31:N31) -> 0.05505 | P31: =MIN(C31:N31) -> 0.0519 | Q31: =MAX(C31:N31) -> 0.0576 | R31: =Q31-P31 -> 0.0057 | S31: =RANK(O31,$O$26:$O$41) -> 3
A32: Casual | B32: 캐주얼 | C32: 0.0314 | D32: 0.0318 | E32: 0.0346 | F32: 0.0334 | G32: 0.0344 | H32: 0.0335 | I32: 0.0317 | J32: 0.0319 | K32: 0.0345 | L32: 0.0343 | M32: 0.0341 | N32: 0.0326 | O32: =AVERAGE(C32:N32) -> 0.033183333 | P32: =MIN(C32:N32) -> 0.0314 | Q32: =MAX(C32:N32) -> 0.0346 | R32: =Q32-P32 -> 0.0032 | S32: =RANK(O32,$O$26:$O$41) -> 9
A33: Multiplayer | B33: 멀티플레이 | C33: 0.0187 | D33: 0.0182 | E33: 0.0186 | F33: 0.0172 | G33: 0.0159 | H33: 0.0156 | I33: 0.0147 | J33: 0.0149 | K33: 0.017 | L33: 0.0167 | M33: 0.0169 | N33: 0.0157 | O33: =AVERAGE(C33:N33) -> 0.016675 | P33: =MIN(C33:N33) -> 0.0147 | Q33: =MAX(C33:N33) -> 0.0187 | R33: =Q33-P33 -> 0.004 | S33: =RANK(O33,$O$26:$O$41) -> 16
A34: Puzzle | B34: 퍼즐 | C34: 0.0451 | D34: 0.0453 | E34: 0.0479 | F34: 0.0454 | G34: 0.0465 | H34: 0.045 | I34: 0.0427 | J34: 0.0434 | K34: 0.0465 | L34: 0.0466 | M34: 0.0456 | N34: 0.0443 | O34: =AVERAGE(C34:N34) -> 0.045358333 | P34: =MIN(C34:N34) -> 0.0427 | Q34: =MAX(C34:N34) -> 0.0479 | R34: =Q34-P34 -> 0.0052 | S34: =RANK(O34,$O$26:$O$41) -> 4
A35: Racing | B35: 레이싱 | C35: 0.0286 | D35: 0.0293 | E35: 0.0313 | F35: 0.0307 | G35: 0.0309 | H35: 0.0298 | I35: 0.0286 | J35: 0.0284 | K35: 0.031 | L35: 0.0319 | M35: 0.0306 | N35: 0.0302 | O35: =AVERAGE(C35:N35) -> 0.030108333 | P35: =MIN(C35:N35) -> 0.0284 | Q35: =MAX(C35:N35) -> 0.0319 | R35: =Q35-P35 -> 0.0035 | S35: =RANK(O35,$O$26:$O$41) -> 11
A36: Role Playing | B36: 롤플레잉(RPG) | C36: 0.0205 | D36: 0.0202 | E36: 0.0208 | F36: 0.0201 | G36: 0.0207 | H36: 0.0203 | I36: 0.0196 | J36: 0.02 | K36: 0.0215 | L36: 0.0223 | M36: 0.0215 | N36: 0.0212 | O36: =AVERAGE(C36:N36) -> 0.020725 | P36: =MIN(C36:N36) -> 0.0196 | Q36: =MAX(C36:N36) -> 0.0223 | R36: =Q36-P36 -> 0.0027 | S36: =RANK(O36,$O$26:$O$41) -> 15
A37: Simulation | B37: 시뮬레이션 | C37: 0.023 | D37: 0.0231 | E37: 0.0251 | F37: 0.0237 | G37: 0.024 | H37: 0.0233 | I37: 0.0222 | J37: 0.0227 | K37: 0.0247 | L37: 0.0256 | M37: 0.0248 | N37: 0.0245 | O37: =AVERAGE(C37:N37) -> 0.023891667 | P37: =MIN(C37:N37) -> 0.0222 | Q37: =MAX(C37:N37) -> 0.0256 | R37: =Q37-P37 -> 0.0034 | S37: =RANK(O37,$O$26:$O$41) -> 13
... A41: Word | B41: 단어 | C41: 0.0467 | D41: 0.0459 | E41: 0.0444 | F41: 0.0404 | G41: 0.041 | H41: 0.0394 | I41: 0.0395 | J41: 0.0377 | K41: 0.041 | L41: 0.0421 | M41: 0.0422 | N41: 0.0417 | O41: =AVERAGE(C41:N41) -> 0.041833333 | P41: =MIN(C41:N41) -> 0.0377 | Q41: =MAX(C41:N41) -> 0.0467 | R41: =Q41-P41 -> 0.009 | S41: =RANK(O41,$O$26:$O$41) -> 5
A43: D28 리텐션 (28일째 다시 온 비율) — PDF 18쪽 아래
A44: 장르(보고서 표기) | B44: 장르(한글) | C44: 1월 | D44: 2월 | E44: 3월 | F44: 4월 | G44: 5월 | H44: 6월 | I44: 7월 | J44: 8월 | K44: 9월 | L44: 10월 | M44: 11월 | N44: 12월 | O44: 연평균* | P44: 최저 달 | Q44: 최고 달 | R44: 변동폭(최고−최저) | S44: 16개 장르 중 순위 (1=가장 높음)
A45: Action | B45: 액션 | C45: 0.0061 | D45: 0.0065 | E45: 0.0066 | F45: 0.0064 | G45: 0.0065 | H45: 0.0062 | I45: 0.0059 | J45: 0.0061 | K45: 0.006 | L45: 0.0066 | M45: 0.0066 | N45: 0.0065 | O45: =AVERAGE(C45:N45) -> 0.0063333333 | P45: =MIN(C45:N45) -> 0.0059 | Q45: =MAX(C45:N45) -> 0.0066 | R45: =Q45-P45 -> 0.0007 | S45: =RANK(O45,$O$45:$O$60) -> 12
A46: Adventure | B46: 어드벤처 | C46: 0.0047 | D46: 0.0049 | E46: 0.005 | F46: 0.0048 | G46: 0.005 | H46: 0.0046 | I46: 0.0043 | J46: 0.0044 | K46: 0.0046 | L46: 0.0051 | M46: 0.0051 | N46: 0.0053 | O46: =AVERAGE(C46:N46) -> 0.0048166667 | P46: =MIN(C46:N46) -> 0.0043 | Q46: =MAX(C46:N46) -> 0.0053 | R46: =Q46-P46 -> 0.001 | S46: =RANK(O46,$O$45:$O$60) -> 14
A47: Arcade | B47: 아케이드 | C47: 0.0093 | D47: 0.0095 | E47: 0.0099 | F47: 0.0096 | G47: 0.0102 | H47: 0.0098 | I47: 0.0089 | J47: 0.0092 | K47: 0.0096 | L47: 0.0103 | M47: 0.0104 | N47: 0.0106 | O47: =AVERAGE(C47:N47) -> 0.009775 | P47: =MIN(C47:N47) -> 0.0089 | Q47: =MAX(C47:N47) -> 0.0106 | R47: =Q47-P47 -> 0.0017 | S47: =RANK(O47,$O$45:$O$60) -> 6
A48: Board | B48: 보드 | C48: 0.0223 | D48: 0.023 | E48: 0.0249 | F48: 0.0209 | G48: 0.0211 | H48: 0.0197 | I48: 0.0201 | J48: 0.0216 | K48: 0.0211 | L48: 0.0228 | M48: 0.0213 | N48: 0.0218 | O48: =AVERAGE(C48:N48) -> 0.021716667 | P48: =MIN(C48:N48) -> 0.0197 | Q48: =MAX(C48:N48) -> 0.0249 | R48: =Q48-P48 -> 0.0052 | S48: =RANK(O48,$O$45:$O$60) -> 2
A49: Card | B49: 카드 | C49: 0.0285 | D49: 0.0323 | E49: 0.0324 | F49: 0.0295 | G49: 0.0306 | H49: 0.0294 | I49: 0.0285 | J49: 0.0287 | K49: 0.0308 | L49: 0.0306 | M49: 0.0296 | N49: 0.0291 | O49: =AVERAGE(C49:N49) -> 0.03 | P49: =MIN(C49:N49) -> 0.0285 | Q49: =MAX(C49:N49) -> 0.0324 | R49: =Q49-P49 -> 0.0039 | S49: =RANK(O49,$O$45:$O$60) -> 1
A50: Casino | B50: 카지노 | C50: 0.0195 | D50: 0.0211 | E50: 0.0219 | F50: 0.0191 | G50: 0.0198 | H50: 0.0182 | I50: 0.0174 | J50: 0.0176 | K50: 0.0196 | L50: 0.0179 | M50: 0.019 | N50: 0.0194 | O50: =AVERAGE(C50:N50) -> 0.019208333 | P50: =MIN(C50:N50) -> 0.0174 | Q50: =MAX(C50:N50) -> 0.0219 | R50: =Q50-P50 -> 0.0045 | S50: =RANK(O50,$O$45:$O$60) -> 3
A51: Casual | B51: 캐주얼 | C51: 0.0065 | D51: 0.0069 | E51: 0.0073 | F51: 0.0071 | G51: 0.0075 | H51: 0.0073 | I51: 0.0067 | J51: 0.0067 | K51: 0.007 | L51: 0.0074 | M51: 0.0073 | N51: 0.0071 | O51: =AVERAGE(C51:N51) -> 0.0070666667 | P51: =MIN(C51:N51) -> 0.0065 | Q51: =MAX(C51:N51) -> 0.0075 | R51: =Q51-P51 -> 0.001 | S51: =RANK(O51,$O$45:$O$60) -> 10
A52: Multiplayer | B52: 멀티플레이 | C52: 0.0051 | D52: 0.0055 | E52: 0.0052 | F52: 0.0049 | G52: 0.0046 | H52: 0.0045 | I52: 0.0041 | J52: 0.004 | K52: 0.0045 | L52: 0.0048 | M52: 0.0047 | N52: 0.0047 | O52: =AVERAGE(C52:N52) -> 0.0047166667 | P52: =MIN(C52:N52) -> 0.004 | Q52: =MAX(C52:N52) -> 0.0055 | R52: =Q52-P52 -> 0.0015 | S52: =RANK(O52,$O$45:$O$60) -> 15
A53: Puzzle | B53: 퍼즐 | C53: 0.0119 | D53: 0.0121 | E53: 0.0126 | F53: 0.0121 | G53: 0.0126 | H53: 0.0118 | I53: 0.0109 | J53: 0.0111 | K53: 0.0117 | L53: 0.0122 | M53: 0.0119 | N53: 0.0119 | O53: =AVERAGE(C53:N53) -> 0.0119 | P53: =MIN(C53:N53) -> 0.0109 | Q53: =MAX(C53:N53) -> 0.0126 | R53: =Q53-P53 -> 0.0017 | S53: =RANK(O53,$O$45:$O$60) -> 4
A54: Racing | B54: 레이싱 | C54: 0.006 | D54: 0.0063 | E54: 0.0065 | F54: 0.0069 | G54: 0.0069 | H54: 0.0065 | I54: 0.0062 | J54: 0.0061 | K54: 0.0064 | L54: 0.0071 | M54: 0.0067 | N54: 0.007 | O54: =AVERAGE(C54:N54) -> 0.00655 | P54: =MIN(C54:N54) -> 0.006 | Q54: =MAX(C54:N54) -> 0.0071 | R54: =Q54-P54 -> 0.0011 | S54: =RANK(O54,$O$45:$O$60) -> 11
A55: Role Playing | B55: 롤플레잉(RPG) | C55: 0.0042 | D55: 0.0043 | E55: 0.0044 | F55: 0.0044 | G55: 0.0044 | H55: 0.0042 | I55: 0.0039 | J55: 0.0041 | K55: 0.0043 | L55: 0.0047 | M55: 0.0046 | N55: 0.0044 | O55: =AVERAGE(C55:N55) -> 0.004325 | P55: =MIN(C55:N55) -> 0.0039 | Q55: =MAX(C55:N55) -> 0.0047 | R55: =Q55-P55 -> 0.0008 | S55: =RANK(O55,$O$45:$O$60) -> 16
A56: Simulation | B56: 시뮬레이션 | C56: 0.0047 | D56: 0.005 | E56: 0.0052 | F56: 0.005 | G56: 0.0052 | H56: 0.005 | I56: 0.0045 | J56: 0.0047 | K56: 0.0049 | L56: 0.0053 | M56: 0.0053 | N56: 0.0053 | O56: =AVERAGE(C56:N56) -> 0.0050083333 | P56: =MIN(C56:N56) -> 0.0045 | Q56: =MAX(C56:N56) -> 0.0053 | R56: =Q56-P56 -> 0.0008 | S56: =RANK(O56,$O$45:$O$60) -> 13
... A60: Word | B60: 단어 | C60: 0.0123 | D60: 0.0128 | E60: 0.0123 | F60: 0.0109 | G60: 0.011 | H60: 0.0104 | I60: 0.0101 | J60: 0.01 | K60: 0.0106 | L60: 0.0107 | M60: 0.0116 | N60: 0.012 | O60: =AVERAGE(C60:N60) -> 0.011225 | P60: =MIN(C60:N60) -> 0.01 | Q60: =MAX(C60:N60) -> 0.0128 | R60: =Q60-P60 -> 0.0028 | S60: =RANK(O60,$O$45:$O$60) -> 5
A62: 하루 플레이 시간 (분) — PDF 19쪽 위
A63: 장르(보고서 표기) | B63: 장르(한글) | C63: 1월 | D63: 2월 | E63: 3월 | F63: 4월 | G63: 5월 | H63: 6월 | I63: 7월 | J63: 8월 | K63: 9월 | L63: 10월 | M63: 11월 | N63: 12월 | O63: 연평균* | P63: 최저 달 | Q63: 최고 달 | R63: 변동폭(최고−최저) | S63: 16개 장르 중 순위 (1=가장 높음)
A64: Action | B64: 액션 | C64: 14 | D64: 13.9 | E64: 13.7 | F64: 13.8 | G64: 13.9 | H64: 14 | I64: 14.3 | J64: 14.4 | K64: 14.4 | L64: 14.4 | M64: 14.1 | N64: 14.1 | O64: =AVERAGE(C64:N64) -> 14.083333 | P64: =MIN(C64:N64) -> 13.7 | Q64: =MAX(C64:N64) -> 14.4 | R64: =Q64-P64 -> 0.7 | S64: =RANK(O64,$O$64:$O$79) -> 13
A65: Adventure | B65: 어드벤처 | C65: 16.3 | D65: 15.8 | E65: 15.9 | F65: 16.2 | G65: 16.2 | H65: 16.3 | I65: 16.6 | J65: 16.7 | K65: 16.6 | L65: 16.6 | M65: 16.8 | N65: 16.8 | O65: =AVERAGE(C65:N65) -> 16.4 | P65: =MIN(C65:N65) -> 15.8 | Q65: =MAX(C65:N65) -> 16.8 | R65: =Q65-P65 -> 1 | S65: =RANK(O65,$O$64:$O$79) -> 8
A66: Arcade | B66: 아케이드 | C66: 12.4 | D66: 12.2 | E66: 12.3 | F66: 12.5 | G66: 12.8 | H66: 12.9 | I66: 13.3 | J66: 13.4 | K66: 13.3 | L66: 13.1 | M66: 13 | N66: 12.9 | O66: =AVERAGE(C66:N66) -> 12.841667 | P66: =MIN(C66:N66) -> 12.2 | Q66: =MAX(C66:N66) -> 13.4 | R66: =Q66-P66 -> 1.2 | S66: =RANK(O66,$O$64:$O$79) -> 16
A67: Board | B67: 보드 | C67: 40.5 | D67: 40.4 | E67: 40 | F67: 40.4 | G67: 41.6 | H67: 41.4 | I67: 41.5 | J67: 41.7 | K67: 41.8 | L67: 41.4 | M67: 41.2 | N67: 40.8 | O67: =AVERAGE(C67:N67) -> 41.058333 | P67: =MIN(C67:N67) -> 40 | Q67: =MAX(C67:N67) -> 41.8 | R67: =Q67-P67 -> 1.8 | S67: =RANK(O67,$O$64:$O$79) -> 2
A68: Card | B68: 카드 | C68: 47.7 | D68: 48.4 | E68: 48.4 | F68: 49 | G68: 48.5 | H68: 48.6 | I68: 48.3 | J68: 48.2 | K68: 48.3 | L68: 48.9 | M68: 49.1 | N68: 48.9 | O68: =AVERAGE(C68:N68) -> 48.525 | P68: =MIN(C68:N68) -> 47.7 | Q68: =MAX(C68:N68) -> 49.1 | R68: =Q68-P68 -> 1.4 | S68: =RANK(O68,$O$64:$O$79) -> 1
A69: Casino | B69: 카지노 | C69: 35.1 | D69: 35.6 | E69: 35.9 | F69: 34.4 | G69: 34.3 | H69: 35.3 | I69: 34.5 | J69: 34.5 | K69: 34.8 | L69: 35.5 | M69: 37.1 | N69: 37.2 | O69: =AVERAGE(C69:N69) -> 35.35 | P69: =MIN(C69:N69) -> 34.3 | Q69: =MAX(C69:N69) -> 37.2 | R69: =Q69-P69 -> 2.9 | S69: =RANK(O69,$O$64:$O$79) -> 3
A70: Casual | B70: 캐주얼 | C70: 13 | D70: 12.7 | E70: 13.1 | F70: 13.5 | G70: 13.8 | H70: 13.9 | I70: 14.1 | J70: 14.1 | K70: 14.3 | L70: 14.1 | M70: 13.7 | N70: 13.4 | O70: =AVERAGE(C70:N70) -> 13.641667 | P70: =MIN(C70:N70) -> 12.7 | Q70: =MAX(C70:N70) -> 14.3 | R70: =Q70-P70 -> 1.6 | S70: =RANK(O70,$O$64:$O$79) -> 15
A71: Multiplayer | B71: 멀티플레이 | C71: 25.8 | D71: 25.3 | E71: 25.2 | F71: 24.2 | G71: 22.3 | H71: 22.5 | I71: 22.7 | J71: 22.6 | K71: 24.2 | L71: 24.6 | M71: 25.6 | N71: 25.8 | O71: =AVERAGE(C71:N71) -> 24.233333 | P71: =MIN(C71:N71) -> 22.3 | Q71: =MAX(C71:N71) -> 25.8 | R71: =Q71-P71 -> 3.5 | S71: =RANK(O71,$O$64:$O$79) -> 5
A72: Puzzle | B72: 퍼즐 | C72: 29.5 | D72: 29.6 | E72: 29.7 | F72: 30.1 | G72: 30.4 | H72: 29.6 | I72: 29.5 | J72: 29.7 | K72: 31.1 | L72: 31.1 | M72: 31.1 | N72: 30.9 | O72: =AVERAGE(C72:N72) -> 30.191667 | P72: =MIN(C72:N72) -> 29.5 | Q72: =MAX(C72:N72) -> 31.1 | R72: =Q72-P72 -> 1.6 | S72: =RANK(O72,$O$64:$O$79) -> 4
A73: Racing | B73: 레이싱 | C73: 13.6 | D73: 13.5 | E73: 13.5 | F73: 13.8 | G73: 13.9 | H73: 14 | I73: 14.3 | J73: 14.5 | K73: 14.6 | L73: 14.4 | M73: 14.5 | N73: 14.8 | O73: =AVERAGE(C73:N73) -> 14.116667 | P73: =MIN(C73:N73) -> 13.5 | Q73: =MAX(C73:N73) -> 14.8 | R73: =Q73-P73 -> 1.3 | S73: =RANK(O73,$O$64:$O$79) -> 12
A74: Role Playing | B74: 롤플레잉(RPG) | C74: 15.3 | D74: 14.9 | E74: 14.7 | F74: 15 | G74: 15.1 | H74: 15.1 | I74: 15.3 | J74: 15.8 | K74: 16.3 | L74: 16.8 | M74: 16.9 | N74: 16.5 | O74: =AVERAGE(C74:N74) -> 15.641667 | P74: =MIN(C74:N74) -> 14.7 | Q74: =MAX(C74:N74) -> 16.9 | R74: =Q74-P74 -> 2.2 | S74: =RANK(O74,$O$64:$O$79) -> 10
A75: Simulation | B75: 시뮬레이션 | C75: 14.1 | D75: 14.1 | E75: 14.3 | F75: 14.6 | G75: 14.6 | H75: 14.8 | I75: 14.9 | J75: 15 | K75: 15 | L75: 15 | M75: 14.9 | N75: 15 | O75: =AVERAGE(C75:N75) -> 14.691667 | P75: =MIN(C75:N75) -> 14.1 | Q75: =MAX(C75:N75) -> 15 | R75: =Q75-P75 -> 0.9 | S75: =RANK(O75,$O$64:$O$79) -> 11
... A79: Word | B79: 단어 | C79: 24.7 | D79: 24.3 | E79: 23.7 | F79: 24 | G79: 23.8 | H79: 23.9 | I79: 23.8 | J79: 23.9 | K79: 23.9 | L79: 23.6 | M79: 23.1 | N79: 23 | O79: =AVERAGE(C79:N79) -> 23.808333 | P79: =MIN(C79:N79) -> 23 | Q79: =MAX(C79:N79) -> 24.7 | R79: =Q79-P79 -> 1.7 | S79: =RANK(O79,$O$64:$O$79) -> 6
A81: 세션 길이 (한 번 켰을 때 노는 시간, 분) — PDF 19쪽 아래
A82: 장르(보고서 표기) | B82: 장르(한글) | C82: 1월 | D82: 2월 | E82: 3월 | F82: 4월 | G82: 5월 | H82: 6월 | I82: 7월 | J82: 8월 | K82: 9월 | L82: 10월 | M82: 11월 | N82: 12월 | O82: 연평균* | P82: 최저 달 | Q82: 최고 달 | R82: 변동폭(최고−최저) | S82: 16개 장르 중 순위 (1=가장 높음)
A83: Action | B83: 액션 | C83: 3.8 | D83: 3.8 | E83: 3.8 | F83: 3.7 | G83: 3.8 | H83: 3.8 | I83: 3.9 | J83: 3.9 | K83: 3.9 | L83: 3.9 | M83: 4 | N83: 4 | O83: =AVERAGE(C83:N83) -> 3.8583333 | P83: =MIN(C83:N83) -> 3.7 | Q83: =MAX(C83:N83) -> 4 | R83: =Q83-P83 -> 0.3 | S83: =RANK(O83,$O$83:$O$98) -> 12
A84: Adventure | B84: 어드벤처 | C84: 4.4 | D84: 4.3 | E84: 4.5 | F84: 4.5 | G84: 4.5 | H84: 4.4 | I84: 4.6 | J84: 4.7 | K84: 4.8 | L84: 4.8 | M84: 4.9 | N84: 4.9 | O84: =AVERAGE(C84:N84) -> 4.6083333 | P84: =MIN(C84:N84) -> 4.3 | Q84: =MAX(C84:N84) -> 4.9 | R84: =Q84-P84 -> 0.6 | S84: =RANK(O84,$O$83:$O$98) -> 8
A85: Arcade | B85: 아케이드 | C85: 3.2 | D85: 3.3 | E85: 3.3 | F85: 3.3 | G85: 3.2 | H85: 3.3 | I85: 3.4 | J85: 3.4 | K85: 3.3 | L85: 3.3 | M85: 3.4 | N85: 3.4 | O85: =AVERAGE(C85:N85) -> 3.3166667 | P85: =MIN(C85:N85) -> 3.2 | Q85: =MAX(C85:N85) -> 3.4 | R85: =Q85-P85 -> 0.2 | S85: =RANK(O85,$O$83:$O$98) -> 16
A86: Board | B86: 보드 | C86: 7.3 | D86: 7.2 | E86: 7.2 | F86: 7.2 | G86: 7.4 | H86: 7.2 | I86: 7.3 | J86: 7.3 | K86: 7.3 | L86: 7.4 | M86: 7.4 | N86: 7.3 | O86: =AVERAGE(C86:N86) -> 7.2916667 | P86: =MIN(C86:N86) -> 7.2 | Q86: =MAX(C86:N86) -> 7.4 | R86: =Q86-P86 -> 0.2 | S86: =RANK(O86,$O$83:$O$98) -> 4
A87: Card | B87: 카드 | C87: 8.2 | D87: 8.2 | E87: 8.2 | F87: 8.3 | G87: 8.3 | H87: 8.2 | I87: 8.2 | J87: 8.2 | K87: 8.4 | L87: 8.5 | M87: 8.5 | N87: 8.5 | O87: =AVERAGE(C87:N87) -> 8.3083333 | P87: =MIN(C87:N87) -> 8.2 | Q87: =MAX(C87:N87) -> 8.5 | R87: =Q87-P87 -> 0.3 | S87: =RANK(O87,$O$83:$O$98) -> 2
A88: Casino | B88: 카지노 | C88: 7.4 | D88: 7.3 | E88: 7.3 | F88: 7.4 | G88: 7.3 | H88: 7.3 | I88: 7.2 | J88: 7.1 | K88: 7.2 | L88: 7.2 | M88: 7.4 | N88: 7.5 | O88: =AVERAGE(C88:N88) -> 7.3 | P88: =MIN(C88:N88) -> 7.1 | Q88: =MAX(C88:N88) -> 7.5 | R88: =Q88-P88 -> 0.4 | S88: =RANK(O88,$O$83:$O$98) -> 3
A89: Casual | B89: 캐주얼 | C89: 3.5 | D89: 3.5 | E89: 3.5 | F89: 3.6 | G89: 3.6 | H89: 3.6 | I89: 3.7 | J89: 3.7 | K89: 3.7 | L89: 3.8 | M89: 3.9 | N89: 4 | O89: =AVERAGE(C89:N89) -> 3.675 | P89: =MIN(C89:N89) -> 3.5 | Q89: =MAX(C89:N89) -> 4 | R89: =Q89-P89 -> 0.5 | S89: =RANK(O89,$O$83:$O$98) -> 14
A90: Multiplayer | B90: 멀티플레이 | C90: 9.3 | D90: 9.3 | E90: 9.3 | F90: 9.5 | G90: 9.2 | H90: 9.3 | I90: 9.3 | J90: 9.4 | K90: 9.4 | L90: 9.7 | M90: 9.8 | N90: 9.7 | O90: =AVERAGE(C90:N90) -> 9.4333333 | P90: =MIN(C90:N90) -> 9.2 | Q90: =MAX(C90:N90) -> 9.8 | R90: =Q90-P90 -> 0.6 | S90: =RANK(O90,$O$83:$O$98) -> 1
A91: Puzzle | B91: 퍼즐 | C91: 5.6 | D91: 5.6 | E91: 5.6 | F91: 5.7 | G91: 5.6 | H91: 5.6 | I91: 5.6 | J91: 5.6 | K91: 5.7 | L91: 5.7 | M91: 5.7 | N91: 5.7 | O91: =AVERAGE(C91:N91) -> 5.6416667 | P91: =MIN(C91:N91) -> 5.6 | Q91: =MAX(C91:N91) -> 5.7 | R91: =Q91-P91 -> 0.1 | S91: =RANK(O91,$O$83:$O$98) -> 5
A92: Racing | B92: 레이싱 | C92: 3.6 | D92: 3.7 | E92: 3.7 | F92: 3.7 | G92: 3.8 | H92: 3.8 | I92: 3.9 | J92: 3.9 | K92: 3.9 | L92: 3.9 | M92: 3.9 | N92: 4 | O92: =AVERAGE(C92:N92) -> 3.8166667 | P92: =MIN(C92:N92) -> 3.6 | Q92: =MAX(C92:N92) -> 4 | R92: =Q92-P92 -> 0.4 | S92: =RANK(O92,$O$83:$O$98) -> 13
A93: Role Playing | B93: 롤플레잉(RPG) | C93: 4.2 | D93: 4.2 | E93: 4.1 | F93: 4.1 | G93: 4.1 | H93: 4.1 | I93: 4.3 | J93: 4.5 | K93: 4.7 | L93: 4.7 | M93: 4.8 | N93: 4.7 | O93: =AVERAGE(C93:N93) -> 4.375 | P93: =MIN(C93:N93) -> 4.1 | Q93: =MAX(C93:N93) -> 4.8 | R93: =Q93-P93 -> 0.7 | S93: =RANK(O93,$O$83:$O$98) -> 9
A94: Simulation | B94: 시뮬레이션 | C94: 3.9 | D94: 4 | E94: 4 | F94: 4 | G94: 4.1 | H94: 4.1 | I94: 4.1 | J94: 4.2 | K94: 4.2 | L94: 4.2 | M94: 4.3 | N94: 4.3 | O94: =AVERAGE(C94:N94) -> 4.1166667 | P94: =MIN(C94:N94) -> 3.9 | Q94: =MAX(C94:N94) -> 4.3 | R94: =Q94-P94 -> 0.4 | S94: =RANK(O94,$O$83:$O$98) -> 11
... A98: Word | B98: 단어 | C98: 5 | D98: 5 | E98: 4.9 | F98: 5 | G98: 5 | H98: 5.1 | I98: 5.1 | J98: 5.1 | K98: 5.1 | L98: 5.3 | M98: 5.2 | N98: 5.2 | O98: =AVERAGE(C98:N98) -> 5.0833333 | P98: =MIN(C98:N98) -> 4.9 | Q98: =MAX(C98:N98) -> 5.3 | R98: =Q98-P98 -> 0.4 | S98: =RANK(O98,$O$83:$O$98) -> 7
A100: 하루 세션 수 (하루에 켜는 횟수, 회) — PDF 20쪽
A101: 장르(보고서 표기) | B101: 장르(한글) | C101: 1월 | D101: 2월 | E101: 3월 | F101: 4월 | G101: 5월 | H101: 6월 | I101: 7월 | J101: 8월 | K101: 9월 | L101: 10월 | M101: 11월 | N101: 12월 | O101: 연평균* | P101: 최저 달 | Q101: 최고 달 | R101: 변동폭(최고−최저) | S101: 16개 장르 중 순위 (1=가장 높음)
A102: Action | B102: 액션 | C102: 3.54 | D102: 3.56 | E102: 3.55 | F102: 3.59 | G102: 3.58 | H102: 3.58 | I102: 3.59 | J102: 3.63 | K102: 3.6 | L102: 3.55 | M102: 3.47 | N102: 3.47 | O102: =AVERAGE(C102:N102) -> 3.5591667 | P102: =MIN(C102:N102) -> 3.47 | Q102: =MAX(C102:N102) -> 3.63 | R102: =Q102-P102 -> 0.16 | S102: =RANK(O102,$O$102:$O$117) -> 15
A103: Adventure | B103: 어드벤처 | C103: 3.65 | D103: 3.68 | E103: 3.67 | F103: 3.76 | G103: 3.76 | H103: 3.76 | I103: 3.75 | J103: 3.73 | K103: 3.74 | L103: 3.66 | M103: 3.6 | N103: 3.62 | O103: =AVERAGE(C103:N103) -> 3.6983333 | P103: =MIN(C103:N103) -> 3.6 | Q103: =MAX(C103:N103) -> 3.76 | R103: =Q103-P103 -> 0.16 | S103: =RANK(O103,$O$102:$O$117) -> 13
A104: Arcade | B104: 아케이드 | C104: 3.82 | D104: 3.78 | E104: 3.86 | F104: 3.97 | G104: 4.09 | H104: 4.1 | I104: 4.1 | J104: 4.08 | K104: 4.14 | L104: 4.08 | M104: 3.97 | N104: 3.95 | O104: =AVERAGE(C104:N104) -> 3.995 | P104: =MIN(C104:N104) -> 3.78 | Q104: =MAX(C104:N104) -> 4.14 | R104: =Q104-P104 -> 0.36 | S104: =RANK(O104,$O$102:$O$117) -> 9
A105: Board | B105: 보드 | C105: 5.08 | D105: 5.07 | E105: 5 | F105: 5.02 | G105: 5.11 | H105: 5.08 | I105: 5.05 | J105: 5.1 | K105: 5.16 | L105: 5.17 | M105: 5.14 | N105: 5.08 | O105: =AVERAGE(C105:N105) -> 5.0883333 | P105: =MIN(C105:N105) -> 5 | Q105: =MAX(C105:N105) -> 5.17 | R105: =Q105-P105 -> 0.17 | S105: =RANK(O105,$O$102:$O$117) -> 1
A106: Card | B106: 카드 | C106: 4.78 | D106: 4.89 | E106: 4.86 | F106: 4.83 | G106: 4.83 | H106: 4.83 | I106: 4.87 | J106: 4.89 | K106: 4.88 | L106: 4.9 | M106: 4.85 | N106: 4.91 | O106: =AVERAGE(C106:N106) -> 4.86 | P106: =MIN(C106:N106) -> 4.78 | Q106: =MAX(C106:N106) -> 4.91 | R106: =Q106-P106 -> 0.13 | S106: =RANK(O106,$O$102:$O$117) -> 2
A107: Casino | B107: 카지노 | C107: 4.09 | D107: 4.2 | E107: 4.28 | F107: 4.35 | G107: 4.26 | H107: 4.3 | I107: 4.35 | J107: 4.37 | K107: 4.26 | L107: 4.34 | M107: 4.24 | N107: 4.23 | O107: =AVERAGE(C107:N107) -> 4.2725 | P107: =MIN(C107:N107) -> 4.09 | Q107: =MAX(C107:N107) -> 4.37 | R107: =Q107-P107 -> 0.28 | S107: =RANK(O107,$O$102:$O$117) -> 6
A108: Casual | B108: 캐주얼 | C108: 3.87 | D108: 3.86 | E108: 3.95 | F108: 4.06 | G108: 4.11 | H108: 4.1 | I108: 4.07 | J108: 4.04 | K108: 4.13 | L108: 4.01 | M108: 3.89 | N108: 3.87 | O108: =AVERAGE(C108:N108) -> 3.9966667 | P108: =MIN(C108:N108) -> 3.86 | Q108: =MAX(C108:N108) -> 4.13 | R108: =Q108-P108 -> 0.27 | S108: =RANK(O108,$O$102:$O$117) -> 8
A109: Multiplayer | B109: 멀티플레이 | C109: 2.36 | D109: 2.38 | E109: 2.41 | F109: 2.35 | G109: 2.26 | H109: 2.31 | I109: 2.3 | J109: 2.29 | K109: 2.33 | L109: 2.28 | M109: 2.31 | N109: 2.26 | O109: =AVERAGE(C109:N109) -> 2.32 | P109: =MIN(C109:N109) -> 2.26 | Q109: =MAX(C109:N109) -> 2.41 | R109: =Q109-P109 -> 0.15 | S109: =RANK(O109,$O$102:$O$117) -> 16
A110: Puzzle | B110: 퍼즐 | C110: 4.59 | D110: 4.69 | E110: 4.74 | F110: 4.78 | G110: 4.82 | H110: 4.77 | I110: 4.76 | J110: 4.77 | K110: 4.9 | L110: 4.9 | M110: 4.79 | N110: 4.8 | O110: =AVERAGE(C110:N110) -> 4.7758333 | P110: =MIN(C110:N110) -> 4.59 | Q110: =MAX(C110:N110) -> 4.9 | R110: =Q110-P110 -> 0.31 | S110: =RANK(O110,$O$102:$O$117) -> 3
A111: Racing | B111: 레이싱 | C111: 3.84 | D111: 3.85 | E111: 3.89 | F111: 3.99 | G111: 3.99 | H111: 3.94 | I111: 3.96 | J111: 4.01 | K111: 4.02 | L111: 3.95 | M111: 3.9 | N111: 3.97 | O111: =AVERAGE(C111:N111) -> 3.9425 | P111: =MIN(C111:N111) -> 3.84 | Q111: =MAX(C111:N111) -> 4.02 | R111: =Q111-P111 -> 0.18 | S111: =RANK(O111,$O$102:$O$117) -> 10
A112: Role Playing | B112: 롤플레잉(RPG) | C112: 3.97 | D112: 3.97 | E112: 4.02 | F112: 4.09 | G112: 4.06 | H112: 4.08 | I112: 3.99 | J112: 3.99 | K112: 4.04 | L112: 4.02 | M112: 3.95 | N112: 4 | O112: =AVERAGE(C112:N112) -> 4.015 | P112: =MIN(C112:N112) -> 3.95 | Q112: =MAX(C112:N112) -> 4.09 | R112: =Q112-P112 -> 0.14 | S112: =RANK(O112,$O$102:$O$117) -> 7
A113: Simulation | B113: 시뮬레이션 | C113: 3.58 | D113: 3.61 | E113: 3.67 | F113: 3.73 | G113: 3.72 | H113: 3.73 | I113: 3.7 | J113: 3.71 | K113: 3.72 | L113: 3.68 | M113: 3.62 | N113: 3.64 | O113: =AVERAGE(C113:N113) -> 3.6758333 | P113: =MIN(C113:N113) -> 3.58 | Q113: =MAX(C113:N113) -> 3.73 | R113: =Q113-P113 -> 0.15 | S113: =RANK(O113,$O$102:$O$117) -> 14
... A117: Word | B117: 단어 | C117: 4.36 | D117: 4.36 | E117: 4.38 | F117: 4.42 | G117: 4.37 | H117: 4.35 | I117: 4.31 | J117: 4.22 | K117: 4.26 | L117: 4.24 | M117: 4.27 | N117: 4.33 | O117: =AVERAGE(C117:N117) -> 4.3225 | P117: =MIN(C117:N117) -> 4.22 | Q117: =MAX(C117:N117) -> 4.42 | R117: =Q117-P117 -> 0.2 | S117: =RANK(O117,$O$102:$O$117) -> 4
A119: * 연평균·최저·최고·변동폭·순위는 보고서에 있는 값이 아니라, 12개월 판독값으로 이 시트가 계산한 값입니다(단순 평균).
A120: 각 칸은 '그 달에 처음 설치한 사람들(월별 코호트)' 중 장르의 중앙값(가운데 순서) 게임의 수치입니다. 보고서 방법론(5쪽): 장르 장은 중앙값 50% 구간만 사용.
A121: 차트 숫자는 반올림되어 표시됩니다(리텐션 소수 둘째 자리 %, 시간 소수 첫째 자리 분). 판독값의 정밀도도 그 이상은 아닙니다.
A122: D28은 28일째 기준입니다. 2026 보고서(다른 시트)의 D30과 하루 차이가 있어 직접 비교에 주의하세요.
A123: 판독을 두 번 하면서 처음 읽은 값 5칸을 고쳤습니다(액션 D1 11월, 카드 D1 11월, 퀴즈 D7 7월, 카드 D28 3월, 카지노 플레이 시간 7월). 그 밖의 칸은 두 번 모두 같은 값으로 읽혔습니다.

Sheet 4-3 장르 판독 요약(참조)
A1: 장르별 한눈에 보기 (차트 판독값의 12개월 평균) | R1: 참조용 복사본 · 원본: 시장조사.xlsx › 4-4 장르 판독 요약 · 원본을 고치면 코드를 다시 실행해 두 파일을 함께 갱신
A2: ⚠ 모든 숫자는 '4-2 장르 차트 판독값(참조)' 시트에서 자동으로 가져온 판독값 기반 계산입니다. 순위: 1위=16개 장르 중 가장 높음.
A4: 장르 | B4: 장르(한글) | C4: D1 리텐션 | D4: 순위 | E4: D7 리텐션 | F4: 순위 | G4: D28 리텐션 | H4: 순위 | I4: 하루 플레이(분) | J4: 순위 | K4: 세션 길이(분) | L4: 순위 | M4: 하루 세션 수 | N4: 순위 | O4: 쉬운 해설 ① 100명이 설치하면 | P4: 쉬운 해설 ② 하루 노는 모습
A5: Action | B5: 액션 | C5: ='4-2 장르 차트 판독값(참조)'!O7 -> 0.18353333 | D5: ='4-2 장르 차트 판독값(참조)'!S7 -> 10 | E5: ='4-2 장르 차트 판독값(참조)'!O26 -> 0.029125 | F5: ='4-2 장르 차트 판독값(참조)'!S26 -> 12 | G5: ='4-2 장르 차트 판독값(참조)'!O45 -> 0.0063333333 | H5: ='4-2 장르 차트 판독값(참조)'!S45 -> 12 | I5: ='4-2 장르 차트 판독값(참조)'!O64 -> 14.083333 | J5: ='4-2 장르 차트 판독값(참조)'!S64 -> 13 | K5: ='4-2 장르 차트 판독값(참조)'!O83 -> 3.8583333 | L5: ='4-2 장르 차트 판독값(참조)'!S83 -> 12 | M5: ='4-2 장르 차트 판독값(참조)'!O102 -> 3.5591667 | N5: ='4-2 장르 차트 판독값(참조)'!S102 -> 15 | O5: ="다음날 "&TEXT(C5*100,"0.0")&"명 → 1주 뒤 "&TEXT(E5*100,"0.0")&"명 → 4주 뒤 "&TEXT(G5*100,"0.0")&"명이 다시 옴" -> 다음날 18.4명 → 1주 뒤 2.9명 → 4주 뒤 0.6명이 다시 옴 | P5: ="하루 "&TEXT(M5,"0.0")&"번 켜고, 한 번에 "&TEXT(K5,"0.0")&"분, 하루 합계 약 "&TEXT(I5,"0")&"분" -> 하루 3.6번 켜고, 한 번에 3.9분, 하루 합계 약 14분
A6: Adventure | B6: 어드벤처 | C6: ='4-2 장르 차트 판독값(참조)'!O8 -> 0.16051667 | D6: ='4-2 장르 차트 판독값(참조)'!S8 -> 14 | E6: ='4-2 장르 차트 판독값(참조)'!O27 -> 0.022816667 | F6: ='4-2 장르 차트 판독값(참조)'!S27 -> 14 | G6: ='4-2 장르 차트 판독값(참조)'!O46 -> 0.0048166667 | H6: ='4-2 장르 차트 판독값(참조)'!S46 -> 14 | I6: ='4-2 장르 차트 판독값(참조)'!O65 -> 16.4 | J6: ='4-2 장르 차트 판독값(참조)'!S65 -> 8 | K6: ='4-2 장르 차트 판독값(참조)'!O84 -> 4.6083333 | L6: ='4-2 장르 차트 판독값(참조)'!S84 -> 8 | M6: ='4-2 장르 차트 판독값(참조)'!O103 -> 3.6983333 | N6: ='4-2 장르 차트 판독값(참조)'!S103 -> 13 | O6: ="다음날 "&TEXT(C6*100,"0.0")&"명 → 1주 뒤 "&TEXT(E6*100,"0.0")&"명 → 4주 뒤 "&TEXT(G6*100,"0.0")&"명이 다시 옴" -> 다음날 16.1명 → 1주 뒤 2.3명 → 4주 뒤 0.5명이 다시 옴 | P6: ="하루 "&TEXT(M6,"0.0")&"번 켜고, 한 번에 "&TEXT(K6,"0.0")&"분, 하루 합계 약 "&TEXT(I6,"0")&"분" -> 하루 3.7번 켜고, 한 번에 4.6분, 하루 합계 약 16분
A7: Arcade | B7: 아케이드 | C7: ='4-2 장르 차트 판독값(참조)'!O9 -> 0.22243333 | D7: ='4-2 장르 차트 판독값(참조)'!S9 -> 1 | E7: ='4-2 장르 차트 판독값(참조)'!O28 -> 0.041733333 | F7: ='4-2 장르 차트 판독값(참조)'!S28 -> 6 | G7: ='4-2 장르 차트 판독값(참조)'!O47 -> 0.009775 | H7: ='4-2 장르 차트 판독값(참조)'!S47 -> 6 | I7: ='4-2 장르 차트 판독값(참조)'!O66 -> 12.841667 | J7: ='4-2 장르 차트 판독값(참조)'!S66 -> 16 | K7: ='4-2 장르 차트 판독값(참조)'!O85 -> 3.3166667 | L7: ='4-2 장르 차트 판독값(참조)'!S85 -> 16 | M7: ='4-2 장르 차트 판독값(참조)'!O104 -> 3.995 | N7: ='4-2 장르 차트 판독값(참조)'!S104 -> 9 | O7: ="다음날 "&TEXT(C7*100,"0.0")&"명 → 1주 뒤 "&TEXT(E7*100,"0.0")&"명 → 4주 뒤 "&TEXT(G7*100,"0.0")&"명이 다시 옴" -> 다음날 22.2명 → 1주 뒤 4.2명 → 4주 뒤 1.0명이 다시 옴 | P7: ="하루 "&TEXT(M7,"0.0")&"번 켜고, 한 번에 "&TEXT(K7,"0.0")&"분, 하루 합계 약 "&TEXT(I7,"0")&"분" -> 하루 4.0번 켜고, 한 번에 3.3분, 하루 합계 약 13분
A8: Board | B8: 보드 | C8: ='4-2 장르 차트 판독값(참조)'!O10 -> 0.19099167 | D8: ='4-2 장르 차트 판독값(참조)'!S10 -> 7 | E8: ='4-2 장르 차트 판독값(참조)'!O29 -> 0.058283333 | F8: ='4-2 장르 차트 판독값(참조)'!S29 -> 2 | G8: ='4-2 장르 차트 판독값(참조)'!O48 -> 0.021716667 | H8: ='4-2 장르 차트 판독값(참조)'!S48 -> 2 | I8: ='4-2 장르 차트 판독값(참조)'!O67 -> 41.058333 | J8: ='4-2 장르 차트 판독값(참조)'!S67 -> 2 | K8: ='4-2 장르 차트 판독값(참조)'!O86 -> 7.2916667 | L8: ='4-2 장르 차트 판독값(참조)'!S86 -> 4 | M8: ='4-2 장르 차트 판독값(참조)'!O105 -> 5.0883333 | N8: ='4-2 장르 차트 판독값(참조)'!S105 -> 1 | O8: ="다음날 "&TEXT(C8*100,"0.0")&"명 → 1주 뒤 "&TEXT(E8*100,"0.0")&"명 → 4주 뒤 "&TEXT(G8*100,"0.0")&"명이 다시 옴" -> 다음날 19.1명 → 1주 뒤 5.8명 → 4주 뒤 2.2명이 다시 옴 | P8: ="하루 "&TEXT(M8,"0.0")&"번 켜고, 한 번에 "&TEXT(K8,"0.0")&"분, 하루 합계 약 "&TEXT(I8,"0")&"분" -> 하루 5.1번 켜고, 한 번에 7.3분, 하루 합계 약 41분
A9: Card | B9: 카드 | C9: ='4-2 장르 차트 판독값(참조)'!O11 -> 0.18838333 | D9: ='4-2 장르 차트 판독값(참조)'!S11 -> 8 | E9: ='4-2 장르 차트 판독값(참조)'!O30 -> 0.0672 | F9: ='4-2 장르 차트 판독값(참조)'!S30 -> 1 | G9: ='4-2 장르 차트 판독값(참조)'!O49 -> 0.03 | H9: ='4-2 장르 차트 판독값(참조)'!S49 -> 1 | I9: ='4-2 장르 차트 판독값(참조)'!O68 -> 48.525 | J9: ='4-2 장르 차트 판독값(참조)'!S68 -> 1 | K9: ='4-2 장르 차트 판독값(참조)'!O87 -> 8.3083333 | L9: ='4-2 장르 차트 판독값(참조)'!S87 -> 2 | M9: ='4-2 장르 차트 판독값(참조)'!O106 -> 4.86 | N9: ='4-2 장르 차트 판독값(참조)'!S106 -> 2 | O9: ="다음날 "&TEXT(C9*100,"0.0")&"명 → 1주 뒤 "&TEXT(E9*100,"0.0")&"명 → 4주 뒤 "&TEXT(G9*100,"0.0")&"명이 다시 옴" -> 다음날 18.8명 → 1주 뒤 6.7명 → 4주 뒤 3.0명이 다시 옴 | P9: ="하루 "&TEXT(M9,"0.0")&"번 켜고, 한 번에 "&TEXT(K9,"0.0")&"분, 하루 합계 약 "&TEXT(I9,"0")&"분" -> 하루 4.9번 켜고, 한 번에 8.3분, 하루 합계 약 49분
A10: Casino | B10: 카지노 | C10: ='4-2 장르 차트 판독값(참조)'!O12 -> 0.193825 | D10: ='4-2 장르 차트 판독값(참조)'!S12 -> 5 | E10: ='4-2 장르 차트 판독값(참조)'!O31 -> 0.05505 | F10: ='4-2 장르 차트 판독값(참조)'!S31 -> 3 | G10: ='4-2 장르 차트 판독값(참조)'!O50 -> 0.019208333 | H10: ='4-2 장르 차트 판독값(참조)'!S50 -> 3 | I10: ='4-2 장르 차트 판독값(참조)'!O69 -> 35.35 | J10: ='4-2 장르 차트 판독값(참조)'!S69 -> 3 | K10: ='4-2 장르 차트 판독값(참조)'!O88 -> 7.3 | L10: ='4-2 장르 차트 판독값(참조)'!S88 -> 3 | M10: ='4-2 장르 차트 판독값(참조)'!O107 -> 4.2725 | N10: ='4-2 장르 차트 판독값(참조)'!S107 -> 6 | O10: ="다음날 "&TEXT(C10*100,"0.0")&"명 → 1주 뒤 "&TEXT(E10*100,"0.0")&"명 → 4주 뒤 "&TEXT(G10*100,"0.0")&"명이 다시 옴" -> 다음날 19.4명 → 1주 뒤 5.5명 → 4주 뒤 1.9명이 다시 옴 | P10: ="하루 "&TEXT(M10,"0.0")&"번 켜고, 한 번에 "&TEXT(K10,"0.0")&"분, 하루 합계 약 "&TEXT(I10,"0")&"분" -> 하루 4.3번 켜고, 한 번에 7.3분, 하루 합계 약 35분
A11: Casual | B11: 캐주얼 | C11: ='4-2 장르 차트 판독값(참조)'!O13 -> 0.2065 | D11: ='4-2 장르 차트 판독값(참조)'!S13 -> 2 | E11: ='4-2 장르 차트 판독값(참조)'!O32 -> 0.033183333 | F11: ='4-2 장르 차트 판독값(참조)'!S32 -> 9 | G11: ='4-2 장르 차트 판독값(참조)'!O51 -> 0.0070666667 | H11: ='4-2 장르 차트 판독값(참조)'!S51 -> 10 | I11: ='4-2 장르 차트 판독값(참조)'!O70 -> 13.641667 | J11: ='4-2 장르 차트 판독값(참조)'!S70 -> 15 | K11: ='4-2 장르 차트 판독값(참조)'!O89 -> 3.675 | L11: ='4-2 장르 차트 판독값(참조)'!S89 -> 14 | M11: ='4-2 장르 차트 판독값(참조)'!O108 -> 3.9966667 | N11: ='4-2 장르 차트 판독값(참조)'!S108 -> 8 | O11: ="다음날 "&TEXT(C11*100,"0.0")&"명 → 1주 뒤 "&TEXT(E11*100,"0.0")&"명 → 4주 뒤 "&TEXT(G11*100,"0.0")&"명이 다시 옴" -> 다음날 20.7명 → 1주 뒤 3.3명 → 4주 뒤 0.7명이 다시 옴 | P11: ="하루 "&TEXT(M11,"0.0")&"번 켜고, 한 번에 "&TEXT(K11,"0.0")&"분, 하루 합계 약 "&TEXT(I11,"0")&"분" -> 하루 4.0번 켜고, 한 번에 3.7분, 하루 합계 약 14분
