Workbook

Sheet 0 목차
A1: 시장조사.xlsx — 목차
A2: 이 파일: 시장조사.xlsx / 짝 파일: 게임전략_MVP_마케팅.xlsx (성공 비결·MVP·마케팅 판단 자료) · 시트 이름을 누르면 그 시트로 이동합니다. 회색 줄은 다음 단계에서 만들 '예정' 시트입니다.
A4: 그룹 | B4: 시트 이름 | C4: 한 줄 설명 | D4: 상태 | E4: 비고
A5: 0 안내 | B5: 0 목차 | C5: 이 시트 | D5: 완료
A6: 0 안내 | B6: 0-1 개요 | C6: 분석 범위·기준일·출처 모음 | D6: 완료
A7: 1 미국 차트 | B7: 1-1 App Store Top100 | C7: 미국 App Store 무료 게임 1~100위와 장르 분류 (기준일 2026-10-03) | D7: 완료
A8: 1 미국 차트 | B8: 1-2 Google Play Top100 | C8: 미국 구글 플레이 무료 게임 1~100위와 장르 분류 (기준일 2026-10-04) | D8: 완료
A9: 1 미국 차트 | B9: 1-3 장르 분포 | C9: 두 스토어 Top100의 대분류별 게임 수·비율 (수식 자동 집계) | D9: 완료
A10: 1 미국 차트 | B10: 1-4 세부 장르 | C10: 대분류 안 세부 장르별 게임 수 (수식 자동 집계) | D10: 완료
A11: 1 미국 차트 | B11: 1-5 인사이트 | C11: 미국 차트에서 찾은 핵심 발견 | D11: 완료
A12: 1 미국 차트 | B12: 1-6 심층 분석 후보 | C12: 더 깊게 볼 게임 후보와 고른 이유 | D12: 완료
A13: 2 지역 | B13: 2-1 지역 비교 요약 | C13: 미국·캐나다 / 남미 / 아시아 / 동남아(인도네시아) 시장 한눈에 비교 | D13: 완료 | E13: 6단계-2에서 동남아 열(E) 추가함
A14: 2 지역 | B14: 2-2 국가별 Top20 | C14: 캐나다·브라질·멕시코·일본·한국 구글 플레이 무료 Top20 | D14: 완료
A15: 2 지역 | B15: 2-3 국가별 장르 분포 | C15: 국가별 Top20의 장르 집계 (수식 자동 집계) | D15: 완료
A16: 2 지역 | B16: 2-4 공통 인기 게임 | C16: 여러 나라에서 함께 순위권에 오른 게임 | D16: 완료
A17: 2 지역 | B17: 2-5 지역별 특징 | C17: 지역·국가별 특징과 근거 게임 | D17: 완료
A18: 2 지역 | B18: 2-6 대륙별 OS 분포 | C18: 대륙·국가별 Android/iOS 점유율, 스토어별 게임 매출·다운로드, OS 출시 우선순위(분석자 제안) | D18: 완료 | E18: 국가 12곳 포함 (StatCounter 2026-09)
A19: 2 지역 | B19: 2-7 동남아 분석 | C19: 인도네시아 Top20·장르 집계·공통 게임·특징 + 동남아 벤치마크(2025 보고서) | D19: 완료 | E19: 태국·베트남·필리핀·말레이시아 순위는 확인 불가
A20: 3 매출 | B20: 3-1 매출 순위 원자료 | C20: 미국·브라질·일본·한국 구글 플레이 매출 Top10 원자료 | D20: 완료
A21: 3 매출 | B21: 3-2 매출 Top100 | C21: 미국 구글 플레이 매출 Top100 장르 분류 (기준일 2026-10-04) + 무료 Top100과 장르 비교 | D21: 완료
A22: 3 매출 | B22: 3-3 매출-다운로드 비교 | C22: 매출 순위 vs 무료 순위·추정 설치 수 구간, 4가지 유형 자동 분류 | D22: 완료
A23: 4 벤치마크 | B23: 4-1 벤치마크 근거 | C23: 리텐션·수익 등 공개 벤치마크 수치와 출처 | D23: 완료
A24: 4 벤치마크 | B24: 4-2 지역 벤치마크 | C24: 지역별 지표 중앙값·상위 구간 표 | D24: 완료 | E24: 게임전략 파일 4-1에 참조용 복사본 있음
A25: 4 벤치마크 | B25: 4-3 장르 차트 판독값 | C25: GameAnalytics 2025 장르별 차트를 눈으로 읽은 값 (판독값) | D25: 완료 | E25: 게임전략 파일 4-2에 참조용 복사본 있음
A26: 4 벤치마크 | B26: 4-4 장르 판독 요약 | C26: 판독값의 12개월 평균과 장르 순위 (수식 자동 계산) | D26: 완료 | E26: 게임전략 파일 4-3에 참조용 복사본 있음
A27: 4 벤치마크 | B27: 4-5 제외한 자료 | C27: 출처가 약해 쓰지 않은 자료와 이유 | D27: 완료

Sheet 0-1 개요
A1: 모바일 게임 시장 분석 — 장르 분류 · 지역 비교 · 성공 비결 & MVP · 벤치마크
A3: 항목 | B3: 내용
A4: 분석 범위 | B4: 미국 App Store / Google Play 게임 카테고리 Top Free 1~100위
A5: App Store 기준일 | B5: 2026-10-03
A6: App Store 출처 | B6: GameDropDaily (Apple 공개 iTunes RSS 차트 기반) https://gamedropdaily.com/mobile/ · 퍼블리셔·국가 교차 확인: AppBrain https://www.appbrain.com/stats/appstore-rankings
A7: Google Play 기준일 | B7: 2026-10-04
A8: Google Play 출처 | B8: AppBrain 미국 Top Free Games https://www.appbrain.com/stats/google-play-rankings/top_free/game/us · 교차 확인: GameDropDaily https://gamedropdaily.com/android/
A9: 참고 | B9: 수집 시점 차이로 출처 간 순위가 1~5계단 다를 수 있음. Google Play 80위는 출처 페이지에서 누락되어 '확인 불가'로 표시.
A10: 장르 분류 | B10: 게임명, 스토어 카테고리, 공개 게임 정보 기반의 분석자 판단. 확신이 낮은 항목은 '비고'에 '확인 필요'로 표시하고 노란색으로 강조.
A11: 수정 방법 | B11: '1-1 App Store Top100' / '1-2 Google Play Top100' 시트의 '대분류', '세부 장르' 열을 수정하면 '1-3 장르 분포' 시트 집계가 자동으로 갱신됨(COUNTIF 수식).
A12: 시트 구성 | B12: [0 안내] 0-1 개요 / [1 미국 차트] 1-1 App Store Top100 · 1-2 Google Play Top100 · 1-3 장르 분포 · 1-4 세부 장르 · 1-5 인사이트 · 1-6 심층 분석 후보 / [2 지역] 2-1 지역 비교 요약 · 2-2 국가별 Top20 · 2-3 국가별 장르 분포 · 2-4 공통 인기 게임 · 2-5 지역별 특징 · 2-6 대륙별 OS 분포 · 2-7 동남아 분석 / [3 매출] 3-1 매출 순위 원자료 · 3-2 매출 Top100 · 3-3 매출-다운로드 비교 / [4 벤치마크] 4-1 벤치마크 근거 · 4-2 지역 벤치마크 · 4-3 장르 차트 판독값 · 4-4 장르 판독 요약 · 4-5 제외한 자료 ※ 성공 비결·MVP·마케팅 판단 자료은(는) '게임전략_MVP_마케팅.xlsx' 파일에 있음 (파일 사이 수식 연결 없음)
A13: 3단계 출처 | B13: GameAnalytics 2026·2025 벤치마크, AppsFlyer State of App Monetization 2026·Gaming App Marketing 2024, Appodeal Mobile Casual Benchmarks 2025. 출처 없는 수치는 '제외한 자료'에 기록.
A14: 2단계 출처 | B14: AppBrain 구글 플레이 매출 순위: 미국·한국 2026-10-03, 일본 2026-10-04, 브라질 2026-10-01. 외부 자료: Wikipedia(Free Fire). 별점·MVP 규모·인원·기간·게임 방식 일부는 분석자 추정.
... A18: 6단계-2 한계 | B18: 태국·베트남·필리핀·말레이시아 Top20은 공개 순위 출처가 없어 확인 불가. OS 값은 대륙 6곳·나라 12곳(싱가포르 참고 포함) 조사. 매출-다운로드 비교의 공식 설치 구간·출시일은 Kingshot만 확인. 위 '지역 비교 한계' 줄의 '동남아 미포함' 문구는 기존 칸이라 그대로 둠.

Sheet 1-1 App Store Top100
A1: 순위 | B1: 게임명 | C1: 퍼블리셔 | D1: 대분류 | E1: 세부 장르 | F1: 비고
A2: 1 | B2: Meowdoku! | C2: Oakever Games | D2: 퍼즐 | E2: 로직·두뇌 트릭 | F2: 스도쿠류
A3: 2 | B3: Block Out! - Color Sort Puzzle | C3: Grand Games | D3: 퍼즐 | E3: 정렬·잼
A4: 3 | B4: Rotate Rings | C4: Nebula Studio | D4: 퍼즐 | E4: 정렬·잼
A5: 4 | B5: Magic Sort! | C5: Grand Games | D5: 퍼즐 | E5: 정렬·잼
A6: 5 | B6: Colony Flow! | C6: ABI Global | D6: 퍼즐 | E6: 정렬·잼 | F6: 확인 필요
A7: 6 | B7: Smash Fest! | C7: Flow Games | D7: 하이퍼·하이브리드 캐주얼 | E7: 물리 파괴
A8: 7 | B8: CubeAway - 3DPuzzle | C8: GOODROID | D8: 퍼즐 | E8: 탭 탈출
A9: 8 | B9: Roblox | C9: Roblox Corporation | D9: 기타(UGC·리워드) | E9: UGC 플랫폼
A10: 9 | B10: Vita Mahjong | C10: Vita Studio | D10: 퍼즐 | E10: 타일·마작·트리플 매치
A11: 10 | B11: Brain Puzzle 3: Crazy Mind | C11: SmallStep Dev Team | D11: 퍼즐 | E11: 로직·두뇌 트릭
A12: 11 | B12: Woodoku Blast: Block Puzzle | C12: Tripledot Studios | D12: 퍼즐 | E12: 블록
A13: 12 | B13: Bus Fever Party! | C13: Lumi Games | D13: 퍼즐 | E13: 정렬·잼 | F13: 버스잼
A14: 13 | B14: Block Blast! | C14: Hungry Studio | D14: 퍼즐 | E14: 블록
A15: 14 | B15: Bus Traffic Fever! | C15: GOODROID | D15: 퍼즐 | E15: 정렬·잼 | F15: 버스잼
A16: 15 | B16: Amaze GO! | C16: Oakever Games | D16: 퍼즐 | E16: 탭 탈출
A17: 16 | B17: Colorever: Gem Art Puzzle | C17: Oakever Games | D17: 퍼즐 | E17: 픽셀·컬러 아트
A18: 17 | B18: Township | C18: Playrix | D18: 시뮬레이션 | E18: 농장·타운 빌딩
A19: 18 | B19: Fortnite | C19: Epic Games | D19: 액션·슈팅 | E19: 배틀로얄
A20: 19 | B20: Royal Match | C20: Dream Games | D20: 퍼즐 | E20: 매치3
A21: 20 | B21: Mahjong Blast | C21: Nebula Studio | D21: 퍼즐 | E21: 타일·마작·트리플 매치
A22: 21 | B22: Royal Smash! - Physics Puzzle | C22: Cypher Games | D22: 하이퍼·하이브리드 캐주얼 | E22: 물리 파괴
A23: 22 | B23: MONOPOLY GO! | C23: Scopely | D23: 카드·보드·카지노 | E23: 보드·주사위 소셜캐주얼
A24: 23 | B24: Whiteout Survival | C24: Century Games | D24: 전략 | E24: 4X·SLG
A25: 24 | B25: Gossip Harbor: Merge & Story | C25: Microfun | D25: 퍼즐 | E25: 머지 | F25: 스토리 결합
A26: 25 | B26: Solitaire Associations Journey | C26: Hitapps Games | D26: 퍼즐 | E26: 워드 | F26: 연상 퍼즐
A27: 26 | B27: Magic Tiles 3: Piano Game | C27: Amanotes | D27: 파티·음악 | E27: 리듬
A28: 27 | B28: CrownCards - Trading Cards | C28: CrownCards | D28: 카드·보드·카지노 | E28: 트레이딩 카드 | F28: 확인 필요
A29: 28 | B29: Food Hunt: Pixel Puzzle | C29: Funfinity | D29: 퍼즐 | E29: 픽셀·컬러 아트
A30: 29 | B30: Tasty Travels: Merge Game | C30: Century Games | D30: 퍼즐 | E30: 머지
A31: 30 | B31: Subway Surfers | C31: SYBO Games | D31: 하이퍼·하이브리드 캐주얼 | E31: 러너
A32: 31 | B32: Castle Busters | C32: Voodoo | D32: 하이퍼·하이브리드 캐주얼 | E32: 하이브리드 캐주얼
A33: 32 | B33: Sled Surfers | C33: CrazyLabs | D33: 하이퍼·하이브리드 캐주얼 | E33: 러너
A34: 33 | B34: Tang Luck: Casino Slots | C34: SpinShift | D34: 카드·보드·카지노 | E34: 소셜 카지노
A35: 34 | B35: Triumph Arcade | C35: Triumph Arcade | D35: 카드·보드·카지노 | E35: 리얼머니 스킬게임
A36: 35 | B36: Royal Kingdom | C36: Dream Games | D36: 퍼즐 | E36: 매치3
A37: 36 | B37: Arrows – Puzzle Escape | C37: Lessmore | D37: 퍼즐 | E37: 탭 탈출
A38: 37 | B38: Car Evolve | C38: Heseri Games | D38: 하이퍼·하이브리드 캐주얼 | E38: 러너 | F38: 진화 러너
A39: 38 | B39: Disney Solitaire | C39: SuperPlay | D39: 카드·보드·카지노 | E39: 솔리테어 | F39: IP 활용
A40: 39 | B40: PlayCash Rewards | C40: 확인 불가 | D40: 기타(UGC·리워드) | E40: 리워드 앱 | F40: 퍼블리셔 확인 필요
A41: 40 | B41: Kingshot | C41: Century Games | D41: 전략 | E41: 4X·SLG
A42: 41 | B42: Warline: Sniper Strike | C42: Powerfantasy | D42: 액션·슈팅 | E42: 스나이퍼 | F42: 스토어 분류는 Strategy
A43: 42 | B43: Paper.io 2 | C43: Voodoo | D43: 하이퍼·하이브리드 캐주얼 | E43: io
A44: 43 | B44: Candy Crush Saga | C44: King | D44: 퍼즐 | E44: 매치3
A45: 44 | B45: Call of Duty: Mobile | C45: Activision | D45: 액션·슈팅 | E45: FPS
A46: 45 | B46: Jackpot Nights | C46: Lucky Link | D46: 카드·보드·카지노 | E46: 소셜 카지노
A47: 46 | B47: NoomiClone | C47: Matthew Jones | D47: 하이퍼·하이브리드 캐주얼 | E47: 기타 | F47: 확인 필요
A48: 47 | B48: Word Search Explorer | C48: PlaySimple | D48: 퍼즐 | E48: 워드
A49: 48 | B49: Brain Puzzle 2: Logic Twist | C49: SmallStep Dev Team | D49: 퍼즐 | E49: 로직·두뇌 트릭
A50: 49 | B50: Sudoku.com - Number Games | C50: Easybrain | D50: 퍼즐 | E50: 로직·두뇌 트릭 | F50: 스도쿠
A51: 50 | B51: Chess.com - Play and Learn | C51: Chess.com | D51: 카드·보드·카지노 | E51: 클래식 보드 | F51: 체스
A52: 51 | B52: Among Us! | C52: InnerSloth | D52: 파티·음악 | E52: 소셜 디덕션
A53: 52 | B53: 8 Ball Pool | C53: Miniclip | D53: 스포츠 | E53: 당구 PvP
A54: 53 | B54: Mahjong Rumble: Win Real Cash | C54: Aviagames | D54: 카드·보드·카지노 | E54: 리얼머니 스킬게임
A55: 54 | B55: Mob Control | C55: Voodoo | D55: 하이퍼·하이브리드 캐주얼 | E55: 군중 러너·디펜스
A56: 55 | B56: Songless: Guess the Song! | C56: Calico Studio | D56: 파티·음악 | E56: 음악 퀴즈
A57: 56 | B57: Yarn Loop: Knit Puzzle | C57: Combo Games | D57: 퍼즐 | E57: 정렬·잼
A58: 57 | B58: Match Factory! | C58: Peak Games | D58: 퍼즐 | E58: 타일·마작·트리플 매치 | F58: 3D 트리플 매치
A59: 58 | B59: Jigsaw Drop: Solitaire Puzzle | C59: Runyou Game | D59: 퍼즐 | E59: 직소·솔리테어 하이브리드
A60: 59 | B60: Pixel Flow! | C60: Loom Games | D60: 퍼즐 | E60: 픽셀·컬러 아트
A61: 60 | B61: Hotel Legacy: Merge Game | C61: Century Games | D61: 퍼즐 | E61: 머지
A62: 61 | B62: Fish Sort Puzzle - Bubble Jam | C62: Shycheese | D62: 퍼즐 | E62: 정렬·잼
A63: 62 | B63: Block Crush! | C63: Wonderful Studio | D63: 퍼즐 | E63: 블록
A64: 63 | B64: Sand Blocks: Drop Puzzle | C64: Rollic Games | D64: 퍼즐 | E64: 블록 | F64: 샌드 블록
A65: 64 | B65: EA SPORTS FC Soccer Mobile 27 | C65: Electronic Arts | D65: 스포츠 | E65: 축구
A66: 65 | B66: Solitaire Cash: Win Real Money | C66: Papaya Gaming | D66: 카드·보드·카지노 | E66: 리얼머니 스킬게임
A67: 66 | B67: Brawl Stars | C67: Supercell | D67: 액션·슈팅 | E67: 팀 대전 슈터
A68: 67 | B68: Coin Master | C68: Moon Active | D68: 카드·보드·카지노 | E68: 보드·주사위 소셜캐주얼
A69: 68 | B69: 82-0.com | C69: Vaulty Studios | D69: 스포츠 | E69: 기타 | F69: 확인 필요
A70: 69 | B70: Z Route: Redemption | C70: Building-Blocks Network | D70: 전략 | E70: 4X·SLG | F70: 좀비 테마
A71: 70 | B71: Glow Fashion Idol | C71: CrazyLabs | D71: 시뮬레이션 | E71: 패션·꾸미기
A72: 71 | B72: Bloons Blitz | C72: Ninja Kiwi | D72: 하이퍼·하이브리드 캐주얼 | E72: 아케이드 | F72: 확인 필요
A73: 72 | B73: Hole Stars: Puzzle Game | C73: Moon Active | D73: 퍼즐 | E73: 기타 퍼즐 | F73: 홀 수집
A74: 73 | B74: Dice Dreams | C74: SuperPlay | D74: 카드·보드·카지노 | E74: 보드·주사위 소셜캐주얼
A75: 74 | B75: Word Tiles - Relaxing Puzzle | C75: Agave Games | D75: 퍼즐 | E75: 워드
A76: 75 | B76: Jam Bus: Sandfall | C76: Nova Games | D76: 퍼즐 | E76: 정렬·잼 | F76: 버스잼
A77: 76 | B77: Pokémon GO | C77: Scopely | D77: RPG | E77: 위치기반 수집
A78: 77 | B78: Toon Blast | C78: Peak Games | D78: 퍼즐 | E78: 매치3 | F78: 블라스트
A79: 78 | B79: NYT Games: Wordle & Crossword | C79: The New York Times | D79: 퍼즐 | E79: 워드 | F79: 데일리 퍼즐
A80: 79 | B80: Grand Fortune Club | C80: EverPrime Futures | D80: 카드·보드·카지노 | E80: 소셜 카지노
A81: 80 | B81: Clash Royale | C81: Supercell | D81: 전략 | E81: 실시간 카드 배틀
A82: 81 | B82: Jigsawcard Solitaire Puzzle | C82: Oakever Games | D82: 퍼즐 | E82: 직소·솔리테어 하이브리드
A83: 82 | B83: Playtest Pro by BestPlay | C83: Bestplay Systems | D83: 기타(UGC·리워드) | E83: 리워드 앱
A84: 83 | B84: Mahjong Clash: Win Real Cash | C84: Aviagames | D84: 카드·보드·카지노 | E84: 리얼머니 스킬게임
A85: 84 | B85: Find Hidden Objects - Spot It! | C85: Yolo Game Studios | D85: 퍼즐 | E85: 숨은그림
A86: 85 | B86: Double Tile! | C86: Hungry Studio | D86: 퍼즐 | E86: 타일·마작·트리플 매치
A87: 86 | B87: Cube Land Puzzle Game | C87: Rotatelab | D87: 퍼즐 | E87: 블록
A88: 87 | B88: Goods Puzzle: Sort Challenge | C88: Falcon Games | D88: 퍼즐 | E88: 정렬·잼 | F88: 3매치 정렬
A89: 88 | B89: Cider Casino - Real Money | C89: Mystic Mirror Studio | D89: 카드·보드·카지노 | E89: 리얼머니 스킬게임 | F89: 리얼머니 카지노
A90: 89 | B90: Hole.io | C90: Voodoo | D90: 하이퍼·하이브리드 캐주얼 | E90: io
A91: 90 | B91: Color Slide - Hexa Puzzle | C91: SayGames | D91: 퍼즐 | E91: 정렬·잼 | F91: 헥사
A92: 91 | B92: Geometry Dash Lite | C92: RobTop Games | D92: 하이퍼·하이브리드 캐주얼 | E92: 아케이드 | F92: 플랫포머
A93: 92 | B93: Bingo Cash - Win Real Money | C93: Papaya Gaming | D93: 카드·보드·카지노 | E93: 리얼머니 스킬게임
A94: 93 | B94: EA College Football Mobile 27 | C94: Electronic Arts | D94: 스포츠 | E94: 미식축구
A95: 94 | B95: Victory Blast Casino | C95: Luma Field | D95: 카드·보드·카지노 | E95: 소셜 카지노
A96: 95 | B96: Retro Bowl | C96: New Star Games | D96: 스포츠 | E96: 미식축구
A97: 96 | B97: Aniimo | C97: Pawprint | D97: RPG | E97: 수집형 오픈월드
A98: 97 | B98: Foodstars: Merge & Cook | C98: Happibits | D98: 퍼즐 | E98: 머지 | F98: 요리 테마
A99: 98 | B99: Wordscapes - Word Game | C99: PeopleFun | D99: 퍼즐 | E99: 워드
A100: 99 | B100: Imposter Game - Party Edition | C100: 확인 불가 | D100: 파티·음악 | E100: 소셜 디덕션 | F100: 퍼블리셔 확인 필요
...

Sheet 1-2 Google Play Top100
A1: 순위 | B1: 게임명 | C1: 퍼블리셔 | D1: 대분류 | E1: 세부 장르 | F1: 비고
A2: 1 | B2: Rotate Rings | C2: Nebula Studio | D2: 퍼즐 | E2: 정렬·잼
A3: 2 | B3: Meowdoku: Brain Puzzle Games | C3: Oakever Games | D3: 퍼즐 | E3: 로직·두뇌 트릭 | F3: 스도쿠류
A4: 3 | B4: Angry Birds 2 | C4: Rovio | D4: 하이퍼·하이브리드 캐주얼 | E4: 물리 파괴
A5: 4 | B5: Roblox | C5: Roblox Corporation | D5: 기타(UGC·리워드) | E5: UGC 플랫폼
A6: 5 | B6: Vita Mahjong | C6: Vita Studio | D6: 퍼즐 | E6: 타일·마작·트리플 매치
A7: 6 | B7: Smash Land! | C7: Flow Games | D7: 하이퍼·하이브리드 캐주얼 | E7: 물리 파괴
A8: 7 | B8: Block Blast! | C8: Hungry Studio | D8: 퍼즐 | E8: 블록
A9: 8 | B9: Bus Fever Party! | C9: Lumi Games | D9: 퍼즐 | E9: 정렬·잼 | F9: 버스잼
A10: 9 | B10: Royal Smash! - Physics Puzzle | C10: Cypher Games | D10: 하이퍼·하이브리드 캐주얼 | E10: 물리 파괴
A11: 10 | B11: MemeMix Challenge: Funny Party | C11: Amobear VN | D11: 파티·음악 | E11: 밈 챌린지 | F11: 확인 필요
A12: 11 | B12: Magic Sort! | C12: Grand Games | D12: 퍼즐 | E12: 정렬·잼
A13: 12 | B13: Brain Puzzle 3: Crazy Mind | C13: JoyGame Studio | D13: 퍼즐 | E13: 로직·두뇌 트릭
A14: 13 | B14: Woodoku Blast | C14: Tripledot Studios | D14: 퍼즐 | E14: 블록
A15: 14 | B15: Amaze GO! | C15: Oakever Games | D15: 퍼즐 | E15: 탭 탈출
A16: 15 | B16: Block Craft 3D: Building Game | C16: Wildlife Studios | D16: 시뮬레이션 | E16: 샌드박스 | F16: 건설
A17: 16 | B17: Word Search Explorer | C17: PlaySimple | D17: 퍼즐 | E17: 워드
A18: 17 | B18: Gossip Harbor: Merge & Story | C18: Microfun | D18: 퍼즐 | E18: 머지 | F18: 스토리 결합
A19: 18 | B19: Fish Sort Puzzle | C19: Shycheese | D19: 퍼즐 | E19: 정렬·잼
A20: 19 | B20: Mahjong Blast | C20: Nebula Studio | D20: 퍼즐 | E20: 타일·마작·트리플 매치
A21: 20 | B21: Pocket Sort: Coin Merge Puzzle | C21: SayGames | D21: 퍼즐 | E21: 정렬·잼 | F21: 머지 요소
A22: 21 | B22: Colony Flow! | C22: ABI Games | D22: 퍼즐 | E22: 정렬·잼 | F22: 확인 필요
A23: 22 | B23: Township | C23: Playrix | D23: 시뮬레이션 | E23: 농장·타운 빌딩
A24: 23 | B24: Arrow Puzzle: Tap Puzzle Games | C24: Easybrain | D24: 퍼즐 | E24: 탭 탈출
A25: 24 | B25: Loop Sort | C25: Voodoo | D25: 퍼즐 | E25: 정렬·잼
A26: 25 | B26: Fortnite | C26: Epic Games | D26: 액션·슈팅 | E26: 배틀로얄
A27: 26 | B27: MONOPOLY GO! | C27: Scopely | D27: 카드·보드·카지노 | E27: 보드·주사위 소셜캐주얼
A28: 27 | B28: Cube Land Puzzle Game | C28: Rotatelab | D28: 퍼즐 | E28: 블록
A29: 28 | B29: Castle Busters | C29: Voodoo | D29: 하이퍼·하이브리드 캐주얼 | E29: 하이브리드 캐주얼
A30: 29 | B30: Bulldozer Master: Crush & Mine | C30: Supercent | D30: 하이퍼·하이브리드 캐주얼 | E30: 물리 파괴 | F30: 파괴·채굴
A31: 30 | B31: Mob Control | C31: Voodoo | D31: 하이퍼·하이브리드 캐주얼 | E31: 군중 러너·디펜스
A32: 31 | B32: CubeAway - 3DPuzzle | C32: GOODROID | D32: 퍼즐 | E32: 탭 탈출
A33: 32 | B33: Paper.io 2 | C33: Voodoo | D33: 하이퍼·하이브리드 캐주얼 | E33: io
A34: 33 | B34: Magic Tiles 3 - Piano Game | C34: Amanotes | D34: 파티·음악 | E34: 리듬
A35: 34 | B35: Arrows – Puzzle Escape | C35: Lessmore | D35: 퍼즐 | E35: 탭 탈출
A36: 35 | B36: Color Block Jam | C36: Rollic Games | D36: 퍼즐 | E36: 정렬·잼
A37: 36 | B37: 8 Ball Pool | C37: Miniclip | D37: 스포츠 | E37: 당구 PvP
A38: 37 | B38: Sled Surfers | C38: CrazyLabs | D38: 하이퍼·하이브리드 캐주얼 | E38: 러너
A39: 38 | B39: Jigsawcard Solitaire Puzzle | C39: Oakever Games | D39: 퍼즐 | E39: 직소·솔리테어 하이브리드
A40: 39 | B40: Color by Number: Coloring Games | C40: Wildlife Studios | D40: 퍼즐 | E40: 픽셀·컬러 아트
A41: 40 | B41: Yarn Loop | C41: Combo Game | D41: 퍼즐 | E41: 정렬·잼
A42: 41 | B42: Warline: Sniper Strike | C42: Powerfantasy | D42: 액션·슈팅 | E42: 스나이퍼
... A45: 44 | B45: Brainy Escape Quest | C45: Metagame | D45: 퍼즐 | E45: 로직·두뇌 트릭
A46: 45 | B46: CarLoop | C46: UUTEAM | D46: 퍼즐 | E46: 정렬·잼 | F46: 확인 필요
A47: 46 | B47: Solitaire - Classic Card Games | C47: Guru Puzzle Game | D47: 카드·보드·카지노 | E47: 솔리테어
A48: 47 | B48: Royal Kingdom | C48: Dream Games | D48: 퍼즐 | E48: 매치3
A49: 48 | B49: Candy Crush Saga | C49: King | D49: 퍼즐 | E49: 매치3
A50: 49 | B50: Pixel Flow! | C50: Loom Games | D50: 퍼즐 | E50: 픽셀·컬러 아트
A51: 50 | B51: Slow Mo Strike: Knives in Time | C51: KAYAC | D51: 하이퍼·하이브리드 캐주얼 | E51: 아케이드 | F51: 액션
A52: 51 | B52: Idle Cat Gunner: Shooter RPG | C52: Neptune(Treeplla) | D52: RPG | E52: 방치형 슈터
A53: 52 | B53: Subway Surfers | C53: SYBO Games | D53: 하이퍼·하이브리드 캐주얼 | E53: 러너
A54: 53 | B54: Word Tiles - Relaxing Puzzle | C54: Agave Games | D54: 퍼즐 | E54: 워드
A55: 54 | B55: Geometry Dash Lite | C55: RobTop Games | D55: 하이퍼·하이브리드 캐주얼 | E55: 아케이드 | F55: 플랫포머
A56: 55 | B56: Mahjong Master: Daily Match | C56: Mindful Daily Puzzles | D56: 퍼즐 | E56: 타일·마작·트리플 매치
A57: 56 | B57: Search It - Hidden Objects | C57: Leap Game Studios | D57: 퍼즐 | E57: 숨은그림
A58: 57 | B58: Happy Color: Color by Number | C58: X-Flow | D58: 퍼즐 | E58: 픽셀·컬러 아트
A59: 58 | B59: Apex Sniper: Animal Hunt | C59: CozyCraft | D59: 액션·슈팅 | E59: 스나이퍼 | F59: 헌팅
A60: 59 | B60: Toca Boca World | C60: Toca Boca | D60: 시뮬레이션 | E60: 샌드박스 | F60: 키즈 라이프
A61: 60 | B61: Among Us | C61: Innersloth | D61: 파티·음악 | E61: 소셜 디덕션
A62: 61 | B62: Ball Sort Puzzle - Color Game | C62: Guru Puzzle Game | D62: 퍼즐 | E62: 정렬·잼
A63: 62 | B63: Disney Solitaire | C63: SuperPlay | D63: 카드·보드·카지노 | E63: 솔리테어 | F63: IP 활용
A64: 63 | B64: Whiteout Survival | C64: Century Games | D64: 전략 | E64: 4X·SLG
A65: 64 | B65: EA SPORTS FC Soccer Mobile 27 | C65: Electronic Arts | D65: 스포츠 | E65: 축구
A66: 65 | B66: Hidden Object Games: Seek It | C66: NimbleMind | D66: 퍼즐 | E66: 숨은그림
A67: 66 | B67: Aniimo | C67: Pawprint Studio | D67: RPG | E67: 수집형 오픈월드
A68: 67 | B68: Z Route: Redemption | C68: 37GAMES | D68: 전략 | E68: 4X·SLG | F68: 좀비 테마
A69: 68 | B69: Pokémon TCG Pocket | C69: The Pokémon Company | D69: 카드·보드·카지노 | E69: 트레이딩 카드 | F69: 디지털 TCG
A70: 69 | B70: Tiki Smash! | C70: PeopleFun | D70: 하이퍼·하이브리드 캐주얼 | E70: 물리 파괴
A71: 70 | B71: Block Crush! | C71: Wonderful Studio | D71: 퍼즐 | E71: 블록
A72: 71 | B72: Word Connect Association | C72: PlaySimple | D72: 퍼즐 | E72: 워드 | F72: 연상 퍼즐
A73: 72 | B73: Melon Sandbox | C73: playducky.com | D73: 시뮬레이션 | E73: 샌드박스 | F73: 물리 샌드박스
A74: 73 | B74: Hole Stars: Puzzle Game | C74: Moon Active | D74: 퍼즐 | E74: 기타 퍼즐 | F74: 홀 수집
A75: 74 | B75: Double Tile! | C75: Hungry Studio | D75: 퍼즐 | E75: 타일·마작·트리플 매치
A76: 75 | B76: Brain Puzzle 2: Logic Twist | C76: JoyGame Studio | D76: 퍼즐 | E76: 로직·두뇌 트릭
A77: 76 | B77: Frost Valley: Merge & Story | C77: Tuyoo Games | D77: 퍼즐 | E77: 머지 | F77: 스토리 결합
A78: 77 | B78: Solitaire | C78: Mouse Games | D78: 카드·보드·카지노 | E78: 솔리테어
A79: 78 | B79: Food Hunt: Pixel Puzzle | C79: EVERFUN | D79: 퍼즐 | E79: 픽셀·컬러 아트
A80: 79 | B80: Angry Smash | C80: Tripledot Studios | D80: 하이퍼·하이브리드 캐주얼 | E80: 물리 파괴
A81: 80 | B81: 확인 불가 | C81: - | D81: 확인 불가 | E81: - | F81: 출처 페이지에서 해당 순위 누락
A82: 81 | B82: Screw Out 3D: Nut Sort Jam | C82: Unico Studio | D82: 퍼즐 | E82: 정렬·잼
A83: 82 | B83: Crossword Go! | C83: PlaySimple | D83: 퍼즐 | E83: 워드
A84: 83 | B84: Match Factory! | C84: Peak | D84: 퍼즐 | E84: 타일·마작·트리플 매치 | F84: 3D 트리플 매치
A85: 84 | B85: Treasure Master | C85: Gimica | D85: 하이퍼·하이브리드 캐주얼 | E85: 아케이드 | F85: 채굴
A86: 85 | B86: Car Evolve | C86: Heseri Games | D86: 하이퍼·하이브리드 캐주얼 | E86: 러너 | F86: 진화 러너
A87: 86 | B87: Offline Games - No Wifi Games | C87: JindoBlu | D87: 퍼즐 | E87: 기타 퍼즐 | F87: 미니게임 모음
A88: 87 | B88: Lordrush | C88: Century Games | D88: 전략 | E88: 4X·SLG | F88: 확인 필요
A89: 88 | B89: Loop Master: Color Jam Sort | C89: Pleasure City | D89: 퍼즐 | E89: 정렬·잼
A90: 89 | B90: Freddy Playground Sandbox | C90: Big Host Africa | D90: 시뮬레이션 | E90: 샌드박스
A91: 90 | B91: Wordscapes Search: Word Games | C91: PeopleFun | D91: 퍼즐 | E91: 워드
A92: 91 | B92: Last Extract | C92: Voodoo | D92: 액션·슈팅 | E92: 익스트랙션 슈터
A93: 92 | B93: Vigor Mahjong | C93: CanaryDroid | D93: 퍼즐 | E93: 타일·마작·트리플 매치
A94: 93 | B94: Solar Smash | C94: Paradyme Games | D94: 시뮬레이션 | E94: 샌드박스 | F94: 파괴 샌드박스
A95: 94 | B95: GOGO! Blast | C95: Nebula Studio | D95: 퍼즐 | E95: 탭 탈출
A96: 95 | B96: Annoying Uncle Punch Game | C96: Game District | D96: 하이퍼·하이브리드 캐주얼 | E96: 기타 | F96: 스트레스 해소
A97: 96 | B97: Food Sort: Puzzle Game | C97: Playdayy | D97: 퍼즐 | E97: 정렬·잼
A98: 97 | B98: Free Fire x NARUTO SHIPPUDEN | C98: Garena | D98: 액션·슈팅 | E98: 배틀로얄
A99: 98 | B99: Dice Dreams | C99: SuperPlay | D99: 카드·보드·카지노 | E99: 보드·주사위 소셜캐주얼
A100: 99 | B100: Fast Cash Farkle | C100: GreatPlay | D100: 카드·보드·카지노 | E100: 리얼머니 스킬게임 | F100: 주사위
A101: 100 | B101: Bloons Blitz | C101: Ninja Kiwi | D101: 하이퍼·하이브리드 캐주얼 | E101: 아케이드 | F101: 확인 필요

Sheet 1-3 장르 분포
A1: 대분류 | B1: App Store 수 | C1: App Store 비율 | D1: Google Play 수 | E1: Google Play 비율 | F1: 합계 | G1: 대표 게임
A2: 퍼즐 | B2: =COUNTIF('1-1 App Store Top100'!$D$2:$D$101,A2) -> 48 | C2: =B2/$B$13 -> 0.48 | D2: =COUNTIF('1-2 Google Play Top100'!$D$2:$D$101,A2) -> 53 | E2: =D2/$D$13 -> 0.53 | F2: =B2+D2 -> 101 | G2: Meowdoku, Block Blast, Royal Match
A3: 하이퍼·하이브리드 캐주얼 | B3: =COUNTIF('1-1 App Store Top100'!$D$2:$D$101,A3) -> 12 | C3: =B3/$B$13 -> 0.12 | D3: =COUNTIF('1-2 Google Play Top100'!$D$2:$D$101,A3) -> 17 | E3: =D3/$D$13 -> 0.17 | F3: =B3+D3 -> 29 | G3: Royal Smash, Mob Control, Subway Surfers
A4: 카드·보드·카지노 | B4: =COUNTIF('1-1 App Store Top100'!$D$2:$D$101,A4) -> 16 | C4: =B4/$B$13 -> 0.16 | D4: =COUNTIF('1-2 Google Play Top100'!$D$2:$D$101,A4) -> 7 | E4: =D4/$D$13 -> 0.07 | F4: =B4+D4 -> 23 | G4: MONOPOLY GO!, Solitaire Cash, Disney Solitaire
A5: 시뮬레이션 | B5: =COUNTIF('1-1 App Store Top100'!$D$2:$D$101,A5) -> 2 | C5: =B5/$B$13 -> 0.02 | D5: =COUNTIF('1-2 Google Play Top100'!$D$2:$D$101,A5) -> 6 | E5: =D5/$D$13 -> 0.06 | F5: =B5+D5 -> 8 | G5: Township, Melon Sandbox, Block Craft 3D
A6: 전략 | B6: =COUNTIF('1-1 App Store Top100'!$D$2:$D$101,A6) -> 4 | C6: =B6/$B$13 -> 0.04 | D6: =COUNTIF('1-2 Google Play Top100'!$D$2:$D$101,A6) -> 3 | E6: =D6/$D$13 -> 0.03 | F6: =B6+D6 -> 7 | G6: Whiteout Survival, Kingshot, Clash Royale
A7: 액션·슈팅 | B7: =COUNTIF('1-1 App Store Top100'!$D$2:$D$101,A7) -> 4 | C7: =B7/$B$13 -> 0.04 | D7: =COUNTIF('1-2 Google Play Top100'!$D$2:$D$101,A7) -> 5 | E7: =D7/$D$13 -> 0.05 | F7: =B7+D7 -> 9 | G7: Fortnite, Call of Duty: Mobile, Free Fire
A8: 스포츠 | B8: =COUNTIF('1-1 App Store Top100'!$D$2:$D$101,A8) -> 5 | C8: =B8/$B$13 -> 0.05 | D8: =COUNTIF('1-2 Google Play Top100'!$D$2:$D$101,A8) -> 2 | E8: =D8/$D$13 -> 0.02 | F8: =B8+D8 -> 7 | G8: EA FC Mobile 27, 8 Ball Pool, Retro Bowl
A9: RPG | B9: =COUNTIF('1-1 App Store Top100'!$D$2:$D$101,A9) -> 2 | C9: =B9/$B$13 -> 0.02 | D9: =COUNTIF('1-2 Google Play Top100'!$D$2:$D$101,A9) -> 2 | E9: =D9/$D$13 -> 0.02 | F9: =B9+D9 -> 4 | G9: Pokémon GO, Aniimo, Idle Cat Gunner
A10: 파티·음악 | B10: =COUNTIF('1-1 App Store Top100'!$D$2:$D$101,A10) -> 4 | C10: =B10/$B$13 -> 0.04 | D10: =COUNTIF('1-2 Google Play Top100'!$D$2:$D$101,A10) -> 3 | E10: =D10/$D$13 -> 0.03 | F10: =B10+D10 -> 7 | G10: Magic Tiles 3, Among Us
A11: 기타(UGC·리워드) | B11: =COUNTIF('1-1 App Store Top100'!$D$2:$D$101,A11) -> 3 | C11: =B11/$B$13 -> 0.03 | D11: =COUNTIF('1-2 Google Play Top100'!$D$2:$D$101,A11) -> 1 | E11: =D11/$D$13 -> 0.01 | F11: =B11+D11 -> 4 | G11: Roblox, PlayCash Rewards
A12: 확인 불가 | B12: =COUNTIF('1-1 App Store Top100'!$D$2:$D$101,A12) -> 0 | C12: =B12/$B$13 -> 0 | D12: =COUNTIF('1-2 Google Play Top100'!$D$2:$D$101,A12) -> 1 | E12: =D12/$D$13 -> 0.01 | F12: =B12+D12 -> 1 | G12: -
A13: 합계 | B13: =SUM(B2:B12) -> 100 | C13: =SUM(C2:C12) -> 1 | D13: =SUM(D2:D12) -> 100 | E13: =SUM(E2:E12) -> 1 | F13: =SUM(F2:F12) -> 200

Sheet 1-4 세부 장르
A1: 대분류 | B1: 세부 장르 | C1: App Store 수 | D1: Google Play 수 | E1: 합계
A2: 퍼즐 | B2: 정렬·잼 | C2: =COUNTIFS('1-1 App Store Top100'!$D$2:$D$101,A2,'1-1 App Store Top100'!$E$2:$E$101,B2) -> 11 | D2: =COUNTIFS('1-2 Google Play Top100'!$D$2:$D$101,A2,'1-2 Google Play Top100'!$E$2:$E$101,B2) -> 14 | E2: =C2+D2 -> 25
A3: 퍼즐 | B3: 블록 | C3: =COUNTIFS('1-1 App Store Top100'!$D$2:$D$101,A3,'1-1 App Store Top100'!$E$2:$E$101,B3) -> 5 | D3: =COUNTIFS('1-2 Google Play Top100'!$D$2:$D$101,A3,'1-2 Google Play Top100'!$E$2:$E$101,B3) -> 5 | E3: =C3+D3 -> 10
A4: 퍼즐 | B4: 워드 | C4: =COUNTIFS('1-1 App Store Top100'!$D$2:$D$101,A4,'1-1 App Store Top100'!$E$2:$E$101,B4) -> 5 | D4: =COUNTIFS('1-2 Google Play Top100'!$D$2:$D$101,A4,'1-2 Google Play Top100'!$E$2:$E$101,B4) -> 5 | E4: =C4+D4 -> 10
A5: 퍼즐 | B5: 타일·마작·트리플 매치 | C5: =COUNTIFS('1-1 App Store Top100'!$D$2:$D$101,A5,'1-1 App Store Top100'!$E$2:$E$101,B5) -> 4 | D5: =COUNTIFS('1-2 Google Play Top100'!$D$2:$D$101,A5,'1-2 Google Play Top100'!$E$2:$E$101,B5) -> 6 | E5: =C5+D5 -> 10
A6: 퍼즐 | B6: 로직·두뇌 트릭 | C6: =COUNTIFS('1-1 App Store Top100'!$D$2:$D$101,A6,'1-1 App Store Top100'!$E$2:$E$101,B6) -> 4 | D6: =COUNTIFS('1-2 Google Play Top100'!$D$2:$D$101,A6,'1-2 Google Play Top100'!$E$2:$E$101,B6) -> 4 | E6: =C6+D6 -> 8
A7: 퍼즐 | B7: 탭 탈출 | C7: =COUNTIFS('1-1 App Store Top100'!$D$2:$D$101,A7,'1-1 App Store Top100'!$E$2:$E$101,B7) -> 3 | D7: =COUNTIFS('1-2 Google Play Top100'!$D$2:$D$101,A7,'1-2 Google Play Top100'!$E$2:$E$101,B7) -> 5 | E7: =C7+D7 -> 8
A8: 하이퍼·하이브리드 캐주얼 | B8: 물리 파괴 | C8: =COUNTIFS('1-1 App Store Top100'!$D$2:$D$101,A8,'1-1 App Store Top100'!$E$2:$E$101,B8) -> 2 | D8: =COUNTIFS('1-2 Google Play Top100'!$D$2:$D$101,A8,'1-2 Google Play Top100'!$E$2:$E$101,B8) -> 6 | E8: =C8+D8 -> 8
A9: 카드·보드·카지노 | B9: 리얼머니 스킬게임 | C9: =COUNTIFS('1-1 App Store Top100'!$D$2:$D$101,A9,'1-1 App Store Top100'!$E$2:$E$101,B9) -> 6 | D9: =COUNTIFS('1-2 Google Play Top100'!$D$2:$D$101,A9,'1-2 Google Play Top100'!$E$2:$E$101,B9) -> 1 | E9: =C9+D9 -> 7
A10: 퍼즐 | B10: 매치3 | C10: =COUNTIFS('1-1 App Store Top100'!$D$2:$D$101,A10,'1-1 App Store Top100'!$E$2:$E$101,B10) -> 4 | D10: =COUNTIFS('1-2 Google Play Top100'!$D$2:$D$101,A10,'1-2 Google Play Top100'!$E$2:$E$101,B10) -> 3 | E10: =C10+D10 -> 7
A11: 퍼즐 | B11: 픽셀·컬러 아트 | C11: =COUNTIFS('1-1 App Store Top100'!$D$2:$D$101,A11,'1-1 App Store Top100'!$E$2:$E$101,B11) -> 3 | D11: =COUNTIFS('1-2 Google Play Top100'!$D$2:$D$101,A11,'1-2 Google Play Top100'!$E$2:$E$101,B11) -> 4 | E11: =C11+D11 -> 7
A12: 전략 | B12: 4X·SLG | C12: =COUNTIFS('1-1 App Store Top100'!$D$2:$D$101,A12,'1-1 App Store Top100'!$E$2:$E$101,B12) -> 3 | D12: =COUNTIFS('1-2 Google Play Top100'!$D$2:$D$101,A12,'1-2 Google Play Top100'!$E$2:$E$101,B12) -> 3 | E12: =C12+D12 -> 6
A13: 퍼즐 | B13: 머지 | C13: =COUNTIFS('1-1 App Store Top100'!$D$2:$D$101,A13,'1-1 App Store Top100'!$E$2:$E$101,B13) -> 4 | D13: =COUNTIFS('1-2 Google Play Top100'!$D$2:$D$101,A13,'1-2 Google Play Top100'!$E$2:$E$101,B13) -> 2 | E13: =C13+D13 -> 6
... A49: 파티·음악 | B49: 음악 퀴즈 | C49: =COUNTIFS('1-1 App Store Top100'!$D$2:$D$101,A49,'1-1 App Store Top100'!$E$2:$E$101,B49) -> 1 | D49: =COUNTIFS('1-2 Google Play Top100'!$D$2:$D$101,A49,'1-2 Google Play Top100'!$E$2:$E$101,B49) -> 0 | E49: =C49+D49 -> 1
A50: 합계 | C50: =SUM(C2:C49) -> 100 | D50: =SUM(D2:D49) -> 99 | E50: =SUM(E2:E49) -> 199

Sheet 1-5 인사이트
A1: 인사이트 | B1: 내용
A2: 1. 미국 무료 차트는 사실상 퍼즐 시장 | B2: 두 스토어 모두 절반 안팎이 퍼즐. App Store 1~20위 중 16개가 퍼즐. 매치3보다 정렬·잼(버스잼, 실·물고기·링 정렬)과 탭 탈출(Arrows류)이 압도적이며, 여러 회사가 같은 메커닉을 동시에 출시하는 패스트팔로우 경쟁이 치열함.
A3: 2. App Store에만 리얼머니·카지노가 두드러짐 | B3: 카드·보드·카지노가 App Store 16개 vs Google Play 7개. 리얼머니 스킬게임은 App Store 6개 vs Google Play 1개. Google Play의 리얼머니 게임 정책과 iOS 고결제 유저 대상 UA 집중이 원인으로 추정(검증 필요).
A4: 3. Google Play는 더 어리고 가벼운 취향 | B4: 하이퍼캐주얼(17 vs 12)과 샌드박스 시뮬레이션(Melon Sandbox, Block Craft 3D, Toca Boca World, Solar Smash)이 Google Play에 더 많음. 안드로이드 유저층이 상대적으로 어리다는 추정과 일치.
A5: 4. 두 스토어 간 중복이 큼 | B5: 약 54개 게임이 양쪽 Top 100에 동시 등장. 동일 퍼블리셔가 양 플랫폼에 동시 UA하는 구조로, 이후 단계는 게임별 전략 중심 분석이 효율적.
A6: 5. 상위권은 신작, 중위권은 장수작 | B6: 1~20위는 앱 ID로 보아 2025~2026년 출시로 추정되는 신작 위주(Meowdoku, Rotate Rings, CubeAway 등). Candy Crush, Subway Surfers, Royal Match 등 장수작은 20~50위권 유지. 신작 초기 대규모 UA vs 장수작 안정 유입 구조.
A7: 6. 미드코어는 소수지만 4X는 꾸준 | B7: 전략·액션·RPG 합계 약 10%. Century Games(Whiteout Survival, Kingshot, Lordrush) 등 4X는 공격적 UA로 무료 차트에도 등장. BM 분석 시 Top Grossing 차트 병행 필요.
A8: 7. 주요 퍼블리셔·튀르키예 스튜디오 강세 | B8: 다수 진입: Oakever Games, Voodoo, Century Games, Nebula Studio, PlaySimple, Dream Games, Hungry Studio, SuperPlay, Papaya·Aviagames. Dream Games, Peak, Grand Games, Flow Games, Loom Games, Rotatelab, Falcon 등 튀르키예 스튜디오가 퍼즐·캐주얼 상위권 다수 점유.

Sheet 1-6 심층 분석 후보
A1: 후보 | B1: 장르 | C1: 선정 이유
A2: Meowdoku! | B2: 퍼즐 / 로직 | C2: 양쪽 스토어 1~2위의 신작 로직 퍼즐, 신작 UA 성공 사례
A3: Rotate Rings / Arrows – Puzzle Escape | B3: 퍼즐 / 정렬·잼, 탭 탈출 | C3: 현재 최대 트렌드 메커닉의 대표작
A4: Block Blast! | B4: 퍼즐 / 블록 | C4: 장수 히트 블록 퍼즐, 광고 BM 중심 모델의 표본
A5: Royal Match / Royal Kingdom | B5: 퍼즐 / 매치3 | C5: 매치3 프리미엄 라이브옵스와 IAP의 정석
A6: Gossip Harbor | B6: 퍼즐 / 머지 | C6: 머지+스토리 결합 성공 공식, 미국 여성 유저 타깃
A7: MONOPOLY GO! / Dice Dreams | B7: 카드·보드·카지노 / 보드·주사위 소셜캐주얼 | C7: IP·주사위 소셜캐주얼, 이벤트 기반 고매출 BM
A8: Whiteout Survival / Kingshot | B8: 전략 / 4X·SLG | C8: 4X UA 전략(광고 소재와 실제 게임의 괴리)과 고과금 구조
A9: Royal Smash! / Smash Fest! | B9: 하이퍼·하이브리드 캐주얼 / 물리 파괴 | C9: 하이브리드 캐주얼 물리 파괴 장르의 급부상
A10: Solitaire Cash / Bingo Cash | B10: 카드·보드·카지노 / 리얼머니 스킬게임 | C10: 미국 특화 리얼머니 스킬게임 모델
A11: Vita Mahjong | B11: 퍼즐 / 타일·마작 | C11: 시니어 타깃 퍼즐로 양쪽 상위권 유지

Sheet 2-1 지역 비교 요약
A1: 항목 | B1: 미국·캐나다 | C1: 남미(브라질·멕시코) | D1: 아시아(일본·한국) | E1: 동남아 (인도네시아 기준)
A2: 한 줄 비유 | B2: 조용한 퍼즐 도서관 | C2: 시끌벅적한 운동장 | D2: 캐릭터 문구점 | E2: 모바일 PC방 (분석자 비유)
A3: 가장 좋아하는 것 | B3: 짧게 머리 쓰는 퍼즐(정렬·잼, 블록, 탭 탈출, 단어) | C3: 축구, 총싸움, 오토바이, 블록 쌓기, 가상 펫 | D3: 캐릭터 RPG, 뽑기(가챠), 유명 IP 게임 | E3: 5대5 대전(MOBA)·배틀로얄, 블록·두뇌 퍼즐, 악기·파티 미니게임
A4: 구글 플레이 1위 | B4: 캐나다 Meowdoku / 미국 Rotate Rings | C4: 브라질·멕시코 모두 Roblox | D4: 일본 Meowdoku / 한국 FORTBLOX | E4: 인도네시아 Roblox (2026-10-05)
A5: 우리만의 특징 | B5: 미국 iOS의 리얼머니 게임, 캐나다 온라인 카지노 앱 | C5: 브라질 오토바이 '그라우' 게임 6개·축구 게임 6개, 멕시코 축구팀(Chivas) 게임·베팅 앱 | D5: 일본: 만화·캐릭터 IP, 리듬 게임, 포인트 적립(포이카츠) 게임, 고양이 / 한국: '뽑기 증정' 방치형 RPG, 고스톱·포커 | E5: MOBA 2개(Mobile Legends 2위, Honor of Kings 18위), 현지 시뮬레이터(Bus Simulator Indonesia 31위, Ojol Life 65위), 드럼·피아노 앱
A6: 주로 하는 사람(추정) | B6: 쉬는 시간에 하는 어른 | C6: 10대·친구 그룹 | D6: 캐릭터 팬·수집가 | E6: 확인 불가 (연령 자료 없음)
A7: 휴대폰 환경 | B7: 아이폰 비중 높음 | C7: 가벼운 안드로이드 폰 많음(추정) | D7: 일본은 게임 다운로드의 55%가 iOS | E7: 안드로이드 79.16% (StatCounter 2026-09, 웹 방문 기준)
A8: 퍼즐 비중 | B8: 매우 높음(미국 구글 플레이 53%) | C8: 낮음(브라질 Top 20 중 8개) | D8: 상위권은 높음, 중하위권은 IP·RPG | E8: ="Top 20 중 "&'2-7 동남아 분석'!B28&"개 (인도네시아, 수식)" -> Top 20 중 6개 (인도네시아, 수식)
A9: 게임 개발 시사점 | B9: 말이 필요 없는 단순 퍼즐, 빠른 신작 출시와 대규모 UA | C9: 가벼운 용량, 친구와 함께하는 재미, 축구·현지 문화 결합 | D9: 귀여운 캐릭터·유명 IP 협업(일본), 방치형 성장과 초반 대량 뽑기 이벤트(한국) | E9: 가벼운 안드로이드 대응, 친구와 짧게 겨루는 재미, 현지 소재(오토바이·버스·배달) 결합 — 분석자 제안

Sheet 2-2 국가별 Top20
A1: 지역 | B1: 국가 | C1: 기준일 | D1: 순위 | E1: 게임명 | F1: 퍼블리셔 | G1: 대분류 | H1: 출처
A2: 미국·캐나다 | B2: 캐나다 | C2: 2026-10-04 | D2: 1 | E2: Meowdoku: Brain Puzzle Games | F2: Oakever Games | G2: 퍼즐 | H2: AppBrain Google Play Top Free Games Canada https://www.appbrain.com/stats/google-play-rankings/top_free/game/ca
A3: 미국·캐나다 | B3: 캐나다 | C3: 2026-10-04 | D3: 2 | E3: Rotate Rings | F3: Nebula Studio | G3: 퍼즐 | H3: AppBrain Google Play Top Free Games Canada https://www.appbrain.com/stats/google-play-rankings/top_free/game/ca
A4: 미국·캐나다 | B4: 캐나다 | C4: 2026-10-04 | D4: 3 | E4: Roblox | F4: Roblox Corporation | G4: 기타(UGC·리워드) | H4: AppBrain Google Play Top Free Games Canada https://www.appbrain.com/stats/google-play-rankings/top_free/game/ca
A5: 미국·캐나다 | B5: 캐나다 | C5: 2026-10-04 | D5: 4 | E5: Magic Sort! | F5: Grand Games | G5: 퍼즐 | H5: AppBrain Google Play Top Free Games Canada https://www.appbrain.com/stats/google-play-rankings/top_free/game/ca
A6: 미국·캐나다 | B6: 캐나다 | C6: 2026-10-04 | D6: 5 | E6: Amaze GO! | F6: Oakever Games | G6: 퍼즐 | H6: AppBrain Google Play Top Free Games Canada https://www.appbrain.com/stats/google-play-rankings/top_free/game/ca
A7: 미국·캐나다 | B7: 캐나다 | C7: 2026-10-04 | D7: 6 | E7: Bus Fever Party! | F7: Lumi Games | G7: 퍼즐 | H7: AppBrain Google Play Top Free Games Canada https://www.appbrain.com/stats/google-play-rankings/top_free/game/ca
A8: 미국·캐나다 | B8: 캐나다 | C8: 2026-10-04 | D8: 7 | E8: Block Blast! | F8: Hungry Studio | G8: 퍼즐 | H8: AppBrain Google Play Top Free Games Canada https://www.appbrain.com/stats/google-play-rankings/top_free/game/ca
A9: 미국·캐나다 | B9: 캐나다 | C9: 2026-10-04 | D9: 8 | E9: Brain Puzzle 3: Crazy Mind | F9: JoyGame Studio | G9: 퍼즐 | H9: AppBrain Google Play Top Free Games Canada https://www.appbrain.com/stats/google-play-rankings/top_free/game/ca
A10: 미국·캐나다 | B10: 캐나다 | C10: 2026-10-04 | D10: 9 | E10: Vita Mahjong | F10: Vita Studio | G10: 퍼즐 | H10: AppBrain Google Play Top Free Games Canada https://www.appbrain.com/stats/google-play-rankings/top_free/game/ca
A11: 미국·캐나다 | B11: 캐나다 | C11: 2026-10-04 | D11: 10 | E11: Search It - Hidden Objects | F11: Leap Game Studios | G11: 퍼즐 | H11: AppBrain Google Play Top Free Games Canada https://www.appbrain.com/stats/google-play-rankings/top_free/game/ca
A12: 미국·캐나다 | B12: 캐나다 | C12: 2026-10-04 | D12: 11 | E12: MemeMix Challenge: Funny Party | F12: Amobear VN | G12: 파티·음악 | H12: AppBrain Google Play Top Free Games Canada https://www.appbrain.com/stats/google-play-rankings/top_free/game/ca
A13: 미국·캐나다 | B13: 캐나다 | C13: 2026-10-04 | D13: 12 | E13: Fish Sort Puzzle | F13: Shycheese | G13: 퍼즐 | H13: AppBrain Google Play Top Free Games Canada https://www.appbrain.com/stats/google-play-rankings/top_free/game/ca
... A101: 아시아 | B101: 한국 | C101: 2026-10-03 | D101: 20 | E101: Gossip Harbor: Merge & Story | F101: Microfun | G101: 퍼즐 | H101: AppBrain Google Play Top Free Games South Korea https://www.appbrain.com/stats/google-play-rankings/top_free/game/kr

Sheet 2-3 국가별 장르 분포
A1: 대분류 (Top 20 기준) | B1: 캐나다 | C1: 브라질 | D1: 멕시코 | E1: 일본 | F1: 한국
A2: 퍼즐 | B2: =COUNTIFS('2-2 국가별 Top20'!$B$2:$B$101,B$1,'2-2 국가별 Top20'!$G$2:$G$101,$A2) -> 16 | C2: =COUNTIFS('2-2 국가별 Top20'!$B$2:$B$101,C$1,'2-2 국가별 Top20'!$G$2:$G$101,$A2) -> 8 | D2: =COUNTIFS('2-2 국가별 Top20'!$B$2:$B$101,D$1,'2-2 국가별 Top20'!$G$2:$G$101,$A2) -> 7 | E2: =COUNTIFS('2-2 국가별 Top20'!$B$2:$B$101,E$1,'2-2 국가별 Top20'!$G$2:$G$101,$A2) -> 14 | F2: =COUNTIFS('2-2 국가별 Top20'!$B$2:$B$101,F$1,'2-2 국가별 Top20'!$G$2:$G$101,$A2) -> 10
A3: 하이퍼·하이브리드 캐주얼 | B3: =COUNTIFS('2-2 국가별 Top20'!$B$2:$B$101,B$1,'2-2 국가별 Top20'!$G$2:$G$101,$A3) -> 2 | C3: =COUNTIFS('2-2 국가별 Top20'!$B$2:$B$101,C$1,'2-2 국가별 Top20'!$G$2:$G$101,$A3) -> 3 | D3: =COUNTIFS('2-2 국가별 Top20'!$B$2:$B$101,D$1,'2-2 국가별 Top20'!$G$2:$G$101,$A3) -> 2 | E3: =COUNTIFS('2-2 국가별 Top20'!$B$2:$B$101,E$1,'2-2 국가별 Top20'!$G$2:$G$101,$A3) -> 2 | F3: =COUNTIFS('2-2 국가별 Top20'!$B$2:$B$101,F$1,'2-2 국가별 Top20'!$G$2:$G$101,$A3) -> 0
A4: 카드·보드·카지노 | B4: =COUNTIFS('2-2 국가별 Top20'!$B$2:$B$101,B$1,'2-2 국가별 Top20'!$G$2:$G$101,$A4) -> 0 | C4: =COUNTIFS('2-2 국가별 Top20'!$B$2:$B$101,C$1,'2-2 국가별 Top20'!$G$2:$G$101,$A4) -> 0 | D4: =COUNTIFS('2-2 국가별 Top20'!$B$2:$B$101,D$1,'2-2 국가별 Top20'!$G$2:$G$101,$A4) -> 0 | E4: =COUNTIFS('2-2 국가별 Top20'!$B$2:$B$101,E$1,'2-2 국가별 Top20'!$G$2:$G$101,$A4) -> 0 | F4: =COUNTIFS('2-2 국가별 Top20'!$B$2:$B$101,F$1,'2-2 국가별 Top20'!$G$2:$G$101,$A4) -> 2
A5: 시뮬레이션 | B5: =COUNTIFS('2-2 국가별 Top20'!$B$2:$B$101,B$1,'2-2 국가별 Top20'!$G$2:$G$101,$A5) -> 0 | C5: =COUNTIFS('2-2 국가별 Top20'!$B$2:$B$101,C$1,'2-2 국가별 Top20'!$G$2:$G$101,$A5) -> 4 | D5: =COUNTIFS('2-2 국가별 Top20'!$B$2:$B$101,D$1,'2-2 국가별 Top20'!$G$2:$G$101,$A5) -> 4 | E5: =COUNTIFS('2-2 국가별 Top20'!$B$2:$B$101,E$1,'2-2 국가별 Top20'!$G$2:$G$101,$A5) -> 1 | F5: =COUNTIFS('2-2 국가별 Top20'!$B$2:$B$101,F$1,'2-2 국가별 Top20'!$G$2:$G$101,$A5) -> 0
A6: 전략 | B6: =COUNTIFS('2-2 국가별 Top20'!$B$2:$B$101,B$1,'2-2 국가별 Top20'!$G$2:$G$101,$A6) -> 0 | C6: =COUNTIFS('2-2 국가별 Top20'!$B$2:$B$101,C$1,'2-2 국가별 Top20'!$G$2:$G$101,$A6) -> 1 | D6: =COUNTIFS('2-2 국가별 Top20'!$B$2:$B$101,D$1,'2-2 국가별 Top20'!$G$2:$G$101,$A6) -> 1 | E6: =COUNTIFS('2-2 국가별 Top20'!$B$2:$B$101,E$1,'2-2 국가별 Top20'!$G$2:$G$101,$A6) -> 1 | F6: =COUNTIFS('2-2 국가별 Top20'!$B$2:$B$101,F$1,'2-2 국가별 Top20'!$G$2:$G$101,$A6) -> 1
A7: 액션·슈팅 | B7: =COUNTIFS('2-2 국가별 Top20'!$B$2:$B$101,B$1,'2-2 국가별 Top20'!$G$2:$G$101,$A7) -> 0 | C7: =COUNTIFS('2-2 국가별 Top20'!$B$2:$B$101,C$1,'2-2 국가별 Top20'!$G$2:$G$101,$A7) -> 1 | D7: =COUNTIFS('2-2 국가별 Top20'!$B$2:$B$101,D$1,'2-2 국가별 Top20'!$G$2:$G$101,$A7) -> 1 | E7: =COUNTIFS('2-2 국가별 Top20'!$B$2:$B$101,E$1,'2-2 국가별 Top20'!$G$2:$G$101,$A7) -> 0 | F7: =COUNTIFS('2-2 국가별 Top20'!$B$2:$B$101,F$1,'2-2 국가별 Top20'!$G$2:$G$101,$A7) -> 0
A8: 스포츠 | B8: =COUNTIFS('2-2 국가별 Top20'!$B$2:$B$101,B$1,'2-2 국가별 Top20'!$G$2:$G$101,$A8) -> 0 | C8: =COUNTIFS('2-2 국가별 Top20'!$B$2:$B$101,C$1,'2-2 국가별 Top20'!$G$2:$G$101,$A8) -> 1 | D8: =COUNTIFS('2-2 국가별 Top20'!$B$2:$B$101,D$1,'2-2 국가별 Top20'!$G$2:$G$101,$A8) -> 3 | E8: =COUNTIFS('2-2 국가별 Top20'!$B$2:$B$101,E$1,'2-2 국가별 Top20'!$G$2:$G$101,$A8) -> 0 | F8: =COUNTIFS('2-2 국가별 Top20'!$B$2:$B$101,F$1,'2-2 국가별 Top20'!$G$2:$G$101,$A8) -> 0
A9: RPG | B9: =COUNTIFS('2-2 국가별 Top20'!$B$2:$B$101,B$1,'2-2 국가별 Top20'!$G$2:$G$101,$A9) -> 0 | C9: =COUNTIFS('2-2 국가별 Top20'!$B$2:$B$101,C$1,'2-2 국가별 Top20'!$G$2:$G$101,$A9) -> 0 | D9: =COUNTIFS('2-2 국가별 Top20'!$B$2:$B$101,D$1,'2-2 국가별 Top20'!$G$2:$G$101,$A9) -> 0 | E9: =COUNTIFS('2-2 국가별 Top20'!$B$2:$B$101,E$1,'2-2 국가별 Top20'!$G$2:$G$101,$A9) -> 1 | F9: =COUNTIFS('2-2 국가별 Top20'!$B$2:$B$101,F$1,'2-2 국가별 Top20'!$G$2:$G$101,$A9) -> 4
A10: 파티·음악 | B10: =COUNTIFS('2-2 국가별 Top20'!$B$2:$B$101,B$1,'2-2 국가별 Top20'!$G$2:$G$101,$A10) -> 1 | C10: =COUNTIFS('2-2 국가별 Top20'!$B$2:$B$101,C$1,'2-2 국가별 Top20'!$G$2:$G$101,$A10) -> 0 | D10: =COUNTIFS('2-2 국가별 Top20'!$B$2:$B$101,D$1,'2-2 국가별 Top20'!$G$2:$G$101,$A10) -> 1 | E10: =COUNTIFS('2-2 국가별 Top20'!$B$2:$B$101,E$1,'2-2 국가별 Top20'!$G$2:$G$101,$A10) -> 0 | F10: =COUNTIFS('2-2 국가별 Top20'!$B$2:$B$101,F$1,'2-2 국가별 Top20'!$G$2:$G$101,$A10) -> 0
A11: 기타(UGC·리워드) | B11: =COUNTIFS('2-2 국가별 Top20'!$B$2:$B$101,B$1,'2-2 국가별 Top20'!$G$2:$G$101,$A11) -> 1 | C11: =COUNTIFS('2-2 국가별 Top20'!$B$2:$B$101,C$1,'2-2 국가별 Top20'!$G$2:$G$101,$A11) -> 1 | D11: =COUNTIFS('2-2 국가별 Top20'!$B$2:$B$101,D$1,'2-2 국가별 Top20'!$G$2:$G$101,$A11) -> 1 | E11: =COUNTIFS('2-2 국가별 Top20'!$B$2:$B$101,E$1,'2-2 국가별 Top20'!$G$2:$G$101,$A11) -> 1 | F11: =COUNTIFS('2-2 국가별 Top20'!$B$2:$B$101,F$1,'2-2 국가별 Top20'!$G$2:$G$101,$A11) -> 1
A12: 확인 불가 | B12: =COUNTIFS('2-2 국가별 Top20'!$B$2:$B$101,B$1,'2-2 국가별 Top20'!$G$2:$G$101,$A12) -> 0 | C12: =COUNTIFS('2-2 국가별 Top20'!$B$2:$B$101,C$1,'2-2 국가별 Top20'!$G$2:$G$101,$A12) -> 0 | D12: =COUNTIFS('2-2 국가별 Top20'!$B$2:$B$101,D$1,'2-2 국가별 Top20'!$G$2:$G$101,$A12) -> 0 | E12: =COUNTIFS('2-2 국가별 Top20'!$B$2:$B$101,E$1,'2-2 국가별 Top20'!$G$2:$G$101,$A12) -> 0 | F12: =COUNTIFS('2-2 국가별 Top20'!$B$2:$B$101,F$1,'2-2 국가별 Top20'!$G$2:$G$101,$A12) -> 0
A13: 확인 필요 | B13: =COUNTIFS('2-2 국가별 Top20'!$B$2:$B$101,B$1,'2-2 국가별 Top20'!$G$2:$G$101,$A13) -> 0 | C13: =COUNTIFS('2-2 국가별 Top20'!$B$2:$B$101,C$1,'2-2 국가별 Top20'!$G$2:$G$101,$A13) -> 1 | D13: =COUNTIFS('2-2 국가별 Top20'!$B$2:$B$101,D$1,'2-2 국가별 Top20'!$G$2:$G$101,$A13) -> 0 | E13: =COUNTIFS('2-2 국가별 Top20'!$B$2:$B$101,E$1,'2-2 국가별 Top20'!$G$2:$G$101,$A13) -> 0 | F13: =COUNTIFS('2-2 국가별 Top20'!$B$2:$B$101,F$1,'2-2 국가별 Top20'!$G$2:$G$101,$A13) -> 2
A14: 합계 | B14: =SUM(B2:B13) -> 20 | C14: =SUM(C2:C13) -> 20 | D14: =SUM(D2:D13) -> 20 | E14: =SUM(E2:E13) -> 20 | F14: =SUM(F2:F13) -> 20
A16: 참고: 각 국가 구글 플레이 Top 20만 분류한 값입니다. 미국 전체 Top 100 분포는 '1-3 장르 분포' 시트를 보세요.

Sheet 2-4 공통 인기 게임
A1: 게임명 | B1: 미국 GP | C1: 캐나다 | D1: 브라질 | E1: 멕시코 | F1: 일본 | G1: 한국 | H1: 등장 국가 수 (6개국 중)
A2: Block Blast! | B2: 7 | C2: 7 | D2: 9 | E2: 4 | F2: 3 | G2: 8 | H2: =COUNT(B2:G2) -> 6
A3: Meowdoku | B3: 2 | C3: 1 | D3: 4 | E3: 39 | F3: 1 | G3: 18 | H3: =COUNT(B3:G3) -> 6
A4: Magic Sort! | B4: 11 | C4: 4 | D4: 50 | E4: 33 | F4: 36 | G4: 7 | H4: =COUNT(B4:G4) -> 6
A5: Bus Fever Party! | B5: 8 | C5: 6 | D5: 3 | E5: 2 | F5: 10 | G5: 38 | H5: =COUNT(B5:G5) -> 6
A6: Roblox | B6: 4 | C6: 3 | D6: 1 | E6: 1 | F6: 13 | G6: 10 | H6: =COUNT(B6:G6) -> 6
A7: Vita Mahjong | B7: 5 | C7: 9 | D7: 29 | E7: 15 | F7: 34 | G7: 26 | H7: =COUNT(B7:G7) -> 6
A8: Rotate Rings | B8: 1 | C8: 2 | D8: 8 | E8: - | F8: 2 | G8: 5 | H8: =COUNT(B8:G8) -> 5
A9: Royal Match | B9: 42 | C9: 25 | D9: - | E9: - | F9: 16 | G9: 21 | H9: =COUNT(B9:G9) -> 4
A11: 숫자는 각 국가 구글 플레이 Top Free Games 순위, '-'는 Top 100 밖.
A12: Rotate Rings가 멕시코에 없는 것은 멕시코 자료가 9/25 기준으로 더 오래됐기 때문일 수 있음.
A13: 정정: 이전 답변에서 Royal Match를 '모든 지역 공통'으로 소개했으나, 브라질·멕시코 Top 100에는 없음.

Sheet 2-5 지역별 특징
A1: 지역 | B1: 국가 | C1: 특징 | D1: 근거 게임 (순위) | E1: 분류
A2: 미국·캐나다 | B2: 캐나다 | C2: 미국과 거의 동일한 퍼즐 중심 차트 | D2: Meowdoku(1), Rotate Rings(2), Magic Sort(4), Amaze GO!(5), Block Blast(7) | E2: 데이터
A3: 미국·캐나다 | B3: 캐나다 | C3: 온라인 카지노 앱 진입 | D3: Jackpot City: Online Casino(33) | E3: 데이터
A4: 미국·캐나다 | B4: 캐나다 | C4: 단어 퍼즐 인기 | D4: Word Tiles(20), Crossword Go!(44), Words of Wonders(60, 74) | E4: 데이터
A5: 남미 | B5: 브라질 | C5: Roblox·Free Fire가 1·2위 | D5: Roblox(1), Free Fire x NARUTO(2) | E5: 데이터
A6: 남미 | B6: 브라질 | C6: Free Fire는 저사양 폰에서도 잘 돌아간다는 평가, 브라질 투표 인기 1위 수상 이력 | D6: Wikipedia Free Fire 문서 | E6: 외부 자료
A7: 남미 | B7: 브라질 | C7: 축구 게임 6개 | D7: Football League 2026(10), eFootball(27), EA FC 27(34), Soccer Superstar(40), Mini Soccer(60), Dream League Soccer(94) | E7: 데이터
A8: 남미 | B8: 브라질 | C8: 오토바이 앞바퀴 들기(그라우) 게임 6개 | D8: Moto Wheelie 3D(28), Elite Auto Brazil(31), Wheelie Master(43), Wheelie Life(46), Moto Wheelie Traffic(55), Projeto Grau(100) | E8: 데이터
A9: 남미 | B9: 브라질 | C9: 블록 쌓기·샌드박스 | D9: Minecraft Trial(12), Block World(15), Craft World(19), School Party Craft(21), Block Craft 3D(26) | E9: 데이터
A10: 남미 | B10: 브라질 | C10: 가상 펫·키즈 게임 | D10: Pou(24), My Talking Tom 2(37), My Talking Angela 2(42), Piano Kids(32), Bluey(76), BabyBus(82) | E10: 데이터
A11: 남미 | B11: 브라질 | C11: 온라인 롤플레이 라이프 시뮬 | D11: BLACK RUSSIA(7), Rio Rise(83) | E11: 데이터
A12: 남미 | B12: 멕시코 | C12: 미국식 퍼즐 + 남미식 축구·Free Fire 혼합 | D12: Bus Fever Party(2), Block Blast(4), Free Fire(3), Chivas(6), EA FC 27(12) | E12: 데이터
... A27: 아시아 | B27: 한국 | C27: 해외 SLG/RPG의 한국어 현지화 출시 | D27: X 클래시(66), 라스트 에코(93), 삼국지: 제후의 전쟁(42) | E27: 데이터

Sheet 2-6 대륙별 OS 분포
A1: 표 A. 모바일 OS 사용 점유율 — StatCounter (웹사이트 방문(페이지뷰) 기준이라 '기기 대수'와 다를 수 있음)
A2: 구분 | B2: 지역 | C2: Android | D2: iOS | E2: 기타 (수식) | F2: 더 많은 OS (수식) | G2: 기준 월 | H2: 출처 | I2: 비고
A3: 세계 | B3: 세계 | C3: 0.6917 | D3: 0.3081 | E3: =IF(ISNUMBER(C3),1-C3-D3,"") -> 0.0002 | F3: =IF(ISNUMBER(C3),IF(C3>=D3,"Android","iOS"),"미조사") -> Android | G3: 2026-09 | H3: https://gs.statcounter.com/os-market-share/mobile/worldwide
A4: 대륙 | B4: 북미 | C4: 0.4695 | D4: 0.5303 | E4: =IF(ISNUMBER(C4),1-C4-D4,"") -> 0.0002 | F4: =IF(ISNUMBER(C4),IF(C4>=D4,"Android","iOS"),"미조사") -> iOS | G4: 2026-09 | H4: https://gs.statcounter.com/os-market-share/mobile/north-america | I4: StatCounter는 멕시코를 북미에 포함
A5: 대륙 | B5: 남미 | C5: 0.8353 | D5: 0.1646 | E5: =IF(ISNUMBER(C5),1-C5-D5,"") -> 0.0001 | F5: =IF(ISNUMBER(C5),IF(C5>=D5,"Android","iOS"),"미조사") -> Android | G5: 2026-09 | H5: https://gs.statcounter.com/os-market-share/mobile/south-america
A6: 대륙 | B6: 유럽 | C6: 0.6468 | D6: 0.3531 | E6: =IF(ISNUMBER(C6),1-C6-D6,"") -> 0.0001 | F6: =IF(ISNUMBER(C6),IF(C6>=D6,"Android","iOS"),"미조사") -> Android | G6: 2026-09 | H6: https://gs.statcounter.com/os-market-share/mobile/europe
A7: 대륙 | B7: 아시아 | C7: 0.7847 | D7: 0.2149 | E7: =IF(ISNUMBER(C7),1-C7-D7,"") -> 0.0004 | F7: =IF(ISNUMBER(C7),IF(C7>=D7,"Android","iOS"),"미조사") -> Android | G7: 2026-09 | H7: https://gs.statcounter.com/os-market-share/mobile/asia
A8: 대륙 | B8: 오세아니아 | C8: 0.3825 | D8: 0.6173 | E8: =IF(ISNUMBER(C8),1-C8-D8,"") -> 0.0002 | F8: =IF(ISNUMBER(C8),IF(C8>=D8,"Android","iOS"),"미조사") -> iOS | G8: 2026-08 | H8: https://gs.statcounter.com/os-market-share/mobile/oceania | I8: 조회 시점 페이지에 9월 값이 아직 없어 8월 값 사용
A9: 대륙 | B9: 아프리카 | C9: 0.8338 | D9: 0.1658 | E9: =IF(ISNUMBER(C9),1-C9-D9,"") -> 0.0004 | F9: =IF(ISNUMBER(C9),IF(C9>=D9,"Android","iOS"),"미조사") -> Android | G9: 2026-09 | H9: https://gs.statcounter.com/os-market-share/mobile/africa
A10: 국가 | B10: 미국 | C10: 0.4639 | D10: 0.5359 | E10: =IF(ISNUMBER(C10),1-C10-D10,"") -> 0.0002 | F10: =IF(ISNUMBER(C10),IF(C10>=D10,"Android","iOS"),"미조사") -> iOS | G10: 2026-09 | H10: https://gs.statcounter.com/os-market-share/mobile/united-states-of-america
A11: 국가 | B11: 캐나다 | C11: 0.3513 | D11: 0.6487 | E11: =IF(ISNUMBER(C11),1-C11-D11,"") -> 0 | F11: =IF(ISNUMBER(C11),IF(C11>=D11,"Android","iOS"),"미조사") -> iOS | G11: 2026-09 | H11: https://gs.statcounter.com/os-market-share/mobile/canada
A12: 국가 | B12: 브라질 | C12: 0.7878 | D12: 0.2121 | E12: =IF(ISNUMBER(C12),1-C12-D12,"") -> 0.0001 | F12: =IF(ISNUMBER(C12),IF(C12>=D12,"Android","iOS"),"미조사") -> Android | G12: 2026-09 | H12: https://gs.statcounter.com/os-market-share/mobile/brazil
A13: 국가 | B13: 멕시코 | C13: 0.7204 | D13: 0.2796 | E13: =IF(ISNUMBER(C13),1-C13-D13,"") -> 0 | F13: =IF(ISNUMBER(C13),IF(C13>=D13,"Android","iOS"),"미조사") -> Android | G13: 2026-09 | H13: https://gs.statcounter.com/os-market-share/mobile/mexico
A14: 국가 | B14: 일본 | C14: 0.3949 | D14: 0.6051 | E14: =IF(ISNUMBER(C14),1-C14-D14,"") -> 0 | F14: =IF(ISNUMBER(C14),IF(C14>=D14,"Android","iOS"),"미조사") -> iOS | G14: 2026-09 | H14: https://gs.statcounter.com/os-market-share/mobile/japan | I14: 아시아 평균(안드로이드 78%)과 반대로 아이폰이 더 많음
A15: 국가 | B15: 한국 | C15: 0.6218 | D15: 0.3782 | E15: =IF(ISNUMBER(C15),1-C15-D15,"") -> 0 | F15: =IF(ISNUMBER(C15),IF(C15>=D15,"Android","iOS"),"미조사") -> Android | G15: 2026-09 | H15: https://gs.statcounter.com/os-market-share/mobile/south-korea
A16: 국가 | B16: 인도네시아 | C16: 0.7916 | D16: 0.2079 | E16: =IF(ISNUMBER(C16),1-C16-D16,"") -> 0.0005 | F16: =IF(ISNUMBER(C16),IF(C16>=D16,"Android","iOS"),"미조사") -> Android | G16: 2026-09 | H16: https://gs.statcounter.com/os-market-share/mobile/indonesia
A17: 국가 | B17: 태국 | C17: 0.7396 | D17: 0.2601 | E17: =IF(ISNUMBER(C17),1-C17-D17,"") -> 0.0003 | F17: =IF(ISNUMBER(C17),IF(C17>=D17,"Android","iOS"),"미조사") -> Android | G17: 2026-09 | H17: https://gs.statcounter.com/os-market-share/mobile/thailand
A18: 국가 | B18: 베트남 | C18: 0.5979 | D18: 0.4019 | E18: =IF(ISNUMBER(C18),1-C18-D18,"") -> 0.0002 | F18: =IF(ISNUMBER(C18),IF(C18>=D18,"Android","iOS"),"미조사") -> Android | G18: 2026-09 | H18: https://gs.statcounter.com/os-market-share/mobile/viet-nam
A19: 국가 | B19: 필리핀 | C19: 0.8653 | D19: 0.1347 | E19: =IF(ISNUMBER(C19),1-C19-D19,"") -> 0 | F19: =IF(ISNUMBER(C19),IF(C19>=D19,"Android","iOS"),"미조사") -> Android | G19: 2026-09 | H19: https://gs.statcounter.com/os-market-share/mobile/philippines
A20: 국가 | B20: 말레이시아 | C20: 0.5523 | D20: 0.4475 | E20: =IF(ISNUMBER(C20),1-C20-D20,"") -> 0.0002 | F20: =IF(ISNUMBER(C20),IF(C20>=D20,"Android","iOS"),"미조사") -> Android | G20: 2026-09 | H20: https://gs.statcounter.com/os-market-share/mobile/malaysia
A21: 국가(참고) | B21: 싱가포르 | C21: 0.5625 | D21: 0.4369 | E21: =IF(ISNUMBER(C21),1-C21-D21,"") -> 0.0006 | F21: =IF(ISNUMBER(C21),IF(C21>=D21,"Android","iOS"),"미조사") -> Android | G21: 2026-09 | H21: https://gs.statcounter.com/os-market-share/mobile/singapore | I21: Top20 조사에서는 제외, OS만 참고
A23: 표 B. 게임 이용자 중 OS별 비율
A24: 구분 | B24: 지역 | C24: Android | D24: iOS | E24: 비고
B25: 세계 | C25: 확인 불가 | D25: 확인 불가 | E25: 공개 자료를 찾지 못함 (표 A의 웹 점유율과 다른 숫자라 대신 쓰지 않음)
B26: 북미 | C26: 확인 불가 | D26: 확인 불가 | E26: 공개 자료를 찾지 못함 (표 A의 웹 점유율과 다른 숫자라 대신 쓰지 않음)
B27: 남미 | C27: 확인 불가 | D27: 확인 불가 | E27: 공개 자료를 찾지 못함 (표 A의 웹 점유율과 다른 숫자라 대신 쓰지 않음)
B28: 유럽 | C28: 확인 불가 | D28: 확인 불가 | E28: 공개 자료를 찾지 못함 (표 A의 웹 점유율과 다른 숫자라 대신 쓰지 않음)
B29: 아시아 | C29: 확인 불가 | D29: 확인 불가 | E29: 공개 자료를 찾지 못함 (표 A의 웹 점유율과 다른 숫자라 대신 쓰지 않음)
B30: 오세아니아 | C30: 확인 불가 | D30: 확인 불가 | E30: 공개 자료를 찾지 못함 (표 A의 웹 점유율과 다른 숫자라 대신 쓰지 않음)
B31: 아프리카 | C31: 확인 불가 | D31: 확인 불가 | E31: 공개 자료를 찾지 못함 (표 A의 웹 점유율과 다른 숫자라 대신 쓰지 않음)
A33: 표 C. OS(스토어)별 모바일 게임 매출 — 2025년, 세계
A34: 지역 | B34: App Store 매출 ($B) | C34: Google Play 매출 ($B) | D34: App Store 비율 (수식) | E34: Google Play 비율 (수식) | F34: 출처
A35: 세계 | B35: 52.5 | C35: 30 | D35: =B35/(B35+C35) -> 0.63636364 | E35: =C35/(B35+C35) -> 0.36363636 | F35: Sensor Tower State of Gaming 2026 (2025년 데이터) — 9to5Mac 보도 https://9to5mac.com/?p=1040750
A36: 대륙·국가별 | B36: 확인 불가 | C36: 확인 불가 | F36: 공개 자료를 찾지 못함
A37: Google Play 매출에는 중국 안드로이드 마켓이 포함되지 않음(Google Play만 집계). App Store 매출은 중국 포함.
A39: 표 D (참고). OS(스토어)별 모바일 게임 다운로드 — 2025년, 세계 (표 A·B·C와 또 다른 숫자)
A40: 지역 | B40: App Store 다운로드 (억 건) | C40: Google Play 다운로드 (억 건) | D40: App Store 비율 (수식) | E40: Google Play 비율 (수식) | F40: 출처
A41: 세계 | B41: 78 | C41: 424 | D41: =B41/(B41+C41) -> 0.15537849 | E41: =C41/(B41+C41) -> 0.84462151 | F41: Sensor Tower State of Gaming 2026 — 9to5Mac 보도 (App Store 7.8B, Google Play 42.4B)
A43: OS 출시 우선순위 — 분석자 제안 (사실이 아닌 판단)
A44: iOS 먼저(또는 동시) 기준: iOS 점유율이 이 값 이상 | C44: 0.5 | D44: ← 가정값(분석자 제안). 바꾸면 아래 판단이 자동으로 바뀜
A45: 지역 | B45: iOS 점유율 (표 A) | C45: 먼저 낼 OS (수식) | D45: 쉬운 이유
A46: 북미 | B46: =D4 -> 0.5303 | C46: =IF(B46>=$C$44,"iOS 먼저(또는 동시)","Android 먼저") -> iOS 먼저(또는 동시) | D46: 아이폰 쓰는 사람이 절반 넘음, 세계 게임 매출도 App Store가 더 큼(표 C)
A47: 오세아니아 | B47: =D8 -> 0.6173 | C47: =IF(B47>=$C$44,"iOS 먼저(또는 동시)","Android 먼저") -> iOS 먼저(또는 동시) | D47: 아이폰이 10명 중 6명
A48: 유럽 | B48: =D6 -> 0.3531 | C48: =IF(B48>=$C$44,"iOS 먼저(또는 동시)","Android 먼저") -> Android 먼저 | D48: 안드로이드가 많지만 아이폰도 3명 중 1명 — 둘 다 준비 권장
A49: 남미 | B49: =D5 -> 0.1646 | C49: =IF(B49>=$C$44,"iOS 먼저(또는 동시)","Android 먼저") -> Android 먼저 | D49: 10명 중 8명 넘게 안드로이드
A50: 아시아 | B50: =D7 -> 0.2149 | C50: =IF(B50>=$C$44,"iOS 먼저(또는 동시)","Android 먼저") -> Android 먼저 | D50: 10명 중 8명 가까이 안드로이드(단, 일본은 아이폰이 더 많음 — 아래 일본 줄)
A51: 아프리카 | B51: =D9 -> 0.1658 | C51: =IF(B51>=$C$44,"iOS 먼저(또는 동시)","Android 먼저") -> Android 먼저 | D51: 10명 중 8명 넘게 안드로이드
A52: 미국 | B52: =D10 -> 0.5359 | C52: =IF(B52>=$C$44,"iOS 먼저(또는 동시)","Android 먼저") -> iOS 먼저(또는 동시) | D52: ="안드로이드 "&TEXT(C10,"0.0%")&" · 아이폰 "&TEXT(D10,"0.0%") -> 안드로이드 46.4% · 아이폰 53.6%
A53: 캐나다 | B53: =D11 -> 0.6487 | C53: =IF(B53>=$C$44,"iOS 먼저(또는 동시)","Android 먼저") -> iOS 먼저(또는 동시) | D53: ="안드로이드 "&TEXT(C11,"0.0%")&" · 아이폰 "&TEXT(D11,"0.0%") -> 안드로이드 35.1% · 아이폰 64.9%
A54: 브라질 | B54: =D12 -> 0.2121 | C54: =IF(B54>=$C$44,"iOS 먼저(또는 동시)","Android 먼저") -> Android 먼저 | D54: ="안드로이드 "&TEXT(C12,"0.0%")&" · 아이폰 "&TEXT(D12,"0.0%") -> 안드로이드 78.8% · 아이폰 21.2%
A55: 멕시코 | B55: =D13 -> 0.2796 | C55: =IF(B55>=$C$44,"iOS 먼저(또는 동시)","Android 먼저") -> Android 먼저 | D55: ="안드로이드 "&TEXT(C13,"0.0%")&" · 아이폰 "&TEXT(D13,"0.0%") -> 안드로이드 72.0% · 아이폰 28.0%
A56: 일본 | B56: =D14 -> 0.6051 | C56: =IF(B56>=$C$44,"iOS 먼저(또는 동시)","Android 먼저") -> iOS 먼저(또는 동시) | D56: ="안드로이드 "&TEXT(C14,"0.0%")&" · 아이폰 "&TEXT(D14,"0.0%") -> 안드로이드 39.5% · 아이폰 60.5%
A57: 한국 | B57: =D15 -> 0.3782 | C57: =IF(B57>=$C$44,"iOS 먼저(또는 동시)","Android 먼저") -> Android 먼저 | D57: ="안드로이드 "&TEXT(C15,"0.0%")&" · 아이폰 "&TEXT(D15,"0.0%") -> 안드로이드 62.2% · 아이폰 37.8%
A58: 인도네시아 | B58: =D16 -> 0.2079 | C58: =IF(B58>=$C$44,"iOS 먼저(또는 동시)","Android 먼저") -> Android 먼저 | D58: 10명 중 8명 가까이 안드로이드
A59: 태국 | B59: =D17 -> 0.2601 | C59: =IF(B59>=$C$44,"iOS 먼저(또는 동시)","Android 먼저") -> Android 먼저 | D59: ="안드로이드 "&TEXT(C17,"0.0%")&" · 아이폰 "&TEXT(D17,"0.0%") -> 안드로이드 74.0% · 아이폰 26.0%
A60: 베트남 | B60: =D18 -> 0.4019 | C60: =IF(B60>=$C$44,"iOS 먼저(또는 동시)","Android 먼저") -> Android 먼저 | D60: ="안드로이드 "&TEXT(C18,"0.0%")&" · 아이폰 "&TEXT(D18,"0.0%") -> 안드로이드 59.8% · 아이폰 40.2%
A61: 필리핀 | B61: =D19 -> 0.1347 | C61: =IF(B61>=$C$44,"iOS 먼저(또는 동시)","Android 먼저") -> Android 먼저 | D61: ="안드로이드 "&TEXT(C19,"0.0%")&" · 아이폰 "&TEXT(D19,"0.0%") -> 안드로이드 86.5% · 아이폰 13.5%
A62: 말레이시아 | B62: =D20 -> 0.4475 | C62: =IF(B62>=$C$44,"iOS 먼저(또는 동시)","Android 먼저") -> Android 먼저 | D62: ="안드로이드 "&TEXT(C20,"0.0%")&" · 아이폰 "&TEXT(D20,"0.0%") -> 안드로이드 55.2% · 아이폰 44.8%
A64: 쉬운 요약(분석자 제안): 2인 팀이라면 ① 안드로이드로 먼저 만들어 동남아·남미에서 작게 시험 출시 → ② 숫자가 좋으면 iOS를 붙여 북미·오세아니아로 넓히는 순서가 부담이 적음.
A65: 이유: 안드로이드 사용자가 많은 지역은 '많이 받아 보기'에 좋고, 아이폰이 많은 북미는 '돈을 버는 곳'(세계 게임 매출 중 App Store 약 64%, 표 C).
A66: 나라별로 보면: 미국·캐나다·일본은 아이폰이 더 많음(iOS 먼저 또는 동시). 필리핀(안드로이드 86.5%)·브라질·인도네시아·태국은 안드로이드가 압도적. 베트남·말레이시아는 아이폰도 40% 이상이라 둘 다 준비 권장(분석자 제안).
A67: 주의: 표 A는 웹 방문 기준, 표 C·D는 세계 합계라서 '대륙·나라별 게임 매출 비율'은 아직 모름(확인 불가).

Sheet 2-7 동남아 분석
A1: ① 인도네시아 구글 플레이 무료 게임 Top20
A2: 지역 | B2: 국가 | C2: 기준일 | D2: 순위 | E2: 게임명 | F2: 퍼블리셔 | G2: 대분류 | H2: 출처 | I2: 비고
A3: 동남아 | B3: 인도네시아 | C3: 2026-10-05 | D3: 1 | E3: Roblox | F3: Roblox Corporation | G3: 기타(UGC·리워드) | H3: AppBrain Google Play Top Free Games Indonesia https://www.appbrain.com/stats/google-play-rankings/top_free/game/id
A4: 동남아 | B4: 인도네시아 | C4: 2026-10-05 | D4: 2 | E4: Mobile Legends: Bang Bang | F4: MOONTON | G4: 액션·슈팅 | H4: AppBrain Google Play Top Free Games Indonesia https://www.appbrain.com/stats/google-play-rankings/top_free/game/id | I4: MOBA — 기존 분류표에 MOBA 칸이 없어 '액션·슈팅'에 넣음(분석자 판단)
A5: 동남아 | B5: 인도네시아 | C5: 2026-10-05 | D5: 3 | E5: Block Blast! | F5: HungryStudio | G5: 퍼즐 | H5: AppBrain Google Play Top Free Games Indonesia https://www.appbrain.com/stats/google-play-rankings/top_free/game/id
A6: 동남아 | B6: 인도네시아 | C6: 2026-10-05 | D6: 4 | E6: Free Fire x NARUTO SHIPPUDEN | F6: Garena | G6: 액션·슈팅 | H6: AppBrain Google Play Top Free Games Indonesia https://www.appbrain.com/stats/google-play-rankings/top_free/game/id | I6: 배틀로얄
A7: 동남아 | B7: 인도네시아 | C7: 2026-10-05 | D7: 5 | E7: Easy Drum - Real Music Drum | F7: AVA GAMES | G7: 파티·음악 | H7: AppBrain Google Play Top Free Games Indonesia https://www.appbrain.com/stats/google-play-rankings/top_free/game/id | I7: 확인 필요 — 악기 연주 앱
A8: 동남아 | B8: 인도네시아 | C8: 2026-10-05 | D8: 6 | E8: Brain Puzzle 2: Logic Twist | F8: JoyGame Studio | G8: 퍼즐 | H8: AppBrain Google Play Top Free Games Indonesia https://www.appbrain.com/stats/google-play-rankings/top_free/game/id
A9: 동남아 | B9: 인도네시아 | C9: 2026-10-05 | D9: 7 | E9: Color Block: Combo Blast | F9: Ivy | G9: 퍼즐 | H9: AppBrain Google Play Top Free Games Indonesia https://www.appbrain.com/stats/google-play-rankings/top_free/game/id
A10: 동남아 | B10: 인도네시아 | C10: 2026-10-05 | D10: 8 | E10: Fruit Wins | F10: Buddyplay Limited | G10: 확인 필요 | H10: AppBrain Google Play Top Free Games Indonesia https://www.appbrain.com/stats/google-play-rankings/top_free/game/id | I10: 확인 필요 — 게임 방식 확인 안 됨
A11: 동남아 | B11: 인도네시아 | C11: 2026-10-05 | D11: 9 | E11: Brain Puzzle 3: Crazy Mind | F11: JoyGame Studio | G11: 퍼즐 | H11: AppBrain Google Play Top Free Games Indonesia https://www.appbrain.com/stats/google-play-rankings/top_free/game/id
A12: 동남아 | B12: 인도네시아 | C12: 2026-10-05 | D12: 10 | E12: Gossip Harbor: Merge & Story | F12: Microfun | G12: 퍼즐 | H12: AppBrain Google Play Top Free Games Indonesia https://www.appbrain.com/stats/google-play-rankings/top_free/game/id | I12: 머지
A13: 동남아 | B13: 인도네시아 | C13: 2026-10-05 | D13: 11 | E13: Water Go | F13: MicroSurge | G13: 확인 필요 | H13: AppBrain Google Play Top Free Games Indonesia https://www.appbrain.com/stats/google-play-rankings/top_free/game/id | I13: 확인 필요 — 게임 방식 확인 안 됨
A14: 동남아 | B14: 인도네시아 | C14: 2026-10-05 | D14: 12 | E14: Stickman Party 234 MiniGames | F14: PlayMax Game Studio | G14: 파티·음악 | H14: AppBrain Google Play Top Free Games Indonesia https://www.appbrain.com/stats/google-play-rankings/top_free/game/id | I14: 로컬 멀티 미니게임
A15: 동남아 | B15: 인도네시아 | C15: 2026-10-05 | D15: 13 | E15: Bus Fever Party! | F15: Lumi Games | G15: 퍼즐 | H15: AppBrain Google Play Top Free Games Indonesia https://www.appbrain.com/stats/google-play-rankings/top_free/game/id | I15: 버스잼
A16: 동남아 | B16: 인도네시아 | C16: 2026-10-05 | D16: 14 | E16: School Party Craft | F16: Candy Room Games & RabbitCo | G16: 시뮬레이션 | H16: AppBrain Google Play Top Free Games Indonesia https://www.appbrain.com/stats/google-play-rankings/top_free/game/id | I16: 샌드박스
A17: 동남아 | B17: 인도네시아 | C17: 2026-10-05 | D17: 15 | E17: MemeMix Challenge: Funny Party | F17: Amobear VN Game Global | G17: 파티·음악 | H17: AppBrain Google Play Top Free Games Indonesia https://www.appbrain.com/stats/google-play-rankings/top_free/game/id
A18: 동남아 | B18: 인도네시아 | C18: 2026-10-05 | D18: 16 | E18: My Talking Tom 2: Pet Game | F18: Outfit7 | G18: 시뮬레이션 | H18: AppBrain Google Play Top Free Games Indonesia https://www.appbrain.com/stats/google-play-rankings/top_free/game/id | I18: 가상 펫
A19: 동남아 | B19: 인도네시아 | C19: 2026-10-05 | D19: 17 | E19: Football League 2026 | F19: MOBILE SOCCER | G19: 스포츠 | H19: AppBrain Google Play Top Free Games Indonesia https://www.appbrain.com/stats/google-play-rankings/top_free/game/id | I19: 축구
A20: 동남아 | B20: 인도네시아 | C20: 2026-10-05 | D20: 18 | E20: Honor of Kings | F20: Level Infinite | G20: 액션·슈팅 | H20: AppBrain Google Play Top Free Games Indonesia https://www.appbrain.com/stats/google-play-rankings/top_free/game/id | I20: MOBA — 위 Mobile Legends와 같은 기준
A21: 동남아 | B21: 인도네시아 | C21: 2026-10-05 | D21: 19 | E21: Super Bear Adventure | F21: Earthkwak Games | G21: 하이퍼·하이브리드 캐주얼 | H21: AppBrain Google Play Top Free Games Indonesia https://www.appbrain.com/stats/google-play-rankings/top_free/game/id | I21: 3D 플랫포머 (1-2의 플랫포머 분류 기준을 따름)
A22: 동남아 | B22: 인도네시아 | C22: 2026-10-05 | D22: 20 | E22: 8 Ball Pool | F22: Miniclip.com | G22: 스포츠 | H22: AppBrain Google Play Top Free Games Indonesia https://www.appbrain.com/stats/google-play-rankings/top_free/game/id | I22: 당구 PvP
A24: 태국·베트남·필리핀·말레이시아 Top20: 확인 불가 — AppBrain 국가 목록(30개국)에 이 4개국이 없음(2026-10-05 확인). 42matters 공개 페이지는 'Last update 16 Feb 2025'에 Top10만 있음, appfigures·FoxData는 로그인/스크립트가 필요해 읽지 못함. 싱가포르는 제외(분석자 제안대로).
A26: ② 장르 집계 (Top 20 기준, 수식)
A27: 대분류 (Top 20 기준) | B27: 인도네시아 | C27: 태국 | D27: 베트남 | E27: 필리핀 | F27: 말레이시아
A28: 퍼즐 | B28: =COUNTIFS($B$3:$B$22,B$27,$G$3:$G$22,$A28) -> 6 | C28: 확인 불가 | D28: 확인 불가 | E28: 확인 불가 | F28: 확인 불가
A29: 하이퍼·하이브리드 캐주얼 | B29: =COUNTIFS($B$3:$B$22,B$27,$G$3:$G$22,$A29) -> 1 | C29: 확인 불가 | D29: 확인 불가 | E29: 확인 불가 | F29: 확인 불가
A30: 카드·보드·카지노 | B30: =COUNTIFS($B$3:$B$22,B$27,$G$3:$G$22,$A30) -> 0 | C30: 확인 불가 | D30: 확인 불가 | E30: 확인 불가 | F30: 확인 불가
A31: 시뮬레이션 | B31: =COUNTIFS($B$3:$B$22,B$27,$G$3:$G$22,$A31) -> 2 | C31: 확인 불가 | D31: 확인 불가 | E31: 확인 불가 | F31: 확인 불가
A32: 전략 | B32: =COUNTIFS($B$3:$B$22,B$27,$G$3:$G$22,$A32) -> 0 | C32: 확인 불가 | D32: 확인 불가 | E32: 확인 불가 | F32: 확인 불가
A33: 액션·슈팅 | B33: =COUNTIFS($B$3:$B$22,B$27,$G$3:$G$22,$A33) -> 3 | C33: 확인 불가 | D33: 확인 불가 | E33: 확인 불가 | F33: 확인 불가
A34: 스포츠 | B34: =COUNTIFS($B$3:$B$22,B$27,$G$3:$G$22,$A34) -> 2 | C34: 확인 불가 | D34: 확인 불가 | E34: 확인 불가 | F34: 확인 불가
A35: RPG | B35: =COUNTIFS($B$3:$B$22,B$27,$G$3:$G$22,$A35) -> 0 | C35: 확인 불가 | D35: 확인 불가 | E35: 확인 불가 | F35: 확인 불가
A36: 파티·음악 | B36: =COUNTIFS($B$3:$B$22,B$27,$G$3:$G$22,$A36) -> 3 | C36: 확인 불가 | D36: 확인 불가 | E36: 확인 불가 | F36: 확인 불가
A37: 기타(UGC·리워드) | B37: =COUNTIFS($B$3:$B$22,B$27,$G$3:$G$22,$A37) -> 1 | C37: 확인 불가 | D37: 확인 불가 | E37: 확인 불가 | F37: 확인 불가
A38: 확인 불가 | B38: =COUNTIFS($B$3:$B$22,B$27,$G$3:$G$22,$A38) -> 0 | C38: 확인 불가 | D38: 확인 불가 | E38: 확인 불가 | F38: 확인 불가
A39: 확인 필요 | B39: =COUNTIFS($B$3:$B$22,B$27,$G$3:$G$22,$A39) -> 2 | C39: 확인 불가 | D39: 확인 불가 | E39: 확인 불가 | F39: 확인 불가
A40: 합계 | B40: =SUM(B28:B39) -> 20 | C40: 확인 불가 | D40: 확인 불가 | E40: 확인 불가 | F40: 확인 불가
A42: ③ 공통 인기 게임 — 기존 6개국 공통 게임이 인도네시아에서는 몇 위인가
A43: 게임명 | B43: 기존 6개국 등장 수 (2-4에서 가져옴) | C43: 인도네시아 순위 (Top100) | D43: 7개국 등장 수 (수식)
A44: Block Blast! | B44: ='2-4 공통 인기 게임'!H2 -> 6 | C44: 3 | D44: =B44+COUNT(C44) -> 7
A45: Meowdoku | B45: ='2-4 공통 인기 게임'!H3 -> 6 | C45: - | D45: =B45+COUNT(C45) -> 6
A46: Magic Sort! | B46: ='2-4 공통 인기 게임'!H4 -> 6 | C46: - | D46: =B46+COUNT(C46) -> 6
A47: Bus Fever Party! | B47: ='2-4 공통 인기 게임'!H5 -> 6 | C47: 13 | D47: =B47+COUNT(C47) -> 7
A48: Roblox | B48: ='2-4 공통 인기 게임'!H6 -> 6 | C48: 1 | D48: =B48+COUNT(C48) -> 7
A49: Vita Mahjong | B49: ='2-4 공통 인기 게임'!H7 -> 6 | C49: - | D49: =B49+COUNT(C49) -> 6
A50: Rotate Rings | B50: ='2-4 공통 인기 게임'!H8 -> 5 | C50: - | D50: =B50+COUNT(C50) -> 5
A51: Royal Match | B51: ='2-4 공통 인기 게임'!H9 -> 4 | C51: - | D51: =B51+COUNT(C51) -> 4
A52: 인도네시아 순위: AppBrain Google Play Top Free Games Indonesia https://www.appbrain.com/stats/google-play-rankings/top_free/game/id (2026-10-05, Top100 확인). '-' = Top100 밖. 동남아 다른 4개국은 순위 자료가 없어 비교 불가.
A54: ④ 지역 특징 — 인도네시아 (근거는 2026-10-05 무료 Top100 순위)
A55: 특징 (쉬운 말) | B55: 근거 게임 (순위) | C55: 분류
A56: 5대5 팀 대전(MOBA)이 아주 인기 | B56: Mobile Legends: Bang Bang (2), Honor of Kings (18) | C56: 사실(순위)
A57: 총싸움 배틀로얄도 상위 | B57: Free Fire x NARUTO (4), Free Fire MAX x NARUTO (23) | C57: 사실(순위)
A58: 우리 동네 소재 시뮬레이터가 인기 | B58: Bus Simulator Indonesia (31), Ojol Life: Food Delivery Game (65), Herex Simulator: Bike Racing (87) | C58: 사실(순위)
A59: 드럼·피아노 같은 악기·리듬 앱이 많음 | B59: Easy Drum (5), Beat Piano (22), Magic Tiles 3 (38), Real Drum (45), Tiles Hop (55) | C59: 사실(순위)
A60: 글로벌 두뇌·블록 퍼즐도 상위권 | B60: Block Blast! (3), Brain Puzzle 2 (6), Color Block (7), Brain Puzzle 3 (9) | C60: 사실(순위)
A61: 미국형 결제 퍼즐(매치3·머지)은 Top20에 1개뿐 | B61: Gossip Harbor (10) | C61: 사실(순위)
A62: 이름이 '888XH…', '77RT…'인 앱 여러 개가 Top100에 있음 | B62: 77RTPabu (49), 888XHSukari (51), 888XHPearl (57), 888XHCrown (58) | C62: 확인 필요 — 무엇을 하는 앱인지 확인 안 됨
A63: 시사점: 가벼운 안드로이드 대응 + 친구와 짧게 겨루는 재미 + 현지 소재(오토바이·버스·배달) | B63: 위 특징들 | C63: 분석자 제안
A65: ⑤ 동남아 벤치마크 — GameAnalytics 2025 보고서 (2024년 데이터, 지역별 중앙값)
A66: 지표 | B66: 동남아 | C66: 아시아 | D66: 북미 | E66: 단위 | F66: 출처 (2025 보고서 쪽수)
A67: D1 리텐션 | B67: 0.1828 | C67: 0.1757 | D67: 0.2048 | E67: % | F67: GameAnalytics 2025 Mobile Gaming Benchmarks p.13 지역별 리텐션 표
A68: D7 리텐션 | B68: 0.0333 | C68: 0.0314 | D68: 0.0464 | E68: % | F68: GameAnalytics 2025 Mobile Gaming Benchmarks p.13 지역별 리텐션 표
A69: D28 리텐션 | B69: 0.0082 | C69: 0.0075 | D69: 0.0146 | E69: % | F69: GameAnalytics 2025 Mobile Gaming Benchmarks p.13 지역별 리텐션 표 (D30 아님)
A70: 하루 플레이 시간 | B70: 20.85 | C70: 22.15 | D70: 21.7 | E70: 분 | F70: GameAnalytics 2025 Mobile Gaming Benchmarks p.14 Playtime 표
A71: 세션 길이 | B71: 5.5 | C71: 5.05 | D71: 5.9 | E71: 분 | F71: GameAnalytics 2025 Mobile Gaming Benchmarks p.15 Session length 표
A72: 하루 세션 수 | B72: 4.09 | C72: 4.31 | D72: 3.67 | E72: 회 | F72: GameAnalytics 2025 Mobile Gaming Benchmarks p.16 Session count 표
A74: 2026 보고서(2025년 데이터): 지역 표에 동남아 없음 — 아프리카·아시아·유럽·중동·북미·중미·남미·오세아니아 8개 지역만 있음 (2026 Mobile & PC Gaming Benchmarks p.15~19, investgame.net 공개 PDF로 확인).
A75: 주의: 2025 보고서와 2026 보고서는 같은 지표도 값 차이가 큼(예: 아시아 하루 플레이 시간 2025 보고서 22.15분 vs 2026 보고서 11.79분). 연도끼리 직접 비교하지 말 것.
A76: 그래서 '4-2 지역 벤치마크'(2026 보고서 표)와 게임전략 파일 2-2 MVP 검증 목표 수식에는 이 값을 넣지 않고 여기에 따로 둠.
A77: 출처: 사용자가 첨부한 GameAnalytics 2025 Mobile Gaming Benchmarks PDF (files.gameindustrylibrary.com) — 값은 표의 글자를 그대로 옮김(판독값 아님).

Sheet 3-1 매출 순위 원자료
A1: 국가 | B1: 기준일 | C1: 출처 | D1: Top 10 (구글 플레이 매출)
A2: 미국 | B2: 2026-10-03 | C2: https://www.appbrain.com/stats/google-play-rankings/top_grossing/game/us | D2: 1 MONOPOLY GO!, 2 Roblox, 3 Candy Crush Saga, 4 Royal Match, 5 Gossip Harbor, 6 Township, 7 Coin Master, 8 Royal Kingdom, 9 Kingshot, 10 Whiteout Survival
A3: 브라질 | B3: 2026-10-01 | C3: https://www.appbrain.com/stats/google-play-rankings/top_grossing/game/br | D3: 1 Free Fire, 2 Roblox, 3 Coin Master, 4 Gossip Harbor, 5 Candy Crush Saga, 6 eFootball, 7 Royal Match, 8 Minecraft, 9 Brawl Stars, 11 Gardenscapes
A4: 일본 | B4: 2026-10-04 | C4: https://www.appbrain.com/stats/google-play-rankings/top_grossing/game/jp | D4: 1 SD건담 G제네레이션 이터널, 2 Wuthering Waves, 3 Honkai: Star Rail, 4 홀로라이브 드림즈, 5 몬스터 스트라이크, 6 드래곤볼Z 돗칸배틀, 7 우마무스메, 8 원신, 9 Whiteout Survival, 10 디즈니 츠무츠무
A5: 한국 | B5: 2026-10-03 | C5: https://www.appbrain.com/stats/google-play-rankings/top_grossing/game/kr | D5: 1 제우스: 오만의 신, 2 리니지M, 3 Wuthering Waves, 4 이클립스: 더 어웨이크닝, 5 오딘, 6 Whiteout Survival, 7 트릭컬 리바이브, 8 메이플스토리 방치형 RPG, 9 Roblox, 10 SOL: enchant

Sheet 3-2 매출 Top100
A1: 순위 | B1: 게임명 | C1: 퍼블리셔 | D1: 대분류 | E1: 세부 장르 | F1: 비고 | H1: 대분류 | I1: 매출 Top100 수 | J1: 매출 비율 | K1: 무료 Top100 수 (1-2) | L1: 무료 비율 | M1: 차이 (매출-무료)
A2: 1 | B2: MONOPOLY GO! | C2: Scopely | D2: 카드·보드·카지노 | E2: 보드·주사위 소셜캐주얼 | H2: 퍼즐 | I2: =COUNTIF($D$2:$D$101,H2) -> 31 | J2: =I2/$I$13 -> 0.31 | K2: =COUNTIF('1-2 Google Play Top100'!$D$2:$D$101,H2) -> 53 | L2: =K2/$K$13 -> 0.53 | M2: =J2-L2 -> -0.22
A3: 2 | B3: Roblox | C3: Roblox Corporation | D3: 기타(UGC·리워드) | E3: UGC 플랫폼 | H3: 하이퍼·하이브리드 캐주얼 | I3: =COUNTIF($D$2:$D$101,H3) -> 3 | J3: =I3/$I$13 -> 0.03 | K3: =COUNTIF('1-2 Google Play Top100'!$D$2:$D$101,H3) -> 17 | L3: =K3/$K$13 -> 0.17 | M3: =J3-L3 -> -0.14
A4: 3 | B4: Candy Crush Saga | C4: King | D4: 퍼즐 | E4: 매치3 | H4: 카드·보드·카지노 | I4: =COUNTIF($D$2:$D$101,H4) -> 23 | J4: =I4/$I$13 -> 0.23 | K4: =COUNTIF('1-2 Google Play Top100'!$D$2:$D$101,H4) -> 7 | L4: =K4/$K$13 -> 0.07 | M4: =J4-L4 -> 0.16
A5: 4 | B5: Royal Match | C5: Dream Games | D5: 퍼즐 | E5: 매치3 | H5: 시뮬레이션 | I5: =COUNTIF($D$2:$D$101,H5) -> 3 | J5: =I5/$I$13 -> 0.03 | K5: =COUNTIF('1-2 Google Play Top100'!$D$2:$D$101,H5) -> 6 | L5: =K5/$K$13 -> 0.06 | M5: =J5-L5 -> -0.03
A6: 5 | B6: Gossip Harbor: Merge & Story | C6: Microfun | D6: 퍼즐 | E6: 머지 | F6: 스토리 결합 | H6: 전략 | I6: =COUNTIF($D$2:$D$101,H6) -> 17 | J6: =I6/$I$13 -> 0.17 | K6: =COUNTIF('1-2 Google Play Top100'!$D$2:$D$101,H6) -> 3 | L6: =K6/$K$13 -> 0.03 | M6: =J6-L6 -> 0.14
A7: 6 | B7: Township | C7: Playrix | D7: 시뮬레이션 | E7: 농장·타운 빌딩 | H7: 액션·슈팅 | I7: =COUNTIF($D$2:$D$101,H7) -> 4 | J7: =I7/$I$13 -> 0.04 | K7: =COUNTIF('1-2 Google Play Top100'!$D$2:$D$101,H7) -> 5 | L7: =K7/$K$13 -> 0.05 | M7: =J7-L7 -> -0.01
A8: 7 | B8: Coin Master | C8: Moon Active | D8: 카드·보드·카지노 | E8: 보드·주사위 소셜캐주얼 | H8: 스포츠 | I8: =COUNTIF($D$2:$D$101,H8) -> 2 | J8: =I8/$I$13 -> 0.02 | K8: =COUNTIF('1-2 Google Play Top100'!$D$2:$D$101,H8) -> 2 | L8: =K8/$K$13 -> 0.02 | M8: =J8-L8 -> 0
A9: 8 | B9: Kingshot | C9: Century Games | D9: 전략 | E9: 4X·SLG | H9: RPG | I9: =COUNTIF($D$2:$D$101,H9) -> 12 | J9: =I9/$I$13 -> 0.12 | K9: =COUNTIF('1-2 Google Play Top100'!$D$2:$D$101,H9) -> 2 | L9: =K9/$K$13 -> 0.02 | M9: =J9-L9 -> 0.1
A10: 9 | B10: Royal Kingdom | C10: Dream Games | D10: 퍼즐 | E10: 매치3 | H10: 파티·음악 | I10: =COUNTIF($D$2:$D$101,H10) -> 0 | J10: =I10/$I$13 -> 0 | K10: =COUNTIF('1-2 Google Play Top100'!$D$2:$D$101,H10) -> 3 | L10: =K10/$K$13 -> 0.03 | M10: =J10-L10 -> -0.03
A11: 10 | B11: Whiteout Survival | C11: Century Games | D11: 전략 | E11: 4X·SLG | H11: 기타(UGC·리워드) | I11: =COUNTIF($D$2:$D$101,H11) -> 1 | J11: =I11/$I$13 -> 0.01 | K11: =COUNTIF('1-2 Google Play Top100'!$D$2:$D$101,H11) -> 1 | L11: =K11/$K$13 -> 0.01 | M11: =J11-L11 -> 0
A12: 11 | B12: Pokémon GO | C12: Scopely Explore | D12: RPG | E12: 위치기반 수집 | H12: 확인 불가 | I12: =COUNTIF($D$2:$D$101,H12) -> 4 | J12: =I12/$I$13 -> 0.04 | K12: =COUNTIF('1-2 Google Play Top100'!$D$2:$D$101,H12) -> 1 | L12: =K12/$K$13 -> 0.01 | M12: =J12-L12 -> 0.03
A13: 12 | B13: Last War:Survival Game | C13: FUNFLY | D13: 전략 | E13: 4X·SLG | H13: 합계 | I13: =SUM(I2:I12) -> 100 | J13: =SUM(J2:J12) -> 1 | K13: =SUM(K2:K12) -> 100 | L13: =SUM(L2:L12) -> 1
A14: 13 | B14: DRAGON BALL Z DOKKAN BATTLE | C14: Bandai Namco | D14: RPG | E14: 수집형(가챠) RPG | F14: IP 활용
A15: 14 | B15: Toon Blast | C15: Peak | D15: 퍼즐 | E15: 매치3 | F15: 블라스트 | H15: 출처: AppBrain Google Play Top Grossing Games United States https://www.appbrain.com/stats/google-play-rankings/top_grossing/game/us · 기준일 2026-10-04 (AppBrain 페이지 'Last updated: October 4, 2026', 2026-10-05 조회)
A16: 15 | B16: Total Battle: War Strategy | C16: Scorewarrior | D16: 전략 | E16: 4X·SLG | H16: 26위·65위는 AppBrain 목록에 줄이 없어 '확인 불가'로 둠 (1-2 Google Play Top100의 80위와 같은 현상).
A17: 16 | B17: Last Z: Survival Shooter | C17: Omnilojo | D17: 전략 | E17: 4X·SLG | H17: 장르 분류: 1-1·1-2에 이미 있는 게임은 같은 분류를 그대로 씀. 새 게임은 게임명·스토어 카테고리 기반 분석자 판단. 확신이 낮으면 비고 '확인 필요' + 노란 칸.
A18: 17 | B18: Evony: The King's Return | C18: TG Inc. | D18: 전략 | E18: 4X·SLG | H18: 새로 생긴 세부 장르: 수집형(가챠) RPG · 방치형 RPG · 빙고 · 포커 · 골프 (1-4 세부 장르 시트에는 없음 — 1-4는 1-1·1-2만 집계).
A19: 18 | B19: RAID: Shadow Legends | C19: Plarium | D19: RPG | E19: 수집형(가챠) RPG | H19: '3-1 매출 순위 원자료'의 미국 Top10(2026-10-03)과 순서가 조금 다름 — 하루 차이. 3-1은 그대로 둠.
A20: 19 | B20: Gardenscapes | C20: Playrix | D20: 퍼즐 | E20: 매치3 | H20: App Store 매출 순위: 이번 단계 미조사. 후보 공개 출처 — AppBrain App Store ranking https://www.appbrain.com/stats/appstore-rankings (다음 단계 확인 필요).
A21: 20 | B21: Dice Dreams | C21: SuperPlay | D21: 카드·보드·카지노 | E21: 보드·주사위 소셜캐주얼 | H21: 무료 비율 열은 1-2(같은 날 2026-10-04 미국 무료 Top100)를 수식으로 세어 비교한 것.
A22: 21 | B22: Bingo Blitz - Bingo Games | C22: Playtika Santa Monica | D22: 카드·보드·카지노 | E22: 빙고
A23: 22 | B23: Jackpot Party Casino Slots | C23: SciPlay | D23: 카드·보드·카지노 | E23: 소셜 카지노
A24: 23 | B24: Last Asylum: Plague | C24: 37GAMES GLOBAL | D24: 전략 | E24: 4X·SLG | F24: 확인 필요
A25: 24 | B25: Fishdom | C25: Playrix | D25: 퍼즐 | E25: 매치3
A26: 25 | B26: Cashman Casino Slots Games | C26: Product Madness | D26: 카드·보드·카지노 | E26: 소셜 카지노
A27: 26 | B27: 확인 불가 (AppBrain 목록에 26위 없음) | C27: - | D27: 확인 불가 | E27: - | F27: 출처 페이지 누락
A28: 27 | B28: Match Factory! | C28: Peak | D28: 퍼즐 | E28: 타일·마작·트리플 매치 | F28: 3D 트리플 매치
A29: 28 | B29: Free Fire x NARUTO SHIPPUDEN | C29: Garena | D29: 액션·슈팅 | E29: 배틀로얄
A30: 29 | B30: Pokémon TCG Pocket | C30: The Pokémon Company | D30: 카드·보드·카지노 | E30: 트레이딩 카드 | F30: 디지털 TCG
A31: 30 | B31: Tasty Travels: Merge Game | C31: Century Games | D31: 퍼즐 | E31: 머지
A32: 31 | B32: Clash of Clans | C32: Supercell | D32: 전략 | E32: 4X·SLG | F32: 기지 건설·공성
A33: 32 | B33: Candy Crush Soda Saga | C33: King | D33: 퍼즐 | E33: 매치3
A34: 33 | B34: Lightning Link Casino Slots | C34: Product Madness | D34: 카드·보드·카지노 | E34: 소셜 카지노
A35: 34 | B35: Sword x Staff | C35: BOLTRAY GAMES | D35: RPG | E35: 방치형 RPG | F35: 확인 필요
A36: 35 | B36: Pixel Flow! | C36: Loom Games | D36: 퍼즐 | E36: 픽셀·컬러 아트
A37: 36 | B37: Lotsa Slots - Casino Games | C37: SpinX Games | D37: 카드·보드·카지노 | E37: 소셜 카지노
A38: 37 | B38: Homescapes | C38: Playrix | D38: 퍼즐 | E38: 매치3
A39: 38 | B39: Dark War Survival | C39: Omnilojo | D39: 전략 | E39: 4X·SLG
A40: 39 | B40: Yarn Loop | C40: Combo Game | D40: 퍼즐 | E40: 정렬·잼 | F40: 확인 필요
A41: 40 | B41: Honkai: Star Rail | C41: COGNOSPHERE | D41: RPG | E41: 수집형(가챠) RPG
A42: 41 | B42: Solitaire Grand Harvest | C42: Supertreat (Playtika) | D42: 카드·보드·카지노 | E42: 솔리테어
A43: 42 | B43: Wuthering Waves | C43: Kuro Games | D43: RPG | E43: 수집형 오픈월드
A44: 43 | B44: Disney Solitaire | C44: SuperPlay | D44: 카드·보드·카지노 | E44: 솔리테어 | F44: IP 활용
A45: 44 | B45: Coin Master - Board Adventure | C45: Moon Active | D45: 카드·보드·카지노 | E45: 보드·주사위 소셜캐주얼 | F45: 확인 필요
A46: 45 | B46: Mystery Town: Merge Games | C46: Cedar Games Studio | D46: 퍼즐 | E46: 머지
A47: 46 | B47: Cash Frenzy - Casino Slots | C47: SpinX Games | D47: 카드·보드·카지노 | E47: 소셜 카지노
A48: 47 | B48: Puzzles & Survival | C48: 37GAMES | D48: 전략 | E48: 4X·SLG | F48: 매치3 결합
A49: 48 | B49: All in Hole: Black Hole Games | C49: Homa | D49: 하이퍼·하이브리드 캐주얼 | E49: 하이브리드 캐주얼 | F49: 확인 필요
A50: 49 | B50: Z Route: Redemption | C50: 37GAMES GLOBAL | D50: 전략 | E50: 4X·SLG | F50: 확인 필요
A51: 50 | B51: Slots: Heart of Vegas Casino | C51: Product Madness | D51: 카드·보드·카지노 | E51: 소셜 카지노
A52: 51 | B52: Flambé: Merge & Cook | C52: Microfun | D52: 퍼즐 | E52: 머지 | F52: 요리 테마
A53: 52 | B53: Merge Cooking | C53: Happibits Game | D53: 퍼즐 | E53: 머지 | F53: 요리 테마
A54: 53 | B54: Matching Story - Puzzle Games | C54: VERTEX GAMES | D54: 퍼즐 | E54: 타일·마작·트리플 매치 | F54: 확인 필요
A55: 54 | B55: Hay Day | C55: Supercell | D55: 시뮬레이션 | E55: 농장·타운 빌딩
A56: 55 | B56: June's Journey: Hidden Objects | C56: Wooga | D56: 퍼즐 | E56: 숨은그림 | F56: 스토리 결합
A57: 56 | B57: Magic: The Gathering Arena | C57: Wizards of the Coast | D57: 카드·보드·카지노 | E57: 트레이딩 카드
A58: 57 | B58: Magic Sort! | C58: Grand Games | D58: 퍼즐 | E58: 정렬·잼
A59: 58 | B59: Quick Hit Casino Slots Games | C59: SciPlay | D59: 카드·보드·카지노 | E59: 소셜 카지노
A60: 59 | B60: Travel Town - Merge Adventure | C60: Magmatic Games | D60: 퍼즐 | E60: 머지
A61: 60 | B61: PUBG MOBILE | C61: Level Infinite | D61: 액션·슈팅 | E61: 배틀로얄
A62: 61 | B62: Puzzles & Chaos: Frozen Castle | C62: 37GAMES | D62: 전략 | E62: 4X·SLG | F62: 매치3 결합
A63: 62 | B63: GODDESS OF VICTORY: NIKKE | C63: Level Infinite | D63: RPG | E63: 수집형(가챠) RPG | F63: 슈팅
A64: 63 | B64: Bingo Voyage - Live Bingo Game | C64: VERTEX GAMES | D64: 카드·보드·카지노 | E64: 빙고
A65: 64 | B65: Cube Land Puzzle Game | C65: Rotatelab | D65: 퍼즐 | E65: 블록
A66: 65 | B66: 확인 불가 (AppBrain 목록에 65위 없음) | C66: - | D66: 확인 불가 | E66: - | F66: 출처 페이지 누락
A67: 66 | B67: Colony Flow! | C67: ABI GAMES | D67: 퍼즐 | E67: 정렬·잼 | F67: 확인 필요
A68: 67 | B68: Brawl Stars | C68: Supercell | D68: 액션·슈팅 | E68: 팀 대전 슈터
A69: 68 | B69: Lordrush | C69: Century Games Innovation | D69: 전략 | E69: 4X·SLG | F69: 확인 필요
A70: 69 | B70: eFootball | C70: KONAMI | D70: 스포츠 | E70: 축구
A71: 70 | B71: Royal Smash! - Physics Puzzle | C71: Cypher Games | D71: 하이퍼·하이브리드 캐주얼 | E71: 물리 파괴
A72: 71 | B72: Minecraft: Dream it, Build it! | C72: Mojang | D72: 시뮬레이션 | E72: 샌드박스 | F72: 유료 앱
A73: 72 | B73: Hollywood Merge | C73: VoyagerOne IE | D73: 퍼즐 | E73: 머지 | F73: 확인 필요
A74: 73 | B74: Piggy Kingdom | C74: olleyo | D74: 확인 불가 | E74: - | F74: 게임 방식 확인 안 됨
A75: 74 | B75: MARVEL Strike Force: Squad RPG | C75: Scopely | D75: RPG | E75: 수집형(가챠) RPG | F75: IP 활용
A76: 75 | B76: Golf Clash - Golfing Simulator | C76: Electronic Arts | D76: 스포츠 | E76: 골프
A77: 76 | B77: Bingo Frenzy-Live Bingo Games | C77: VERTEX GAMES | D77: 카드·보드·카지노 | E77: 빙고
A78: 77 | B78: Clash of Critters | C78: FARLIGHT | D78: 확인 불가 | E78: - | F78: 게임 방식 확인 안 됨
A79: 78 | B79: WSOP Poker: Texas Holdem Game | C79: Playtika | D79: 카드·보드·카지노 | E79: 포커
A80: 79 | B80: Toy Blast | C80: Peak | D80: 퍼즐 | E80: 매치3 | F80: 블라스트
A81: 80 | B81: Jackpot World - Slots Casino | C81: SpinX Games | D81: 카드·보드·카지노 | E81: 소셜 카지노
A82: 81 | B82: Yalla Ludo - Ludo&Jackaroo | C82: Aviva Sun | D82: 카드·보드·카지노 | E82: 클래식 보드 | F82: 루도
A83: 82 | B83: Hole Stars: Puzzle Game | C83: Moon Active | D83: 퍼즐 | E83: 기타 퍼즐 | F83: 홀 수집
A84: 83 | B84: Hunting Sniper | C84: Sparks Info | D84: 액션·슈팅 | E84: 스나이퍼 | F84: 헌팅
A85: 84 | B85: Color Block Jam | C85: Rollic Games | D85: 퍼즐 | E85: 정렬·잼
A86: 85 | B86: Star Wars: Galaxy of Heroes | C86: Electronic Arts | D86: RPG | E86: 수집형(가챠) RPG | F86: IP 활용
A87: 86 | B87: Tiki Solitaire TriPeaks | C87: Scopely | D87: 카드·보드·카지노 | E87: 솔리테어
A88: 87 | B88: Fate/Grand Order (English) | C88: Aniplex | D88: RPG | E88: 수집형(가챠) RPG | F88: IP 활용
A89: 88 | B89: Yahtzee With Buddies: Dice | C89: Scopely | D89: 카드·보드·카지노 | E89: 보드·주사위 소셜캐주얼
A90: 89 | B90: Hero Wars: Alliance RPG Legend | C90: NEXTERS GLOBAL | D90: RPG | E90: 수집형(가챠) RPG
A91: 90 | B91: Police Chief | C91: VoyagerOne IE | D91: 전략 | E91: 4X·SLG | F91: 확인 필요
A92: 91 | B92: Bus Traffic Fever! | C92: GOODROID | D92: 퍼즐 | E92: 정렬·잼 | F92: 버스잼
A93: 92 | B93: Rise of Kingdoms: Lost Crusade | C93: LilithGames | D93: 전략 | E93: 4X·SLG
A94: 93 | B94: Star Trek Fleet Command | C94: Scopely | D94: 전략 | E94: 4X·SLG | F94: IP 활용
A95: 94 | B95: Solitaire Associations Journey | C95: Hitapps Games | D95: 퍼즐 | E95: 워드 | F95: 연상 퍼즐
A96: 95 | B96: Seaside Escape: Merge & Story | C96: Microfun | D96: 퍼즐 | E96: 머지 | F96: 스토리 결합
A97: 96 | B97: Clash Royale | C97: Supercell | D97: 전략 | E97: 실시간 카드 배틀
A98: 97 | B98: Loop Sort | C98: VOODOO | D98: 퍼즐 | E98: 정렬·잼
A99: 98 | B99: Angry Birds 2 | C99: Rovio | D99: 하이퍼·하이브리드 캐주얼 | E99: 물리 파괴
A100: 99 | B100: Match Masters | C100: Candivore | D100: 퍼즐 | E100: 매치3 | F100: PvP
...

Sheet 3-3 매출-다운로드 비교
A1: 미국 구글 플레이: 매출 순위 vs 무료(다운로드) 순위 — 같은 날(2026-10-04) 두 차트를 합친 목록
A2: 매출 '높음' 기준 (매출 순위가 이 숫자 이내) | B2: 30 | C2: ← 파란 글씨 = 바꿀 수 있는 가정값(분석자 제안). 바꾸면 H열 분류가 자동으로 바뀜
A3: 다운로드 '높음' 기준 (무료 순위가 이 숫자 이내) | B3: 30
A5: 게임명 | B5: 매출 순위 | C5: 무료 순위 | D5: AppBrain 추정 누적 설치 수 (추정) | E5: 추정 설치 구간 (수식) | F5: Google Play 공식 설치 구간 | G5: 출시일 (Google Play 등록) | H5: 분류 (수식) | I5: 비고 | K5: 분류 | L5: 게임 수 | M5: 쉬운 뜻
A6: MONOPOLY GO! | B6: 1 | C6: 26 | D6: 130000000 | E6: =IF(D6="","",IF(D6>=1000000000,"1B+",IF(D6>=500000000,"500M+",IF(D6>=100000000,"100M+",IF(D6>=50000000,"50M+",IF(D6>=10000000,"10M+",IF(D6>=5000000,"5M+",IF(D6>=1000000,"1M+","1M 미만")))))))) -> 100M+ | F6: 미조사 | G6: 미조사 | H6: =IF(AND(ISNUMBER(B6),B6<=$B$2,ISNUMBER(C6),C6<=$B$3),"① 둘 다 높음",IF(AND(ISNUMBER(B6),B6<=$B$2),"② 매출만 높음",IF(AND(ISNUMBER(C6),C6<=$B$3),"③ 다운로드만 높음","④ 둘 다 기준 밖"))) -> ① 둘 다 높음 | K6: ① 둘 다 높음 | L6: =COUNTIF($H$6:$H$177,K6) -> 4 | M6: 많이 받고 돈도 많이 버는 게임
A7: Roblox | B7: 2 | C7: 4 | D7: 1700000000 | E7: =IF(D7="","",IF(D7>=1000000000,"1B+",IF(D7>=500000000,"500M+",IF(D7>=100000000,"100M+",IF(D7>=50000000,"50M+",IF(D7>=10000000,"10M+",IF(D7>=5000000,"5M+",IF(D7>=1000000,"1M+","1M 미만")))))))) -> 1B+ | F7: 미조사 | G7: 미조사 | H7: =IF(AND(ISNUMBER(B7),B7<=$B$2,ISNUMBER(C7),C7<=$B$3),"① 둘 다 높음",IF(AND(ISNUMBER(B7),B7<=$B$2),"② 매출만 높음",IF(AND(ISNUMBER(C7),C7<=$B$3),"③ 다운로드만 높음","④ 둘 다 기준 밖"))) -> ① 둘 다 높음 | K7: ② 매출만 높음 | L7: =COUNTIF($H$6:$H$177,K7) -> 25 | M7: 받는 사람은 적어도 결제를 많이 하는 게임 (인앱 결제형)
A8: Candy Crush Saga | B8: 3 | C8: 48 | D8: 2300000000 | E8: =IF(D8="","",IF(D8>=1000000000,"1B+",IF(D8>=500000000,"500M+",IF(D8>=100000000,"100M+",IF(D8>=50000000,"50M+",IF(D8>=10000000,"10M+",IF(D8>=5000000,"5M+",IF(D8>=1000000,"1M+","1M 미만")))))))) -> 1B+ | F8: 미조사 | G8: 미조사 | H8: =IF(AND(ISNUMBER(B8),B8<=$B$2,ISNUMBER(C8),C8<=$B$3),"① 둘 다 높음",IF(AND(ISNUMBER(B8),B8<=$B$2),"② 매출만 높음",IF(AND(ISNUMBER(C8),C8<=$B$3),"③ 다운로드만 높음","④ 둘 다 기준 밖"))) -> ② 매출만 높음 | K8: ③ 다운로드만 높음 | L8: =COUNTIF($H$6:$H$177,K8) -> 26 | M8: 많이 받지만 결제 순위는 낮은 게임 — 광고 수익형일 가능성 (추정)
A9: Royal Match | B9: 4 | C9: 42 | D9: 370000000 | E9: =IF(D9="","",IF(D9>=1000000000,"1B+",IF(D9>=500000000,"500M+",IF(D9>=100000000,"100M+",IF(D9>=50000000,"50M+",IF(D9>=10000000,"10M+",IF(D9>=5000000,"5M+",IF(D9>=1000000,"1M+","1M 미만")))))))) -> 100M+ | F9: 미조사 | G9: 미조사 | H9: =IF(AND(ISNUMBER(B9),B9<=$B$2,ISNUMBER(C9),C9<=$B$3),"① 둘 다 높음",IF(AND(ISNUMBER(B9),B9<=$B$2),"② 매출만 높음",IF(AND(ISNUMBER(C9),C9<=$B$3),"③ 다운로드만 높음","④ 둘 다 기준 밖"))) -> ② 매출만 높음 | K9: ④ 둘 다 기준 밖 | L9: =COUNTIF($H$6:$H$177,K9) -> 117 | M9: 두 차트 Top100 안이지만 기준 순위 밖
A10: Gossip Harbor: Merge & Story | B10: 5 | C10: 17 | D10: 91000000 | E10: =IF(D10="","",IF(D10>=1000000000,"1B+",IF(D10>=500000000,"500M+",IF(D10>=100000000,"100M+",IF(D10>=50000000,"50M+",IF(D10>=10000000,"10M+",IF(D10>=5000000,"5M+",IF(D10>=1000000,"1M+","1M 미만")))))))) -> 50M+ | F10: 미조사 | G10: 미조사 | H10: =IF(AND(ISNUMBER(B10),B10<=$B$2,ISNUMBER(C10),C10<=$B$3),"① 둘 다 높음",IF(AND(ISNUMBER(B10),B10<=$B$2),"② 매출만 높음",IF(AND(ISNUMBER(C10),C10<=$B$3),"③ 다운로드만 높음","④ 둘 다 기준 밖"))) -> ① 둘 다 높음 | K10: 합계 | L10: =SUM(L6:L9) -> 172
A11: Township | B11: 6 | C11: 22 | D11: 520000000 | E11: =IF(D11="","",IF(D11>=1000000000,"1B+",IF(D11>=500000000,"500M+",IF(D11>=100000000,"100M+",IF(D11>=50000000,"50M+",IF(D11>=10000000,"10M+",IF(D11>=5000000,"5M+",IF(D11>=1000000,"1M+","1M 미만")))))))) -> 500M+ | F11: 미조사 | G11: 미조사 | H11: =IF(AND(ISNUMBER(B11),B11<=$B$2,ISNUMBER(C11),C11<=$B$3),"① 둘 다 높음",IF(AND(ISNUMBER(B11),B11<=$B$2),"② 매출만 높음",IF(AND(ISNUMBER(C11),C11<=$B$3),"③ 다운로드만 높음","④ 둘 다 기준 밖"))) -> ① 둘 다 높음
A12: Coin Master | B12: 7 | C12: - | D12: 350000000 | E12: =IF(D12="","",IF(D12>=1000000000,"1B+",IF(D12>=500000000,"500M+",IF(D12>=100000000,"100M+",IF(D12>=50000000,"50M+",IF(D12>=10000000,"10M+",IF(D12>=5000000,"5M+",IF(D12>=1000000,"1M+","1M 미만")))))))) -> 100M+ | F12: 미조사 | G12: 미조사 | H12: =IF(AND(ISNUMBER(B12),B12<=$B$2,ISNUMBER(C12),C12<=$B$3),"① 둘 다 높음",IF(AND(ISNUMBER(B12),B12<=$B$2),"② 매출만 높음",IF(AND(ISNUMBER(C12),C12<=$B$3),"③ 다운로드만 높음","④ 둘 다 기준 밖"))) -> ② 매출만 높음 | K12: 출처: 매출 순위 — AppBrain Google Play Top Grossing Games United States https://www.appbrain.com/stats/google-play-rankings/top_grossing/game/us / 무료 순위 — AppBrain Google Play Top Free Games United States https://www.appbrain.com/stats/google-play-rankings/top_free/game/us (둘 다 2026-10-04, 1-2와 같은 날 같은 목록)
A13: Kingshot | B13: 8 | C13: - | D13: 59000000 | E13: =IF(D13="","",IF(D13>=1000000000,"1B+",IF(D13>=500000000,"500M+",IF(D13>=100000000,"100M+",IF(D13>=50000000,"50M+",IF(D13>=10000000,"10M+",IF(D13>=5000000,"5M+",IF(D13>=1000000,"1M+","1M 미만")))))))) -> 50M+ | F13: 50,000,000+ | G13: 2025-02 (Google Play 등록 월) | H13: =IF(AND(ISNUMBER(B13),B13<=$B$2,ISNUMBER(C13),C13<=$B$3),"① 둘 다 높음",IF(AND(ISNUMBER(B13),B13<=$B$2),"② 매출만 높음",IF(AND(ISNUMBER(C13),C13<=$B$3),"③ 다운로드만 높음","④ 둘 다 기준 밖"))) -> ② 매출만 높음 | I13: AppBrain 앱 상세 https://www.appbrain.com/app/kingshot/com.run.tower.defense (페이지 갱신 2026-09-20) | K13: '-' = 그 차트 Top100 밖(또는 AppBrain 목록 누락: 매출 26·65위, 무료 80위). 순위 숫자만 비교함.
A14: Royal Kingdom | B14: 9 | C14: 47 | D14: 110000000 | E14: =IF(D14="","",IF(D14>=1000000000,"1B+",IF(D14>=500000000,"500M+",IF(D14>=100000000,"100M+",IF(D14>=50000000,"50M+",IF(D14>=10000000,"10M+",IF(D14>=5000000,"5M+",IF(D14>=1000000,"1M+","1M 미만")))))))) -> 100M+ | F14: 미조사 | G14: 미조사 | H14: =IF(AND(ISNUMBER(B14),B14<=$B$2,ISNUMBER(C14),C14<=$B$3),"① 둘 다 높음",IF(AND(ISNUMBER(B14),B14<=$B$2),"② 매출만 높음",IF(AND(ISNUMBER(C14),C14<=$B$3),"③ 다운로드만 높음","④ 둘 다 기준 밖"))) -> ② 매출만 높음 | K14: D열 '추정 누적 설치 수'는 AppBrain이 공개한 추정치(Installs 열)이며 Google Play 공식 숫자가 아님. E열은 그 추정치를 Google Play식 구간으로 나눈 것(역시 추정).
A15: Whiteout Survival | B15: 10 | C15: 63 | D15: 100000000 | E15: =IF(D15="","",IF(D15>=1000000000,"1B+",IF(D15>=500000000,"500M+",IF(D15>=100000000,"100M+",IF(D15>=50000000,"50M+",IF(D15>=10000000,"10M+",IF(D15>=5000000,"5M+",IF(D15>=1000000,"1M+","1M 미만")))))))) -> 100M+ | F15: 미조사 | G15: 미조사 | H15: =IF(AND(ISNUMBER(B15),B15<=$B$2,ISNUMBER(C15),C15<=$B$3),"① 둘 다 높음",IF(AND(ISNUMBER(B15),B15<=$B$2),"② 매출만 높음",IF(AND(ISNUMBER(C15),C15<=$B$3),"③ 다운로드만 높음","④ 둘 다 기준 밖"))) -> ② 매출만 높음 | K15: F·G열(공식 설치 구간·출시일)은 게임별 상세 페이지를 하나씩 열어야 해서 이번에는 Kingshot 1개만 확인. 나머지는 '미조사'(다음 단계).
A16: Pokémon GO | B16: 11 | C16: - | D16: 560000000 | E16: =IF(D16="","",IF(D16>=1000000000,"1B+",IF(D16>=500000000,"500M+",IF(D16>=100000000,"100M+",IF(D16>=50000000,"50M+",IF(D16>=10000000,"10M+",IF(D16>=5000000,"5M+",IF(D16>=1000000,"1M+","1M 미만")))))))) -> 500M+ | F16: 미조사 | G16: 미조사 | H16: =IF(AND(ISNUMBER(B16),B16<=$B$2,ISNUMBER(C16),C16<=$B$3),"① 둘 다 높음",IF(AND(ISNUMBER(B16),B16<=$B$2),"② 매출만 높음",IF(AND(ISNUMBER(C16),C16<=$B$3),"③ 다운로드만 높음","④ 둘 다 기준 밖"))) -> ② 매출만 높음 | K16: 실제 매출액·실제 다운로드 수: 비공개 (공개 출처 없음). 이 표는 순위와 공개 추정치로만 비교함.
A17: Last War:Survival Game | B17: 12 | C17: - | D17: 110000000 | E17: =IF(D17="","",IF(D17>=1000000000,"1B+",IF(D17>=500000000,"500M+",IF(D17>=100000000,"100M+",IF(D17>=50000000,"50M+",IF(D17>=10000000,"10M+",IF(D17>=5000000,"5M+",IF(D17>=1000000,"1M+","1M 미만")))))))) -> 100M+ | F17: 미조사 | G17: 미조사 | H17: =IF(AND(ISNUMBER(B17),B17<=$B$2,ISNUMBER(C17),C17<=$B$3),"① 둘 다 높음",IF(AND(ISNUMBER(B17),B17<=$B$2),"② 매출만 높음",IF(AND(ISNUMBER(C17),C17<=$B$3),"③ 다운로드만 높음","④ 둘 다 기준 밖"))) -> ② 매출만 높음 | K17: ③ '광고 수익형'은 순위 패턴에서 나온 추정이며, 실제 수익 구조는 게임별 확인이 필요함.
A18: DRAGON BALL Z DOKKAN BATTLE | B18: 13 | C18: - | D18: 93000000 | E18: =IF(D18="","",IF(D18>=1000000000,"1B+",IF(D18>=500000000,"500M+",IF(D18>=100000000,"100M+",IF(D18>=50000000,"50M+",IF(D18>=10000000,"10M+",IF(D18>=5000000,"5M+",IF(D18>=1000000,"1M+","1M 미만")))))))) -> 50M+ | F18: 미조사 | G18: 미조사 | H18: =IF(AND(ISNUMBER(B18),B18<=$B$2,ISNUMBER(C18),C18<=$B$3),"① 둘 다 높음",IF(AND(ISNUMBER(B18),B18<=$B$2),"② 매출만 높음",IF(AND(ISNUMBER(C18),C18<=$B$3),"③ 다운로드만 높음","④ 둘 다 기준 밖"))) -> ② 매출만 높음
A19: Toon Blast | B19: 14 | C19: - | D19: 130000000 | E19: =IF(D19="","",IF(D19>=1000000000,"1B+",IF(D19>=500000000,"500M+",IF(D19>=100000000,"100M+",IF(D19>=50000000,"50M+",IF(D19>=10000000,"10M+",IF(D19>=5000000,"5M+",IF(D19>=1000000,"1M+","1M 미만")))))))) -> 100M+ | F19: 미조사 | G19: 미조사 | H19: =IF(AND(ISNUMBER(B19),B19<=$B$2,ISNUMBER(C19),C19<=$B$3),"① 둘 다 높음",IF(AND(ISNUMBER(B19),B19<=$B$2),"② 매출만 높음",IF(AND(ISNUMBER(C19),C19<=$B$3),"③ 다운로드만 높음","④ 둘 다 기준 밖"))) -> ② 매출만 높음
A20: Total Battle: War Strategy | B20: 15 | C20: - | D20: 72000000 | E20: =IF(D20="","",IF(D20>=1000000000,"1B+",IF(D20>=500000000,"500M+",IF(D20>=100000000,"100M+",IF(D20>=50000000,"50M+",IF(D20>=10000000,"10M+",IF(D20>=5000000,"5M+",IF(D20>=1000000,"1M+","1M 미만")))))))) -> 50M+ | F20: 미조사 | G20: 미조사 | H20: =IF(AND(ISNUMBER(B20),B20<=$B$2,ISNUMBER(C20),C20<=$B$3),"① 둘 다 높음",IF(AND(ISNUMBER(B20),B20<=$B$2),"② 매출만 높음",IF(AND(ISNUMBER(C20),C20<=$B$3),"③ 다운로드만 높음","④ 둘 다 기준 밖"))) -> ② 매출만 높음
A21: Last Z: Survival Shooter | B21: 16 | C21: - | D21: 41000000 | E21: =IF(D21="","",IF(D21>=1000000000,"1B+",IF(D21>=500000000,"500M+",IF(D21>=100000000,"100M+",IF(D21>=50000000,"50M+",IF(D21>=10000000,"10M+",IF(D21>=5000000,"5M+",IF(D21>=1000000,"1M+","1M 미만")))))))) -> 10M+ | F21: 미조사 | G21: 미조사 | H21: =IF(AND(ISNUMBER(B21),B21<=$B$2,ISNUMBER(C21),C21<=$B$3),"① 둘 다 높음",IF(AND(ISNUMBER(B21),B21<=$B$2),"② 매출만 높음",IF(AND(ISNUMBER(C21),C21<=$B$3),"③ 다운로드만 높음","④ 둘 다 기준 밖"))) -> ② 매출만 높음
A22: Evony: The King's Return | B22: 17 | C22: - | D22: 220000000 | E22: =IF(D22="","",IF(D22>=1000000000,"1B+",IF(D22>=500000000,"500M+",IF(D22>=100000000,"100M+",IF(D22>=50000000,"50M+",IF(D22>=10000000,"10M+",IF(D22>=5000000,"5M+",IF(D22>=1000000,"1M+","1M 미만")))))))) -> 100M+ | F22: 미조사 | G22: 미조사 | H22: =IF(AND(ISNUMBER(B22),B22<=$B$2,ISNUMBER(C22),C22<=$B$3),"① 둘 다 높음",IF(AND(ISNUMBER(B22),B22<=$B$2),"② 매출만 높음",IF(AND(ISNUMBER(C22),C22<=$B$3),"③ 다운로드만 높음","④ 둘 다 기준 밖"))) -> ② 매출만 높음
A23: RAID: Shadow Legends | B23: 18 | C23: - | D23: 77000000 | E23: =IF(D23="","",IF(D23>=1000000000,"1B+",IF(D23>=500000000,"500M+",IF(D23>=100000000,"100M+",IF(D23>=50000000,"50M+",IF(D23>=10000000,"10M+",IF(D23>=5000000,"5M+",IF(D23>=1000000,"1M+","1M 미만")))))))) -> 50M+ | F23: 미조사 | G23: 미조사 | H23: =IF(AND(ISNUMBER(B23),B23<=$B$2,ISNUMBER(C23),C23<=$B$3),"① 둘 다 높음",IF(AND(ISNUMBER(B23),B23<=$B$2),"② 매출만 높음",IF(AND(ISNUMBER(C23),C23<=$B$3),"③ 다운로드만 높음","④ 둘 다 기준 밖"))) -> ② 매출만 높음
A24: Gardenscapes | B24: 19 | C24: - | D24: 610000000 | E24: =IF(D24="","",IF(D24>=1000000000,"1B+",IF(D24>=500000000,"500M+",IF(D24>=100000000,"100M+",IF(D24>=50000000,"50M+",IF(D24>=10000000,"10M+",IF(D24>=5000000,"5M+",IF(D24>=1000000,"1M+","1M 미만")))))))) -> 500M+ | F24: 미조사 | G24: 미조사 | H24: =IF(AND(ISNUMBER(B24),B24<=$B$2,ISNUMBER(C24),C24<=$B$3),"① 둘 다 높음",IF(AND(ISNUMBER(B24),B24<=$B$2),"② 매출만 높음",IF(AND(ISNUMBER(C24),C24<=$B$3),"③ 다운로드만 높음","④ 둘 다 기준 밖"))) -> ② 매출만 높음
A25: Dice Dreams | B25: 20 | C25: 98 | D25: 67000000 | E25: =IF(D25="","",IF(D25>=1000000000,"1B+",IF(D25>=500000000,"500M+",IF(D25>=100000000,"100M+",IF(D25>=50000000,"50M+",IF(D25>=10000000,"10M+",IF(D25>=5000000,"5M+",IF(D25>=1000000,"1M+","1M 미만")))))))) -> 50M+ | F25: 미조사 | G25: 미조사 | H25: =IF(AND(ISNUMBER(B25),B25<=$B$2,ISNUMBER(C25),C25<=$B$3),"① 둘 다 높음",IF(AND(ISNUMBER(B25),B25<=$B$2),"② 매출만 높음",IF(AND(ISNUMBER(C25),C25<=$B$3),"③ 다운로드만 높음","④ 둘 다 기준 밖"))) -> ② 매출만 높음
A26: Bingo Blitz - Bingo Games | B26: 21 | C26: - | D26: 83000000 | E26: =IF(D26="","",IF(D26>=1000000000,"1B+",IF(D26>=500000000,"500M+",IF(D26>=100000000,"100M+",IF(D26>=50000000,"50M+",IF(D26>=10000000,"10M+",IF(D26>=5000000,"5M+",IF(D26>=1000000,"1M+","1M 미만")))))))) -> 50M+ | F26: 미조사 | G26: 미조사 | H26: =IF(AND(ISNUMBER(B26),B26<=$B$2,ISNUMBER(C26),C26<=$B$3),"① 둘 다 높음",IF(AND(ISNUMBER(B26),B26<=$B$2),"② 매출만 높음",IF(AND(ISNUMBER(C26),C26<=$B$3),"③ 다운로드만 높음","④ 둘 다 기준 밖"))) -> ② 매출만 높음
A27: Jackpot Party Casino Slots | B27: 22 | C27: - | D27: 36000000 | E27: =IF(D27="","",IF(D27>=1000000000,"1B+",IF(D27>=500000000,"500M+",IF(D27>=100000000,"100M+",IF(D27>=50000000,"50M+",IF(D27>=10000000,"10M+",IF(D27>=5000000,"5M+",IF(D27>=1000000,"1M+","1M 미만")))))))) -> 10M+ | F27: 미조사 | G27: 미조사 | H27: =IF(AND(ISNUMBER(B27),B27<=$B$2,ISNUMBER(C27),C27<=$B$3),"① 둘 다 높음",IF(AND(ISNUMBER(B27),B27<=$B$2),"② 매출만 높음",IF(AND(ISNUMBER(C27),C27<=$B$3),"③ 다운로드만 높음","④ 둘 다 기준 밖"))) -> ② 매출만 높음
A28: Last Asylum: Plague | B28: 23 | C28: - | D28: 18000000 | E28: =IF(D28="","",IF(D28>=1000000000,"1B+",IF(D28>=500000000,"500M+",IF(D28>=100000000,"100M+",IF(D28>=50000000,"50M+",IF(D28>=10000000,"10M+",IF(D28>=5000000,"5M+",IF(D28>=1000000,"1M+","1M 미만")))))))) -> 10M+ | F28: 미조사 | G28: 미조사 | H28: =IF(AND(ISNUMBER(B28),B28<=$B$2,ISNUMBER(C28),C28<=$B$3),"① 둘 다 높음",IF(AND(ISNUMBER(B28),B28<=$B$2),"② 매출만 높음",IF(AND(ISNUMBER(C28),C28<=$B$3),"③ 다운로드만 높음","④ 둘 다 기준 밖"))) -> ② 매출만 높음
A29: Fishdom | B29: 24 | C29: - | D29: 470000000 | E29: =IF(D29="","",IF(D29>=1000000000,"1B+",IF(D29>=500000000,"500M+",IF(D29>=100000000,"100M+",IF(D29>=50000000,"50M+",IF(D29>=10000000,"10M+",IF(D29>=5000000,"5M+",IF(D29>=1000000,"1M+","1M 미만")))))))) -> 100M+ | F29: 미조사 | G29: 미조사 | H29: =IF(AND(ISNUMBER(B29),B29<=$B$2,ISNUMBER(C29),C29<=$B$3),"① 둘 다 높음",IF(AND(ISNUMBER(B29),B29<=$B$2),"② 매출만 높음",IF(AND(ISNUMBER(C29),C29<=$B$3),"③ 다운로드만 높음","④ 둘 다 기준 밖"))) -> ② 매출만 높음
A30: Cashman Casino Slots Games | B30: 25 | C30: - | D30: 22000000 | E30: =IF(D30="","",IF(D30>=1000000000,"1B+",IF(D30>=500000000,"500M+",IF(D30>=100000000,"100M+",IF(D30>=50000000,"50M+",IF(D30>=10000000,"10M+",IF(D30>=5000000,"5M+",IF(D30>=1000000,"1M+","1M 미만")))))))) -> 10M+ | F30: 미조사 | G30: 미조사 | H30: =IF(AND(ISNUMBER(B30),B30<=$B$2,ISNUMBER(C30),C30<=$B$3),"① 둘 다 높음",IF(AND(ISNUMBER(B30),B30<=$B$2),"② 매출만 높음",IF(AND(ISNUMBER(C30),C30<=$B$3),"③ 다운로드만 높음","④ 둘 다 기준 밖"))) -> ② 매출만 높음
A31: Match Factory! | B31: 27 | C31: 83 | D31: 29000000 | E31: =IF(D31="","",IF(D31>=1000000000,"1B+",IF(D31>=500000000,"500M+",IF(D31>=100000000,"100M+",IF(D31>=50000000,"50M+",IF(D31>=10000000,"10M+",IF(D31>=5000000,"5M+",IF(D31>=1000000,"1M+","1M 미만")))))))) -> 10M+ | F31: 미조사 | G31: 미조사 | H31: =IF(AND(ISNUMBER(B31),B31<=$B$2,ISNUMBER(C31),C31<=$B$3),"① 둘 다 높음",IF(AND(ISNUMBER(B31),B31<=$B$2),"② 매출만 높음",IF(AND(ISNUMBER(C31),C31<=$B$3),"③ 다운로드만 높음","④ 둘 다 기준 밖"))) -> ② 매출만 높음
A32: Free Fire x NARUTO SHIPPUDEN | B32: 28 | C32: 97 | D32: 2200000000 | E32: =IF(D32="","",IF(D32>=1000000000,"1B+",IF(D32>=500000000,"500M+",IF(D32>=100000000,"100M+",IF(D32>=50000000,"50M+",IF(D32>=10000000,"10M+",IF(D32>=5000000,"5M+",IF(D32>=1000000,"1M+","1M 미만")))))))) -> 1B+ | F32: 미조사 | G32: 미조사 | H32: =IF(AND(ISNUMBER(B32),B32<=$B$2,ISNUMBER(C32),C32<=$B$3),"① 둘 다 높음",IF(AND(ISNUMBER(B32),B32<=$B$2),"② 매출만 높음",IF(AND(ISNUMBER(C32),C32<=$B$3),"③ 다운로드만 높음","④ 둘 다 기준 밖"))) -> ② 매출만 높음
A33: Pokémon TCG Pocket | B33: 29 | C33: 68 | D33: 69000000 | E33: =IF(D33="","",IF(D33>=1000000000,"1B+",IF(D33>=500000000,"500M+",IF(D33>=100000000,"100M+",IF(D33>=50000000,"50M+",IF(D33>=10000000,"10M+",IF(D33>=5000000,"5M+",IF(D33>=1000000,"1M+","1M 미만")))))))) -> 50M+ | F33: 미조사 | G33: 미조사 | H33: =IF(AND(ISNUMBER(B33),B33<=$B$2,ISNUMBER(C33),C33<=$B$3),"① 둘 다 높음",IF(AND(ISNUMBER(B33),B33<=$B$2),"② 매출만 높음",IF(AND(ISNUMBER(C33),C33<=$B$3),"③ 다운로드만 높음","④ 둘 다 기준 밖"))) -> ② 매출만 높음
A34: Tasty Travels: Merge Game | B34: 30 | C34: - | D34: 27000000 | E34: =IF(D34="","",IF(D34>=1000000000,"1B+",IF(D34>=500000000,"500M+",IF(D34>=100000000,"100M+",IF(D34>=50000000,"50M+",IF(D34>=10000000,"10M+",IF(D34>=5000000,"5M+",IF(D34>=1000000,"1M+","1M 미만")))))))) -> 10M+ | F34: 미조사 | G34: 미조사 | H34: =IF(AND(ISNUMBER(B34),B34<=$B$2,ISNUMBER(C34),C34<=$B$3),"① 둘 다 높음",IF(AND(ISNUMBER(B34),B34<=$B$2),"② 매출만 높음",IF(AND(ISNUMBER(C34),C34<=$B$3),"③ 다운로드만 높음","④ 둘 다 기준 밖"))) -> ② 매출만 높음
A35: Clash of Clans | B35: 31 | C35: - | D35: 880000000 | E35: =IF(D35="","",IF(D35>=1000000000,"1B+",IF(D35>=500000000,"500M+",IF(D35>=100000000,"100M+",IF(D35>=50000000,"50M+",IF(D35>=10000000,"10M+",IF(D35>=5000000,"5M+",IF(D35>=1000000,"1M+","1M 미만")))))))) -> 500M+ | F35: 미조사 | G35: 미조사 | H35: =IF(AND(ISNUMBER(B35),B35<=$B$2,ISNUMBER(C35),C35<=$B$3),"① 둘 다 높음",IF(AND(ISNUMBER(B35),B35<=$B$2),"② 매출만 높음",IF(AND(ISNUMBER(C35),C35<=$B$3),"③ 다운로드만 높음","④ 둘 다 기준 밖"))) -> ④ 둘 다 기준 밖
A36: Candy Crush Soda Saga | B36: 32 | C36: - | D36: 630000000 | E36: =IF(D36="","",IF(D36>=1000000000,"1B+",IF(D36>=500000000,"500M+",IF(D36>=100000000,"100M+",IF(D36>=50000000,"50M+",IF(D36>=10000000,"10M+",IF(D36>=5000000,"5M+",IF(D36>=1000000,"1M+","1M 미만")))))))) -> 500M+ | F36: 미조사 | G36: 미조사 | H36: =IF(AND(ISNUMBER(B36),B36<=$B$2,ISNUMBER(C36),C36<=$B$3),"① 둘 다 높음",IF(AND(ISNUMBER(B36),B36<=$B$2),"② 매출만 높음",IF(AND(ISNUMBER(C36),C36<=$B$3),"③ 다운로드만 높음","④ 둘 다 기준 밖"))) -> ④ 둘 다 기준 밖
A37: Lightning Link Casino Slots | B37: 33 | C37: - | D37: 15000000 | E37: =IF(D37="","",IF(D37>=1000000000,"1B+",IF(D37>=500000000,"500M+",IF(D37>=100000000,"100M+",IF(D37>=50000000,"50M+",IF(D37>=10000000,"10M+",IF(D37>=5000000,"5M+",IF(D37>=1000000,"1M+","1M 미만")))))))) -> 10M+ | F37: 미조사 | G37: 미조사 | H37: =IF(AND(ISNUMBER(B37),B37<=$B$2,ISNUMBER(C37),C37<=$B$3),"① 둘 다 높음",IF(AND(ISNUMBER(B37),B37<=$B$2),"② 매출만 높음",IF(AND(ISNUMBER(C37),C37<=$B$3),"③ 다운로드만 높음","④ 둘 다 기준 밖"))) -> ④ 둘 다 기준 밖
A38: Sword x Staff | B38: 34 | C38: - | D38: 2600000 | E38: =IF(D38="","",IF(D38>=1000000000,"1B+",IF(D38>=500000000,"500M+",IF(D38>=100000000,"100M+",IF(D38>=50000000,"50M+",IF(D38>=10000000,"10M+",IF(D38>=5000000,"5M+",IF(D38>=1000000,"1M+","1M 미만")))))))) -> 1M+ | F38: 미조사 | G38: 미조사 | H38: =IF(AND(ISNUMBER(B38),B38<=$B$2,ISNUMBER(C38),C38<=$B$3),"① 둘 다 높음",IF(AND(ISNUMBER(B38),B38<=$B$2),"② 매출만 높음",IF(AND(ISNUMBER(C38),C38<=$B$3),"③ 다운로드만 높음","④ 둘 다 기준 밖"))) -> ④ 둘 다 기준 밖
A39: Pixel Flow! | B39: 35 | C39: 49 | D39: 13000000 | E39: =IF(D39="","",IF(D39>=1000000000,"1B+",IF(D39>=500000000,"500M+",IF(D39>=100000000,"100M+",IF(D39>=50000000,"50M+",IF(D39>=10000000,"10M+",IF(D39>=5000000,"5M+",IF(D39>=1000000,"1M+","1M 미만")))))))) -> 10M+ | F39: 미조사 | G39: 미조사 | H39: =IF(AND(ISNUMBER(B39),B39<=$B$2,ISNUMBER(C39),C39<=$B$3),"① 둘 다 높음",IF(AND(ISNUMBER(B39),B39<=$B$2),"② 매출만 높음",IF(AND(ISNUMBER(C39),C39<=$B$3),"③ 다운로드만 높음","④ 둘 다 기준 밖"))) -> ④ 둘 다 기준 밖
A40: Lotsa Slots - Casino Games | B40: 36 | C40: - | D40: 34000000 | E40: =IF(D40="","",IF(D40>=1000000000,"1B+",IF(D40>=500000000,"500M+",IF(D40>=100000000,"100M+",IF(D40>=50000000,"50M+",IF(D40>=10000000,"10M+",IF(D40>=5000000,"5M+",IF(D40>=1000000,"1M+","1M 미만")))))))) -> 10M+ | F40: 미조사 | G40: 미조사 | H40: =IF(AND(ISNUMBER(B40),B40<=$B$2,ISNUMBER(C40),C40<=$B$3),"① 둘 다 높음",IF(AND(ISNUMBER(B40),B40<=$B$2),"② 매출만 높음",IF(AND(ISNUMBER(C40),C40<=$B$3),"③ 다운로드만 높음","④ 둘 다 기준 밖"))) -> ④ 둘 다 기준 밖
A41: Homescapes | B41: 37 | C41: - | D41: 520000000 | E41: =IF(D41="","",IF(D41>=1000000000,"1B+",IF(D41>=500000000,"500M+",IF(D41>=100000000,"100M+",IF(D41>=50000000,"50M+",IF(D41>=10000000,"10M+",IF(D41>=5000000,"5M+",IF(D41>=1000000,"1M+","1M 미만")))))))) -> 500M+ | F41: 미조사 | G41: 미조사 | H41: =IF(AND(ISNUMBER(B41),B41<=$B$2,ISNUMBER(C41),C41<=$B$3),"① 둘 다 높음",IF(AND(ISNUMBER(B41),B41<=$B$2),"② 매출만 높음",IF(AND(ISNUMBER(C41),C41<=$B$3),"③ 다운로드만 높음","④ 둘 다 기준 밖"))) -> ④ 둘 다 기준 밖
A42: Dark War Survival | B42: 38 | C42: - | D42: 33000000 | E42: =IF(D42="","",IF(D42>=1000000000,"1B+",IF(D42>=500000000,"500M+",IF(D42>=100000000,"100M+",IF(D42>=50000000,"50M+",IF(D42>=10000000,"10M+",IF(D42>=5000000,"5M+",IF(D42>=1000000,"1M+","1M 미만")))))))) -> 10M+ | F42: 미조사 | G42: 미조사 | H42: =IF(AND(ISNUMBER(B42),B42<=$B$2,ISNUMBER(C42),C42<=$B$3),"① 둘 다 높음",IF(AND(ISNUMBER(B42),B42<=$B$2),"② 매출만 높음",IF(AND(ISNUMBER(C42),C42<=$B$3),"③ 다운로드만 높음","④ 둘 다 기준 밖"))) -> ④ 둘 다 기준 밖
A43: Yarn Loop | B43: 39 | C43: 40 | D43: 3400000 | E43: =IF(D43="","",IF(D43>=1000000000,"1B+",IF(D43>=500000000,"500M+",IF(D43>=100000000,"100M+",IF(D43>=50000000,"50M+",IF(D43>=10000000,"10M+",IF(D43>=5000000,"5M+",IF(D43>=1000000,"1M+","1M 미만")))))))) -> 1M+ | F43: 미조사 | G43: 미조사 | H43: =IF(AND(ISNUMBER(B43),B43<=$B$2,ISNUMBER(C43),C43<=$B$3),"① 둘 다 높음",IF(AND(ISNUMBER(B43),B43<=$B$2),"② 매출만 높음",IF(AND(ISNUMBER(C43),C43<=$B$3),"③ 다운로드만 높음","④ 둘 다 기준 밖"))) -> ④ 둘 다 기준 밖
A44: Honkai: Star Rail | B44: 40 | C44: - | D44: 37000000 | E44: =IF(D44="","",IF(D44>=1000000000,"1B+",IF(D44>=500000000,"500M+",IF(D44>=100000000,"100M+",IF(D44>=50000000,"50M+",IF(D44>=10000000,"10M+",IF(D44>=5000000,"5M+",IF(D44>=1000000,"1M+","1M 미만")))))))) -> 10M+ | F44: 미조사 | G44: 미조사 | H44: =IF(AND(ISNUMBER(B44),B44<=$B$2,ISNUMBER(C44),C44<=$B$3),"① 둘 다 높음",IF(AND(ISNUMBER(B44),B44<=$B$2),"② 매출만 높음",IF(AND(ISNUMBER(C44),C44<=$B$3),"③ 다운로드만 높음","④ 둘 다 기준 밖"))) -> ④ 둘 다 기준 밖
A45: Solitaire Grand Harvest | B45: 41 | C45: - | D45: 69000000 | E45: =IF(D45="","",IF(D45>=1000000000,"1B+",IF(D45>=500000000,"500M+",IF(D45>=100000000,"100M+",IF(D45>=50000000,"50M+",IF(D45>=10000000,"10M+",IF(D45>=5000000,"5M+",IF(D45>=1000000,"1M+","1M 미만")))))))) -> 50M+ | F45: 미조사 | G45: 미조사 | H45: =IF(AND(ISNUMBER(B45),B45<=$B$2,ISNUMBER(C45),C45<=$B$3),"① 둘 다 높음",IF(AND(ISNUMBER(B45),B45<=$B$2),"② 매출만 높음",IF(AND(ISNUMBER(C45),C45<=$B$3),"③ 다운로드만 높음","④ 둘 다 기준 밖"))) -> ④ 둘 다 기준 밖
A46: Wuthering Waves | B46: 42 | C46: - | D46: 18000000 | E46: =IF(D46="","",IF(D46>=1000000000,"1B+",IF(D46>=500000000,"500M+",IF(D46>=100000000,"100M+",IF(D46>=50000000,"50M+",IF(D46>=10000000,"10M+",IF(D46>=5000000,"5M+",IF(D46>=1000000,"1M+","1M 미만")))))))) -> 10M+ | F46: 미조사 | G46: 미조사 | H46: =IF(AND(ISNUMBER(B46),B46<=$B$2,ISNUMBER(C46),C46<=$B$3),"① 둘 다 높음",IF(AND(ISNUMBER(B46),B46<=$B$2),"② 매출만 높음",IF(AND(ISNUMBER(C46),C46<=$B$3),"③ 다운로드만 높음","④ 둘 다 기준 밖"))) -> ④ 둘 다 기준 밖
A47: Disney Solitaire | B47: 43 | C47: 62 | D47: 19000000 | E47: =IF(D47="","",IF(D47>=1000000000,"1B+",IF(D47>=500000000,"500M+",IF(D47>=100000000,"100M+",IF(D47>=50000000,"50M+",IF(D47>=10000000,"10M+",IF(D47>=5000000,"5M+",IF(D47>=1000000,"1M+","1M 미만")))))))) -> 10M+ | F47: 미조사 | G47: 미조사 | H47: =IF(AND(ISNUMBER(B47),B47<=$B$2,ISNUMBER(C47),C47<=$B$3),"① 둘 다 높음",IF(AND(ISNUMBER(B47),B47<=$B$2),"② 매출만 높음",IF(AND(ISNUMBER(C47),C47<=$B$3),"③ 다운로드만 높음","④ 둘 다 기준 밖"))) -> ④ 둘 다 기준 밖
A48: Coin Master - Board Adventure | B48: 44 | C48: - | D48: 7300000 | E48: =IF(D48="","",IF(D48>=1000000000,"1B+",IF(D48>=500000000,"500M+",IF(D48>=100000000,"100M+",IF(D48>=50000000,"50M+",IF(D48>=10000000,"10M+",IF(D48>=5000000,"5M+",IF(D48>=1000000,"1M+","1M 미만")))))))) -> 5M+ | F48: 미조사 | G48: 미조사 | H48: =IF(AND(ISNUMBER(B48),B48<=$B$2,ISNUMBER(C48),C48<=$B$3),"① 둘 다 높음",IF(AND(ISNUMBER(B48),B48<=$B$2),"② 매출만 높음",IF(AND(ISNUMBER(C48),C48<=$B$3),"③ 다운로드만 높음","④ 둘 다 기준 밖"))) -> ④ 둘 다 기준 밖
A49: Mystery Town: Merge Games | B49: 45 | C49: - | D49: 5800000 | E49: =IF(D49="","",IF(D49>=1000000000,"1B+",IF(D49>=500000000,"500M+",IF(D49>=100000000,"100M+",IF(D49>=50000000,"50M+",IF(D49>=10000000,"10M+",IF(D49>=5000000,"5M+",IF(D49>=1000000,"1M+","1M 미만")))))))) -> 5M+ | F49: 미조사 | G49: 미조사 | H49: =IF(AND(ISNUMBER(B49),B49<=$B$2,ISNUMBER(C49),C49<=$B$3),"① 둘 다 높음",IF(AND(ISNUMBER(B49),B49<=$B$2),"② 매출만 높음",IF(AND(ISNUMBER(C49),C49<=$B$3),"③ 다운로드만 높음","④ 둘 다 기준 밖"))) -> ④ 둘 다 기준 밖
A50: Cash Frenzy - Casino Slots | B50: 46 | C50: - | D50: 32000000 | E50: =IF(D50="","",IF(D50>=1000000000,"1B+",IF(D50>=500000000,"500M+",IF(D50>=100000000,"100M+",IF(D50>=50000000,"50M+",IF(D50>=10000000,"10M+",IF(D50>=5000000,"5M+",IF(D50>=1000000,"1M+","1M 미만")))))))) -> 10M+ | F50: 미조사 | G50: 미조사 | H50: =IF(AND(ISNUMBER(B50),B50<=$B$2,ISNUMBER(C50),C50<=$B$3),"① 둘 다 높음",IF(AND(ISNUMBER(B50),B50<=$B$2),"② 매출만 높음",IF(AND(ISNUMBER(C50),C50<=$B$3),"③ 다운로드만 높음","④ 둘 다 기준 밖"))) -> ④ 둘 다 기준 밖
A51: Puzzles & Survival | B51: 47 | C51: - | D51: 41000000 | E51: =IF(D51="","",IF(D51>=1000000000,"1B+",IF(D51>=500000000,"500M+",IF(D51>=100000000,"100M+",IF(D51>=50000000,"50M+",IF(D51>=10000000,"10M+",IF(D51>=5000000,"5M+",IF(D51>=1000000,"1M+","1M 미만")))))))) -> 10M+ | F51: 미조사 | G51: 미조사 | H51: =IF(AND(ISNUMBER(B51),B51<=$B$2,ISNUMBER(C51),C51<=$B$3),"① 둘 다 높음",IF(AND(ISNUMBER(B51),B51<=$B$2),"② 매출만 높음",IF(AND(ISNUMBER(C51),C51<=$B$3),"③ 다운로드만 높음","④ 둘 다 기준 밖"))) -> ④ 둘 다 기준 밖
A52: All in Hole: Black Hole Games | B52: 48 | C52: - | D52: 12000000 | E52: =IF(D52="","",IF(D52>=1000000000,"1B+",IF(D52>=500000000,"500M+",IF(D52>=100000000,"100M+",IF(D52>=50000000,"50M+",IF(D52>=10000000,"10M+",IF(D52>=5000000,"5M+",IF(D52>=1000000,"1M+","1M 미만")))))))) -> 10M+ | F52: 미조사 | G52: 미조사 | H52: =IF(AND(ISNUMBER(B52),B52<=$B$2,ISNUMBER(C52),C52<=$B$3),"① 둘 다 높음",IF(AND(ISNUMBER(B52),B52<=$B$2),"② 매출만 높음",IF(AND(ISNUMBER(C52),C52<=$B$3),"③ 다운로드만 높음","④ 둘 다 기준 밖"))) -> ④ 둘 다 기준 밖
A53: Z Route: Redemption | B53: 49 | C53: 67 | D53: 9300000 | E53: =IF(D53="","",IF(D53>=1000000000,"1B+",IF(D53>=500000000,"500M+",IF(D53>=100000000,"100M+",IF(D53>=50000000,"50M+",IF(D53>=10000000,"10M+",IF(D53>=5000000,"5M+",IF(D53>=1000000,"1M+","1M 미만")))))))) -> 5M+ | F53: 미조사 | G53: 미조사 | H53: =IF(AND(ISNUMBER(B53),B53<=$B$2,ISNUMBER(C53),C53<=$B$3),"① 둘 다 높음",IF(AND(ISNUMBER(B53),B53<=$B$2),"② 매출만 높음",IF(AND(ISNUMBER(C53),C53<=$B$3),"③ 다운로드만 높음","④ 둘 다 기준 밖"))) -> ④ 둘 다 기준 밖
A54: Slots: Heart of Vegas Casino | B54: 50 | C54: - | D54: 25000000 | E54: =IF(D54="","",IF(D54>=1000000000,"1B+",IF(D54>=500000000,"500M+",IF(D54>=100000000,"100M+",IF(D54>=50000000,"50M+",IF(D54>=10000000,"10M+",IF(D54>=5000000,"5M+",IF(D54>=1000000,"1M+","1M 미만")))))))) -> 10M+ | F54: 미조사 | G54: 미조사 | H54: =IF(AND(ISNUMBER(B54),B54<=$B$2,ISNUMBER(C54),C54<=$B$3),"① 둘 다 높음",IF(AND(ISNUMBER(B54),B54<=$B$2),"② 매출만 높음",IF(AND(ISNUMBER(C54),C54<=$B$3),"③ 다운로드만 높음","④ 둘 다 기준 밖"))) -> ④ 둘 다 기준 밖
A55: Flambé: Merge & Cook | B55: 51 | C55: - | D55: 7600000 | E55: =IF(D55="","",IF(D55>=1000000000,"1B+",IF(D55>=500000000,"500M+",IF(D55>=100000000,"100M+",IF(D55>=50000000,"50M+",IF(D55>=10000000,"10M+",IF(D55>=5000000,"5M+",IF(D55>=1000000,"1M+","1M 미만")))))))) -> 5M+ | F55: 미조사 | G55: 미조사 | H55: =IF(AND(ISNUMBER(B55),B55<=$B$2,ISNUMBER(C55),C55<=$B$3),"① 둘 다 높음",IF(AND(ISNUMBER(B55),B55<=$B$2),"② 매출만 높음",IF(AND(ISNUMBER(C55),C55<=$B$3),"③ 다운로드만 높음","④ 둘 다 기준 밖"))) -> ④ 둘 다 기준 밖
A56: Merge Cooking | B56: 52 | C56: - | D56: 23000000 | E56: =IF(D56="","",IF(D56>=1000000000,"1B+",IF(D56>=500000000,"500M+",IF(D56>=100000000,"100M+",IF(D56>=50000000,"50M+",IF(D56>=10000000,"10M+",IF(D56>=5000000,"5M+",IF(D56>=1000000,"1M+","1M 미만")))))))) -> 10M+ | F56: 미조사 | G56: 미조사 | H56: =IF(AND(ISNUMBER(B56),B56<=$B$2,ISNUMBER(C56),C56<=$B$3),"① 둘 다 높음",IF(AND(ISNUMBER(B56),B56<=$B$2),"② 매출만 높음",IF(AND(ISNUMBER(C56),C56<=$B$3),"③ 다운로드만 높음","④ 둘 다 기준 밖"))) -> ④ 둘 다 기준 밖
A57: Matching Story - Puzzle Games | B57: 53 | C57: - | D57: 11000000 | E57: =IF(D57="","",IF(D57>=1000000000,"1B+",IF(D57>=500000000,"500M+",IF(D57>=100000000,"100M+",IF(D57>=50000000,"50M+",IF(D57>=10000000,"10M+",IF(D57>=5000000,"5M+",IF(D57>=1000000,"1M+","1M 미만")))))))) -> 10M+ | F57: 미조사 | G57: 미조사 | H57: =IF(AND(ISNUMBER(B57),B57<=$B$2,ISNUMBER(C57),C57<=$B$3),"① 둘 다 높음",IF(AND(ISNUMBER(B57),B57<=$B$2),"② 매출만 높음",IF(AND(ISNUMBER(C57),C57<=$B$3),"③ 다운로드만 높음","④ 둘 다 기준 밖"))) -> ④ 둘 다 기준 밖
A58: Hay Day | B58: 54 | C58: - | D58: 370000000 | E58: =IF(D58="","",IF(D58>=1000000000,"1B+",IF(D58>=500000000,"500M+",IF(D58>=100000000,"100M+",IF(D58>=50000000,"50M+",IF(D58>=10000000,"10M+",IF(D58>=5000000,"5M+",IF(D58>=1000000,"1M+","1M 미만")))))))) -> 100M+ | F58: 미조사 | G58: 미조사 | H58: =IF(AND(ISNUMBER(B58),B58<=$B$2,ISNUMBER(C58),C58<=$B$3),"① 둘 다 높음",IF(AND(ISNUMBER(B58),B58<=$B$2),"② 매출만 높음",IF(AND(ISNUMBER(C58),C58<=$B$3),"③ 다운로드만 높음","④ 둘 다 기준 밖"))) -> ④ 둘 다 기준 밖
A59: June's Journey: Hidden Objects | B59: 55 | C59: - | D59: 78000000 | E59: =IF(D59="","",IF(D59>=1000000000,"1B+",IF(D59>=500000000,"500M+",IF(D59>=100000000,"100M+",IF(D59>=50000000,"50M+",IF(D59>=10000000,"10M+",IF(D59>=5000000,"5M+",IF(D59>=1000000,"1M+","1M 미만")))))))) -> 50M+ | F59: 미조사 | G59: 미조사 | H59: =IF(AND(ISNUMBER(B59),B59<=$B$2,ISNUMBER(C59),C59<=$B$3),"① 둘 다 높음",IF(AND(ISNUMBER(B59),B59<=$B$2),"② 매출만 높음",IF(AND(ISNUMBER(C59),C59<=$B$3),"③ 다운로드만 높음","④ 둘 다 기준 밖"))) -> ④ 둘 다 기준 밖
A60: Magic: The Gathering Arena | B60: 56 | C60: - | D60: 8400000 | E60: =IF(D60="","",IF(D60>=1000000000,"1B+",IF(D60>=500000000,"500M+",IF(D60>=100000000,"100M+",IF(D60>=50000000,"50M+",IF(D60>=10000000,"10M+",IF(D60>=5000000,"5M+",IF(D60>=1000000,"1M+","1M 미만")))))))) -> 5M+ | F60: 미조사 | G60: 미조사 | H60: =IF(AND(ISNUMBER(B60),B60<=$B$2,ISNUMBER(C60),C60<=$B$3),"① 둘 다 높음",IF(AND(ISNUMBER(B60),B60<=$B$2),"② 매출만 높음",IF(AND(ISNUMBER(C60),C60<=$B$3),"③ 다운로드만 높음","④ 둘 다 기준 밖"))) -> ④ 둘 다 기준 밖
A61: Magic Sort! | B61: 57 | C61: 11 | D61: 40000000 | E61: =IF(D61="","",IF(D61>=1000000000,"1B+",IF(D61>=500000000,"500M+",IF(D61>=100000000,"100M+",IF(D61>=50000000,"50M+",IF(D61>=10000000,"10M+",IF(D61>=5000000,"5M+",IF(D61>=1000000,"1M+","1M 미만")))))))) -> 10M+ | F61: 미조사 | G61: 미조사 | H61: =IF(AND(ISNUMBER(B61),B61<=$B$2,ISNUMBER(C61),C61<=$B$3),"① 둘 다 높음",IF(AND(ISNUMBER(B61),B61<=$B$2),"② 매출만 높음",IF(AND(ISNUMBER(C61),C61<=$B$3),"③ 다운로드만 높음","④ 둘 다 기준 밖"))) -> ③ 다운로드만 높음
A62: Quick Hit Casino Slots Games | B62: 58 | C62: - | D62: 23000000 | E62: =IF(D62="","",IF(D62>=1000000000,"1B+",IF(D62>=500000000,"500M+",IF(D62>=100000000,"100M+",IF(D62>=50000000,"50M+",IF(D62>=10000000,"10M+",IF(D62>=5000000,"5M+",IF(D62>=1000000,"1M+","1M 미만")))))))) -> 10M+ | F62: 미조사 | G62: 미조사 | H62: =IF(AND(ISNUMBER(B62),B62<=$B$2,ISNUMBER(C62),C62<=$B$3),"① 둘 다 높음",IF(AND(ISNUMBER(B62),B62<=$B$2),"② 매출만 높음",IF(AND(ISNUMBER(C62),C62<=$B$3),"③ 다운로드만 높음","④ 둘 다 기준 밖"))) -> ④ 둘 다 기준 밖
A63: Travel Town - Merge Adventure | B63: 59 | C63: - | D63: 50000000 | E63: =IF(D63="","",IF(D63>=1000000000,"1B+",IF(D63>=500000000,"500M+",IF(D63>=100000000,"100M+",IF(D63>=50000000,"50M+",IF(D63>=10000000,"10M+",IF(D63>=5000000,"5M+",IF(D63>=1000000,"1M+","1M 미만")))))))) -> 50M+ | F63: 미조사 | G63: 미조사 | H63: =IF(AND(ISNUMBER(B63),B63<=$B$2,ISNUMBER(C63),C63<=$B$3),"① 둘 다 높음",IF(AND(ISNUMBER(B63),B63<=$B$2),"② 매출만 높음",IF(AND(ISNUMBER(C63),C63<=$B$3),"③ 다운로드만 높음","④ 둘 다 기준 밖"))) -> ④ 둘 다 기준 밖
A64: PUBG MOBILE | B64: 60 | C64: - | D64: 1100000000 | E64: =IF(D64="","",IF(D64>=1000000000,"1B+",IF(D64>=500000000,"500M+",IF(D64>=100000000,"100M+",IF(D64>=50000000,"50M+",IF(D64>=10000000,"10M+",IF(D64>=5000000,"5M+",IF(D64>=1000000,"1M+","1M 미만")))))))) -> 1B+ | F64: 미조사 | G64: 미조사 | H64: =IF(AND(ISNUMBER(B64),B64<=$B$2,ISNUMBER(C64),C64<=$B$3),"① 둘 다 높음",IF(AND(ISNUMBER(B64),B64<=$B$2),"② 매출만 높음",IF(AND(ISNUMBER(C64),C64<=$B$3),"③ 다운로드만 높음","④ 둘 다 기준 밖"))) -> ④ 둘 다 기준 밖
A65: Puzzles & Chaos: Frozen Castle | B65: 61 | C65: - | D65: 16000000 | E65: =IF(D65="","",IF(D65>=1000000000,"1B+",IF(D65>=500000000,"500M+",IF(D65>=100000000,"100M+",IF(D65>=50000000,"50M+",IF(D65>=10000000,"10M+",IF(D65>=5000000,"5M+",IF(D65>=1000000,"1M+","1M 미만")))))))) -> 10M+ | F65: 미조사 | G65: 미조사 | H65: =IF(AND(ISNUMBER(B65),B65<=$B$2,ISNUMBER(C65),C65<=$B$3),"① 둘 다 높음",IF(AND(ISNUMBER(B65),B65<=$B$2),"② 매출만 높음",IF(AND(ISNUMBER(C65),C65<=$B$3),"③ 다운로드만 높음","④ 둘 다 기준 밖"))) -> ④ 둘 다 기준 밖
A66: GODDESS OF VICTORY: NIKKE | B66: 62 | C66: - | D66: 11000000 | E66: =IF(D66="","",IF(D66>=1000000000,"1B+",IF(D66>=500000000,"500M+",IF(D66>=100000000,"100M+",IF(D66>=50000000,"50M+",IF(D66>=10000000,"10M+",IF(D66>=5000000,"5M+",IF(D66>=1000000,"1M+","1M 미만")))))))) -> 10M+ | F66: 미조사 | G66: 미조사 | H66: =IF(AND(ISNUMBER(B66),B66<=$B$2,ISNUMBER(C66),C66<=$B$3),"① 둘 다 높음",IF(AND(ISNUMBER(B66),B66<=$B$2),"② 매출만 높음",IF(AND(ISNUMBER(C66),C66<=$B$3),"③ 다운로드만 높음","④ 둘 다 기준 밖"))) -> ④ 둘 다 기준 밖
A67: Bingo Voyage - Live Bingo Game | B67: 63 | C67: - | D67: 6600000 | E67: =IF(D67="","",IF(D67>=1000000000,"1B+",IF(D67>=500000000,"500M+",IF(D67>=100000000,"100M+",IF(D67>=50000000,"50M+",IF(D67>=10000000,"10M+",IF(D67>=5000000,"5M+",IF(D67>=1000000,"1M+","1M 미만")))))))) -> 5M+ | F67: 미조사 | G67: 미조사 | H67: =IF(AND(ISNUMBER(B67),B67<=$B$2,ISNUMBER(C67),C67<=$B$3),"① 둘 다 높음",IF(AND(ISNUMBER(B67),B67<=$B$2),"② 매출만 높음",IF(AND(ISNUMBER(C67),C67<=$B$3),"③ 다운로드만 높음","④ 둘 다 기준 밖"))) -> ④ 둘 다 기준 밖
A68: Cube Land Puzzle Game | B68: 64 | C68: 27 | D68: 3000000 | E68: =IF(D68="","",IF(D68>=1000000000,"1B+",IF(D68>=500000000,"500M+",IF(D68>=100000000,"100M+",IF(D68>=50000000,"50M+",IF(D68>=10000000,"10M+",IF(D68>=5000000,"5M+",IF(D68>=1000000,"1M+","1M 미만")))))))) -> 1M+ | F68: 미조사 | G68: 미조사 | H68: =IF(AND(ISNUMBER(B68),B68<=$B$2,ISNUMBER(C68),C68<=$B$3),"① 둘 다 높음",IF(AND(ISNUMBER(B68),B68<=$B$2),"② 매출만 높음",IF(AND(ISNUMBER(C68),C68<=$B$3),"③ 다운로드만 높음","④ 둘 다 기준 밖"))) -> ③ 다운로드만 높음
A69: Colony Flow! | B69: 66 | C69: 21 | D69: 3500000 | E69: =IF(D69="","",IF(D69>=1000000000,"1B+",IF(D69>=500000000,"500M+",IF(D69>=100000000,"100M+",IF(D69>=50000000,"50M+",IF(D69>=10000000,"10M+",IF(D69>=5000000,"5M+",IF(D69>=1000000,"1M+","1M 미만")))))))) -> 1M+ | F69: 미조사 | G69: 미조사 | H69: =IF(AND(ISNUMBER(B69),B69<=$B$2,ISNUMBER(C69),C69<=$B$3),"① 둘 다 높음",IF(AND(ISNUMBER(B69),B69<=$B$2),"② 매출만 높음",IF(AND(ISNUMBER(C69),C69<=$B$3),"③ 다운로드만 높음","④ 둘 다 기준 밖"))) -> ③ 다운로드만 높음
A70: Brawl Stars | B70: 67 | C70: - | D70: 550000000 | E70: =IF(D70="","",IF(D70>=1000000000,"1B+",IF(D70>=500000000,"500M+",IF(D70>=100000000,"100M+",IF(D70>=50000000,"50M+",IF(D70>=10000000,"10M+",IF(D70>=5000000,"5M+",IF(D70>=1000000,"1M+","1M 미만")))))))) -> 500M+ | F70: 미조사 | G70: 미조사 | H70: =IF(AND(ISNUMBER(B70),B70<=$B$2,ISNUMBER(C70),C70<=$B$3),"① 둘 다 높음",IF(AND(ISNUMBER(B70),B70<=$B$2),"② 매출만 높음",IF(AND(ISNUMBER(C70),C70<=$B$3),"③ 다운로드만 높음","④ 둘 다 기준 밖"))) -> ④ 둘 다 기준 밖
A71: Lordrush | B71: 68 | C71: 87 | D71: 2700000 | E71: =IF(D71="","",IF(D71>=1000000000,"1B+",IF(D71>=500000000,"500M+",IF(D71>=100000000,"100M+",IF(D71>=50000000,"50M+",IF(D71>=10000000,"10M+",IF(D71>=5000000,"5M+",IF(D71>=1000000,"1M+","1M 미만")))))))) -> 1M+ | F71: 미조사 | G71: 미조사 | H71: =IF(AND(ISNUMBER(B71),B71<=$B$2,ISNUMBER(C71),C71<=$B$3),"① 둘 다 높음",IF(AND(ISNUMBER(B71),B71<=$B$2),"② 매출만 높음",IF(AND(ISNUMBER(C71),C71<=$B$3),"③ 다운로드만 높음","④ 둘 다 기준 밖"))) -> ④ 둘 다 기준 밖
A72: eFootball | B72: 69 | C72: - | D72: 400000000 | E72: =IF(D72="","",IF(D72>=1000000000,"1B+",IF(D72>=500000000,"500M+",IF(D72>=100000000,"100M+",IF(D72>=50000000,"50M+",IF(D72>=10000000,"10M+",IF(D72>=5000000,"5M+",IF(D72>=1000000,"1M+","1M 미만")))))))) -> 100M+ | F72: 미조사 | G72: 미조사 | H72: =IF(AND(ISNUMBER(B72),B72<=$B$2,ISNUMBER(C72),C72<=$B$3),"① 둘 다 높음",IF(AND(ISNUMBER(B72),B72<=$B$2),"② 매출만 높음",IF(AND(ISNUMBER(C72),C72<=$B$3),"③ 다운로드만 높음","④ 둘 다 기준 밖"))) -> ④ 둘 다 기준 밖
A73: Royal Smash! - Physics Puzzle | B73: 70 | C73: 9 | D73: 10000000 | E73: =IF(D73="","",IF(D73>=1000000000,"1B+",IF(D73>=500000000,"500M+",IF(D73>=100000000,"100M+",IF(D73>=50000000,"50M+",IF(D73>=10000000,"10M+",IF(D73>=5000000,"5M+",IF(D73>=1000000,"1M+","1M 미만")))))))) -> 10M+ | F73: 미조사 | G73: 미조사 | H73: =IF(AND(ISNUMBER(B73),B73<=$B$2,ISNUMBER(C73),C73<=$B$3),"① 둘 다 높음",IF(AND(ISNUMBER(B73),B73<=$B$2),"② 매출만 높음",IF(AND(ISNUMBER(C73),C73<=$B$3),"③ 다운로드만 높음","④ 둘 다 기준 밖"))) -> ③ 다운로드만 높음
A74: Minecraft: Dream it, Build it! | B74: 71 | C74: - | D74: 98000000 | E74: =IF(D74="","",IF(D74>=1000000000,"1B+",IF(D74>=500000000,"500M+",IF(D74>=100000000,"100M+",IF(D74>=50000000,"50M+",IF(D74>=10000000,"10M+",IF(D74>=5000000,"5M+",IF(D74>=1000000,"1M+","1M 미만")))))))) -> 50M+ | F74: 미조사 | G74: 미조사 | H74: =IF(AND(ISNUMBER(B74),B74<=$B$2,ISNUMBER(C74),C74<=$B$3),"① 둘 다 높음",IF(AND(ISNUMBER(B74),B74<=$B$2),"② 매출만 높음",IF(AND(ISNUMBER(C74),C74<=$B$3),"③ 다운로드만 높음","④ 둘 다 기준 밖"))) -> ④ 둘 다 기준 밖
A75: Hollywood Merge | B75: 72 | C75: - | D75: 8100000 | E75: =IF(D75="","",IF(D75>=1000000000,"1B+",IF(D75>=500000000,"500M+",IF(D75>=100000000,"100M+",IF(D75>=50000000,"50M+",IF(D75>=10000000,"10M+",IF(D75>=5000000,"5M+",IF(D75>=1000000,"1M+","1M 미만")))))))) -> 5M+ | F75: 미조사 | G75: 미조사 | H75: =IF(AND(ISNUMBER(B75),B75<=$B$2,ISNUMBER(C75),C75<=$B$3),"① 둘 다 높음",IF(AND(ISNUMBER(B75),B75<=$B$2),"② 매출만 높음",IF(AND(ISNUMBER(C75),C75<=$B$3),"③ 다운로드만 높음","④ 둘 다 기준 밖"))) -> ④ 둘 다 기준 밖
A76: Piggy Kingdom | B76: 73 | C76: - | D76: 4600000 | E76: =IF(D76="","",IF(D76>=1000000000,"1B+",IF(D76>=500000000,"500M+",IF(D76>=100000000,"100M+",IF(D76>=50000000,"50M+",IF(D76>=10000000,"10M+",IF(D76>=5000000,"5M+",IF(D76>=1000000,"1M+","1M 미만")))))))) -> 1M+ | F76: 미조사 | G76: 미조사 | H76: =IF(AND(ISNUMBER(B76),B76<=$B$2,ISNUMBER(C76),C76<=$B$3),"① 둘 다 높음",IF(AND(ISNUMBER(B76),B76<=$B$2),"② 매출만 높음",IF(AND(ISNUMBER(C76),C76<=$B$3),"③ 다운로드만 높음","④ 둘 다 기준 밖"))) -> ④ 둘 다 기준 밖
A77: MARVEL Strike Force: Squad RPG | B77: 74 | C77: - | D77: 65000000 | E77: =IF(D77="","",IF(D77>=1000000000,"1B+",IF(D77>=500000000,"500M+",IF(D77>=100000000,"100M+",IF(D77>=50000000,"50M+",IF(D77>=10000000,"10M+",IF(D77>=5000000,"5M+",IF(D77>=1000000,"1M+","1M 미만")))))))) -> 50M+ | F77: 미조사 | G77: 미조사 | H77: =IF(AND(ISNUMBER(B77),B77<=$B$2,ISNUMBER(C77),C77<=$B$3),"① 둘 다 높음",IF(AND(ISNUMBER(B77),B77<=$B$2),"② 매출만 높음",IF(AND(ISNUMBER(C77),C77<=$B$3),"③ 다운로드만 높음","④ 둘 다 기준 밖"))) -> ④ 둘 다 기준 밖
A78: Golf Clash - Golfing Simulator | B78: 75 | C78: - | D78: 45000000 | E78: =IF(D78="","",IF(D78>=1000000000,"1B+",IF(D78>=500000000,"500M+",IF(D78>=100000000,"100M+",IF(D78>=50000000,"50M+",IF(D78>=10000000,"10M+",IF(D78>=5000000,"5M+",IF(D78>=1000000,"1M+","1M 미만")))))))) -> 10M+ | F78: 미조사 | G78: 미조사 | H78: =IF(AND(ISNUMBER(B78),B78<=$B$2,ISNUMBER(C78),C78<=$B$3),"① 둘 다 높음",IF(AND(ISNUMBER(B78),B78<=$B$2),"② 매출만 높음",IF(AND(ISNUMBER(C78),C78<=$B$3),"③ 다운로드만 높음","④ 둘 다 기준 밖"))) -> ④ 둘 다 기준 밖
A79: Bingo Frenzy-Live Bingo Games | B79: 76 | C79: - | D79: 13000000 | E79: =IF(D79="","",IF(D79>=1000000000,"1B+",IF(D79>=500000000,"500M+",IF(D79>=100000000,"100M+",IF(D79>=50000000,"50M+",IF(D79>=10000000,"10M+",IF(D79>=5000000,"5M+",IF(D79>=1000000,"1M+","1M 미만")))))))) -> 10M+ | F79: 미조사 | G79: 미조사 | H79: =IF(AND(ISNUMBER(B79),B79<=$B$2,ISNUMBER(C79),C79<=$B$3),"① 둘 다 높음",IF(AND(ISNUMBER(B79),B79<=$B$2),"② 매출만 높음",IF(AND(ISNUMBER(C79),C79<=$B$3),"③ 다운로드만 높음","④ 둘 다 기준 밖"))) -> ④ 둘 다 기준 밖
A80: Clash of Critters | B80: 77 | C80: - | D80: 6000000 | E80: =IF(D80="","",IF(D80>=1000000000,"1B+",IF(D80>=500000000,"500M+",IF(D80>=100000000,"100M+",IF(D80>=50000000,"50M+",IF(D80>=10000000,"10M+",IF(D80>=5000000,"5M+",IF(D80>=1000000,"1M+","1M 미만")))))))) -> 5M+ | F80: 미조사 | G80: 미조사 | H80: =IF(AND(ISNUMBER(B80),B80<=$B$2,ISNUMBER(C80),C80<=$B$3),"① 둘 다 높음",IF(AND(ISNUMBER(B80),B80<=$B$2),"② 매출만 높음",IF(AND(ISNUMBER(C80),C80<=$B$3),"③ 다운로드만 높음","④ 둘 다 기준 밖"))) -> ④ 둘 다 기준 밖
A81: WSOP Poker: Texas Holdem Game | B81: 78 | C81: - | D81: 83000000 | E81: =IF(D81="","",IF(D81>=1000000000,"1B+",IF(D81>=500000000,"500M+",IF(D81>=100000000,"100M+",IF(D81>=50000000,"50M+",IF(D81>=10000000,"10M+",IF(D81>=5000000,"5M+",IF(D81>=1000000,"1M+","1M 미만")))))))) -> 50M+ | F81: 미조사 | G81: 미조사 | H81: =IF(AND(ISNUMBER(B81),B81<=$B$2,ISNUMBER(C81),C81<=$B$3),"① 둘 다 높음",IF(AND(ISNUMBER(B81),B81<=$B$2),"② 매출만 높음",IF(AND(ISNUMBER(C81),C81<=$B$3),"③ 다운로드만 높음","④ 둘 다 기준 밖"))) -> ④ 둘 다 기준 밖
A82: Toy Blast | B82: 79 | C82: - | D82: 110000000 | E82: =IF(D82="","",IF(D82>=1000000000,"1B+",IF(D82>=500000000,"500M+",IF(D82>=100000000,"100M+",IF(D82>=50000000,"50M+",IF(D82>=10000000,"10M+",IF(D82>=5000000,"5M+",IF(D82>=1000000,"1M+","1M 미만")))))))) -> 100M+ | F82: 미조사 | G82: 미조사 | H82: =IF(AND(ISNUMBER(B82),B82<=$B$2,ISNUMBER(C82),C82<=$B$3),"① 둘 다 높음",IF(AND(ISNUMBER(B82),B82<=$B$2),"② 매출만 높음",IF(AND(ISNUMBER(C82),C82<=$B$3),"③ 다운로드만 높음","④ 둘 다 기준 밖"))) -> ④ 둘 다 기준 밖
A83: Jackpot World - Slots Casino | B83: 80 | C83: - | D83: 38000000 | E83: =IF(D83="","",IF(D83>=1000000000,"1B+",IF(D83>=500000000,"500M+",IF(D83>=100000000,"100M+",IF(D83>=50000000,"50M+",IF(D83>=10000000,"10M+",IF(D83>=5000000,"5M+",IF(D83>=1000000,"1M+","1M 미만")))))))) -> 10M+ | F83: 미조사 | G83: 미조사 | H83: =IF(AND(ISNUMBER(B83),B83<=$B$2,ISNUMBER(C83),C83<=$B$3),"① 둘 다 높음",IF(AND(ISNUMBER(B83),B83<=$B$2),"② 매출만 높음",IF(AND(ISNUMBER(C83),C83<=$B$3),"③ 다운로드만 높음","④ 둘 다 기준 밖"))) -> ④ 둘 다 기준 밖
A84: Yalla Ludo - Ludo&Jackaroo | B84: 81 | C84: - | D84: 300000000 | E84: =IF(D84="","",IF(D84>=1000000000,"1B+",IF(D84>=500000000,"500M+",IF(D84>=100000000,"100M+",IF(D84>=50000000,"50M+",IF(D84>=10000000,"10M+",IF(D84>=5000000,"5M+",IF(D84>=1000000,"1M+","1M 미만")))))))) -> 100M+ | F84: 미조사 | G84: 미조사 | H84: =IF(AND(ISNUMBER(B84),B84<=$B$2,ISNUMBER(C84),C84<=$B$3),"① 둘 다 높음",IF(AND(ISNUMBER(B84),B84<=$B$2),"② 매출만 높음",IF(AND(ISNUMBER(C84),C84<=$B$3),"③ 다운로드만 높음","④ 둘 다 기준 밖"))) -> ④ 둘 다 기준 밖
A85: Hole Stars: Puzzle Game | B85: 82 | C85: 73 | D85: 5400000 | E85: =IF(D85="","",IF(D85>=1000000000,"1B+",IF(D85>=500000000,"500M+",IF(D85>=100000000,"100M+",IF(D85>=50000000,"50M+",IF(D85>=10000000,"10M+",IF(D85>=5000000,"5M+",IF(D85>=1000000,"1M+","1M 미만")))))))) -> 5M+ | F85: 미조사 | G85: 미조사 | H85: =IF(AND(ISNUMBER(B85),B85<=$B$2,ISNUMBER(C85),C85<=$B$3),"① 둘 다 높음",IF(AND(ISNUMBER(B85),B85<=$B$2),"② 매출만 높음",IF(AND(ISNUMBER(C85),C85<=$B$3),"③ 다운로드만 높음","④ 둘 다 기준 밖"))) -> ④ 둘 다 기준 밖
A86: Hunting Sniper | B86: 83 | C86: - | D86: 6800000 | E86: =IF(D86="","",IF(D86>=1000000000,"1B+",IF(D86>=500000000,"500M+",IF(D86>=100000000,"100M+",IF(D86>=50000000,"50M+",IF(D86>=10000000,"10M+",IF(D86>=5000000,"5M+",IF(D86>=1000000,"1M+","1M 미만")))))))) -> 5M+ | F86: 미조사 | G86: 미조사 | H86: =IF(AND(ISNUMBER(B86),B86<=$B$2,ISNUMBER(C86),C86<=$B$3),"① 둘 다 높음",IF(AND(ISNUMBER(B86),B86<=$B$2),"② 매출만 높음",IF(AND(ISNUMBER(C86),C86<=$B$3),"③ 다운로드만 높음","④ 둘 다 기준 밖"))) -> ④ 둘 다 기준 밖
A87: Color Block Jam | B87: 84 | C87: 35 | D87: 39000000 | E87: =IF(D87="","",IF(D87>=1000000000,"1B+",IF(D87>=500000000,"500M+",IF(D87>=100000000,"100M+",IF(D87>=50000000,"50M+",IF(D87>=10000000,"10M+",IF(D87>=5000000,"5M+",IF(D87>=1000000,"1M+","1M 미만")))))))) -> 10M+ | F87: 미조사 | G87: 미조사 | H87: =IF(AND(ISNUMBER(B87),B87<=$B$2,ISNUMBER(C87),C87<=$B$3),"① 둘 다 높음",IF(AND(ISNUMBER(B87),B87<=$B$2),"② 매출만 높음",IF(AND(ISNUMBER(C87),C87<=$B$3),"③ 다운로드만 높음","④ 둘 다 기준 밖"))) -> ④ 둘 다 기준 밖
A88: Star Wars: Galaxy of Heroes | B88: 85 | C88: - | D88: 75000000 | E88: =IF(D88="","",IF(D88>=1000000000,"1B+",IF(D88>=500000000,"500M+",IF(D88>=100000000,"100M+",IF(D88>=50000000,"50M+",IF(D88>=10000000,"10M+",IF(D88>=5000000,"5M+",IF(D88>=1000000,"1M+","1M 미만")))))))) -> 50M+ | F88: 미조사 | G88: 미조사 | H88: =IF(AND(ISNUMBER(B88),B88<=$B$2,ISNUMBER(C88),C88<=$B$3),"① 둘 다 높음",IF(AND(ISNUMBER(B88),B88<=$B$2),"② 매출만 높음",IF(AND(ISNUMBER(C88),C88<=$B$3),"③ 다운로드만 높음","④ 둘 다 기준 밖"))) -> ④ 둘 다 기준 밖
A89: Tiki Solitaire TriPeaks | B89: 86 | C89: - | D89: 29000000 | E89: =IF(D89="","",IF(D89>=1000000000,"1B+",IF(D89>=500000000,"500M+",IF(D89>=100000000,"100M+",IF(D89>=50000000,"50M+",IF(D89>=10000000,"10M+",IF(D89>=5000000,"5M+",IF(D89>=1000000,"1M+","1M 미만")))))))) -> 10M+ | F89: 미조사 | G89: 미조사 | H89: =IF(AND(ISNUMBER(B89),B89<=$B$2,ISNUMBER(C89),C89<=$B$3),"① 둘 다 높음",IF(AND(ISNUMBER(B89),B89<=$B$2),"② 매출만 높음",IF(AND(ISNUMBER(C89),C89<=$B$3),"③ 다운로드만 높음","④ 둘 다 기준 밖"))) -> ④ 둘 다 기준 밖
A90: Fate/Grand Order (English) | B90: 87 | C90: - | D90: 5400000 | E90: =IF(D90="","",IF(D90>=1000000000,"1B+",IF(D90>=500000000,"500M+",IF(D90>=100000000,"100M+",IF(D90>=50000000,"50M+",IF(D90>=10000000,"10M+",IF(D90>=5000000,"5M+",IF(D90>=1000000,"1M+","1M 미만")))))))) -> 5M+ | F90: 미조사 | G90: 미조사 | H90: =IF(AND(ISNUMBER(B90),B90<=$B$2,ISNUMBER(C90),C90<=$B$3),"① 둘 다 높음",IF(AND(ISNUMBER(B90),B90<=$B$2),"② 매출만 높음",IF(AND(ISNUMBER(C90),C90<=$B$3),"③ 다운로드만 높음","④ 둘 다 기준 밖"))) -> ④ 둘 다 기준 밖
A91: Yahtzee With Buddies: Dice | B91: 88 | C91: - | D91: 23000000 | E91: =IF(D91="","",IF(D91>=1000000000,"1B+",IF(D91>=500000000,"500M+",IF(D91>=100000000,"100M+",IF(D91>=50000000,"50M+",IF(D91>=10000000,"10M+",IF(D91>=5000000,"5M+",IF(D91>=1000000,"1M+","1M 미만")))))))) -> 10M+ | F91: 미조사 | G91: 미조사 | H91: =IF(AND(ISNUMBER(B91),B91<=$B$2,ISNUMBER(C91),C91<=$B$3),"① 둘 다 높음",IF(AND(ISNUMBER(B91),B91<=$B$2),"② 매출만 높음",IF(AND(ISNUMBER(C91),C91<=$B$3),"③ 다운로드만 높음","④ 둘 다 기준 밖"))) -> ④ 둘 다 기준 밖
A92: Hero Wars: Alliance RPG Legend | B92: 89 | C92: - | D92: 170000000 | E92: =IF(D92="","",IF(D92>=1000000000,"1B+",IF(D92>=500000000,"500M+",IF(D92>=100000000,"100M+",IF(D92>=50000000,"50M+",IF(D92>=10000000,"10M+",IF(D92>=5000000,"5M+",IF(D92>=1000000,"1M+","1M 미만")))))))) -> 100M+ | F92: 미조사 | G92: 미조사 | H92: =IF(AND(ISNUMBER(B92),B92<=$B$2,ISNUMBER(C92),C92<=$B$3),"① 둘 다 높음",IF(AND(ISNUMBER(B92),B92<=$B$2),"② 매출만 높음",IF(AND(ISNUMBER(C92),C92<=$B$3),"③ 다운로드만 높음","④ 둘 다 기준 밖"))) -> ④ 둘 다 기준 밖
A93: Police Chief | B93: 90 | C93: - | D93: 3600000 | E93: =IF(D93="","",IF(D93>=1000000000,"1B+",IF(D93>=500000000,"500M+",IF(D93>=100000000,"100M+",IF(D93>=50000000,"50M+",IF(D93>=10000000,"10M+",IF(D93>=5000000,"5M+",IF(D93>=1000000,"1M+","1M 미만")))))))) -> 1M+ | F93: 미조사 | G93: 미조사 | H93: =IF(AND(ISNUMBER(B93),B93<=$B$2,ISNUMBER(C93),C93<=$B$3),"① 둘 다 높음",IF(AND(ISNUMBER(B93),B93<=$B$2),"② 매출만 높음",IF(AND(ISNUMBER(C93),C93<=$B$3),"③ 다운로드만 높음","④ 둘 다 기준 밖"))) -> ④ 둘 다 기준 밖
A94: Bus Traffic Fever! | B94: 91 | C94: - | D94: 25000000 | E94: =IF(D94="","",IF(D94>=1000000000,"1B+",IF(D94>=500000000,"500M+",IF(D94>=100000000,"100M+",IF(D94>=50000000,"50M+",IF(D94>=10000000,"10M+",IF(D94>=5000000,"5M+",IF(D94>=1000000,"1M+","1M 미만")))))))) -> 10M+ | F94: 미조사 | G94: 미조사 | H94: =IF(AND(ISNUMBER(B94),B94<=$B$2,ISNUMBER(C94),C94<=$B$3),"① 둘 다 높음",IF(AND(ISNUMBER(B94),B94<=$B$2),"② 매출만 높음",IF(AND(ISNUMBER(C94),C94<=$B$3),"③ 다운로드만 높음","④ 둘 다 기준 밖"))) -> ④ 둘 다 기준 밖
A95: Rise of Kingdoms: Lost Crusade | B95: 92 | C95: - | D95: 95000000 | E95: =IF(D95="","",IF(D95>=1000000000,"1B+",IF(D95>=500000000,"500M+",IF(D95>=100000000,"100M+",IF(D95>=50000000,"50M+",IF(D95>=10000000,"10M+",IF(D95>=5000000,"5M+",IF(D95>=1000000,"1M+","1M 미만")))))))) -> 50M+ | F95: 미조사 | G95: 미조사 | H95: =IF(AND(ISNUMBER(B95),B95<=$B$2,ISNUMBER(C95),C95<=$B$3),"① 둘 다 높음",IF(AND(ISNUMBER(B95),B95<=$B$2),"② 매출만 높음",IF(AND(ISNUMBER(C95),C95<=$B$3),"③ 다운로드만 높음","④ 둘 다 기준 밖"))) -> ④ 둘 다 기준 밖
A96: Star Trek Fleet Command | B96: 93 | C96: - | D96: 15000000 | E96: =IF(D96="","",IF(D96>=1000000000,"1B+",IF(D96>=500000000,"500M+",IF(D96>=100000000,"100M+",IF(D96>=50000000,"50M+",IF(D96>=10000000,"10M+",IF(D96>=5000000,"5M+",IF(D96>=1000000,"1M+","1M 미만")))))))) -> 10M+ | F96: 미조사 | G96: 미조사 | H96: =IF(AND(ISNUMBER(B96),B96<=$B$2,ISNUMBER(C96),C96<=$B$3),"① 둘 다 높음",IF(AND(ISNUMBER(B96),B96<=$B$2),"② 매출만 높음",IF(AND(ISNUMBER(C96),C96<=$B$3),"③ 다운로드만 높음","④ 둘 다 기준 밖"))) -> ④ 둘 다 기준 밖
A97: Solitaire Associations Journey | B97: 94 | C97: - | D97: 35000000 | E97: =IF(D97="","",IF(D97>=1000000000,"1B+",IF(D97>=500000000,"500M+",IF(D97>=100000000,"100M+",IF(D97>=50000000,"50M+",IF(D97>=10000000,"10M+",IF(D97>=5000000,"5M+",IF(D97>=1000000,"1M+","1M 미만")))))))) -> 10M+ | F97: 미조사 | G97: 미조사 | H97: =IF(AND(ISNUMBER(B97),B97<=$B$2,ISNUMBER(C97),C97<=$B$3),"① 둘 다 높음",IF(AND(ISNUMBER(B97),B97<=$B$2),"② 매출만 높음",IF(AND(ISNUMBER(C97),C97<=$B$3),"③ 다운로드만 높음","④ 둘 다 기준 밖"))) -> ④ 둘 다 기준 밖
A98: Seaside Escape: Merge & Story | B98: 95 | C98: - | D98: 18000000 | E98: =IF(D98="","",IF(D98>=1000000000,"1B+",IF(D98>=500000000,"500M+",IF(D98>=100000000,"100M+",IF(D98>=50000000,"50M+",IF(D98>=10000000,"10M+",IF(D98>=5000000,"5M+",IF(D98>=1000000,"1M+","1M 미만")))))))) -> 10M+ | F98: 미조사 | G98: 미조사 | H98: =IF(AND(ISNUMBER(B98),B98<=$B$2,ISNUMBER(C98),C98<=$B$3),"① 둘 다 높음",IF(AND(ISNUMBER(B98),B98<=$B$2),"② 매출만 높음",IF(AND(ISNUMBER(C98),C98<=$B$3),"③ 다운로드만 높음","④ 둘 다 기준 밖"))) -> ④ 둘 다 기준 밖
A99: Clash Royale | B99: 96 | C99: - | D99: 630000000 | E99: =IF(D99="","",IF(D99>=1000000000,"1B+",IF(D99>=500000000,"500M+",IF(D99>=100000000,"100M+",IF(D99>=50000000,"50M+",IF(D99>=10000000,"10M+",IF(D99>=5000000,"5M+",IF(D99>=1000000,"1M+","1M 미만")))))))) -> 500M+ | F99: 미조사 | G99: 미조사 | H99: =IF(AND(ISNUMBER(B99),B99<=$B$2,ISNUMBER(C99),C99<=$B$3),"① 둘 다 높음",IF(AND(ISNUMBER(B99),B99<=$B$2),"② 매출만 높음",IF(AND(ISNUMBER(C99),C99<=$B$3),"③ 다운로드만 높음","④ 둘 다 기준 밖"))) -> ④ 둘 다 기준 밖
A100: Loop Sort | B100: 97 | C100: 24 | D100: 5500000 | E100: =IF(D100="","",IF(D100>=1000000000,"1B+",IF(D100>=500000000,"500M+",IF(D100>=100000000,"100M+",IF(D100>=50000000,"50M+",IF(D100>=10000000,"10M+",IF(D100>=5000000,"5M+",IF(D100>=1000000,"1M+","1M 미만")))))))) -> 5M+ | F100: 미조사 | G100: 미조사 | H100: =IF(AND(ISNUMBER(B100),B100<=$B$2,ISNUMBER(C100),C100<=$B$3),"① 둘 다 높음",IF(AND(ISNUMBER(B100),B100<=$B$2),"② 매출만 높음",IF(AND(ISNUMBER(C100),C100<=$B$3),"③ 다운로드만 높음","④ 둘 다 기준 밖"))) -> ③ 다운로드만 높음
A101: Angry Birds 2 | B101: 98 | C101: 3 | D101: 350000000 | E101: =IF(D101="","",IF(D101>=1000000000,"1B+",IF(D101>=500000000,"500M+",IF(D101>=100000000,"100M+",IF(D101>=50000000,"50M+",IF(D101>=10000000,"10M+",IF(D101>=5000000,"5M+",IF(D101>=1000000,"1M+","1M 미만")))))))) -> 100M+ | F101: 미조사 | G101: 미조사 | H101: =IF(AND(ISNUMBER(B101),B101<=$B$2,ISNUMBER(C101),C101<=$B$3),"① 둘 다 높음",IF(AND(ISNUMBER(B101),B101<=$B$2),"② 매출만 높음",IF(AND(ISNUMBER(C101),C101<=$B$3),"③ 다운로드만 높음","④ 둘 다 기준 밖"))) -> ③ 다운로드만 높음
...

Sheet 4-1 벤치마크 근거
A1: 분류 | B1: 지표 | C1: 구간 | D1: 값 | E1: 조건·범위 | F1: 출처 | G1: 비고
A2: 리텐션(전체) | B2: D1 | C2: 하위 25% (P25) | D2: 13.42% → 12.45% | E2: 2025년 연초→연말 | F2: GameAnalytics, 2026 Mobile & PC Gaming Benchmarks (2025년 데이터, 모바일 16,000+개, MAU 1,000+, iOS+Android, 전 장르 합산) https://www.gameanalytics.com/reports/2026-mobile-pc-gaming-benchmarks
A3: 리텐션(전체) | B3: D1 | C3: 중앙값 (P50) | D3: 약 22% | E3: 2025년 연초 | F3: GameAnalytics, 2026 Mobile & PC Gaming Benchmarks (2025년 데이터, 모바일 16,000+개, MAU 1,000+, iOS+Android, 전 장르 합산) https://www.gameanalytics.com/reports/2026-mobile-pc-gaming-benchmarks
A4: 리텐션(전체) | B4: D1 | C4: 상위 25% (P75) | D4: 30% 약간 상회 | E4: 2025년 | F4: GameAnalytics, 2026 Mobile & PC Gaming Benchmarks (2025년 데이터, 모바일 16,000+개, MAU 1,000+, iOS+Android, 전 장르 합산) https://www.gameanalytics.com/reports/2026-mobile-pc-gaming-benchmarks
A5: 리텐션(전체) | B5: D1 | C5: 상위 10% (P90) | D5: 약 40% | E5: 2025년 연중 | F5: GameAnalytics, 2026 Mobile & PC Gaming Benchmarks (2025년 데이터, 모바일 16,000+개, MAU 1,000+, iOS+Android, 전 장르 합산) https://www.gameanalytics.com/reports/2026-mobile-pc-gaming-benchmarks
A6: 리텐션(전체) | B6: D1 | C6: 상위 1% (P99) | D6: 64~68% | E6: 2025년 | F6: GameAnalytics, 2026 Mobile & PC Gaming Benchmarks (2025년 데이터, 모바일 16,000+개, MAU 1,000+, iOS+Android, 전 장르 합산) https://www.gameanalytics.com/reports/2026-mobile-pc-gaming-benchmarks
A7: 리텐션(전체) | B7: D7 | C7: 하위 25% (P25) | D7: 1.67~1.94% | E7: 2025년 | F7: GameAnalytics, 2026 Mobile & PC Gaming Benchmarks (2025년 데이터, 모바일 16,000+개, MAU 1,000+, iOS+Android, 전 장르 합산) https://www.gameanalytics.com/reports/2026-mobile-pc-gaming-benchmarks
A8: 리텐션(전체) | B8: D7 | C8: 중앙값 (P50) | D8: 4% 약간 미만 | E8: 2025년 | F8: GameAnalytics, 2026 Mobile & PC Gaming Benchmarks (2025년 데이터, 모바일 16,000+개, MAU 1,000+, iOS+Android, 전 장르 합산) https://www.gameanalytics.com/reports/2026-mobile-pc-gaming-benchmarks
A9: 리텐션(전체) | B9: D7 | C9: 상위 25% (P75) | D9: 6~7% | E9: 2025년 | F9: GameAnalytics, 2026 Mobile & PC Gaming Benchmarks (2025년 데이터, 모바일 16,000+개, MAU 1,000+, iOS+Android, 전 장르 합산) https://www.gameanalytics.com/reports/2026-mobile-pc-gaming-benchmarks
A10: 리텐션(전체) | B10: D7 | C10: 상위 10% (P90) | D10: 11~12% | E10: 2025년 대부분 | F10: GameAnalytics, 2026 Mobile & PC Gaming Benchmarks (2025년 데이터, 모바일 16,000+개, MAU 1,000+, iOS+Android, 전 장르 합산) https://www.gameanalytics.com/reports/2026-mobile-pc-gaming-benchmarks
A11: 리텐션(전체) | B11: D7 | C11: 상위 1% (P99) | D11: 25% 이상 (최고 28% 초과) | E11: 2025년 | F11: GameAnalytics, 2026 Mobile & PC Gaming Benchmarks (2025년 데이터, 모바일 16,000+개, MAU 1,000+, iOS+Android, 전 장르 합산) https://www.gameanalytics.com/reports/2026-mobile-pc-gaming-benchmarks
A12: 리텐션(전체) | B12: D30 | C12: 하위 25% (P25) | D12: 0.5% 미만 | E12: 2025년 | F12: GameAnalytics, 2026 Mobile & PC Gaming Benchmarks (2025년 데이터, 모바일 16,000+개, MAU 1,000+, iOS+Android, 전 장르 합산) https://www.gameanalytics.com/reports/2026-mobile-pc-gaming-benchmarks
A13: 리텐션(전체) | B13: D30 | C13: 중앙값 (P50) | D13: 0.68~0.79% | E13: 2025년 | F13: GameAnalytics, 2026 Mobile & PC Gaming Benchmarks (2025년 데이터, 모바일 16,000+개, MAU 1,000+, iOS+Android, 전 장르 합산) https://www.gameanalytics.com/reports/2026-mobile-pc-gaming-benchmarks
A14: 리텐션(전체) | B14: D30 | C14: 상위 25% (P75) | D14: 1.6~1.8% | E14: 2025년 | F14: GameAnalytics, 2026 Mobile & PC Gaming Benchmarks (2025년 데이터, 모바일 16,000+개, MAU 1,000+, iOS+Android, 전 장르 합산) https://www.gameanalytics.com/reports/2026-mobile-pc-gaming-benchmarks
A15: 리텐션(전체) | B15: D30 | C15: 상위 10% (P90) | D15: 전체 기준 미공개 | E15: — | F15: GameAnalytics, 2026 Mobile & PC Gaming Benchmarks (2025년 데이터, 모바일 16,000+개, MAU 1,000+, iOS+Android, 전 장르 합산) https://www.gameanalytics.com/reports/2026-mobile-pc-gaming-benchmarks | G15: 지역별 P90은 '4-2 지역 벤치마크' 시트 참고
A16: 리텐션(전체) | B16: D30 | C16: 상위 1% (P99) | D16: 13~15% | E16: 2025년 | F16: GameAnalytics, 2026 Mobile & PC Gaming Benchmarks (2025년 데이터, 모바일 16,000+개, MAU 1,000+, iOS+Android, 전 장르 합산) https://www.gameanalytics.com/reports/2026-mobile-pc-gaming-benchmarks
A17: 리텐션(플랫폼) | B17: D1 | C17: 상위 25% (P75) | D17: iOS 31~33% / Android 25~27% | E17: 2024년 데이터 | F17: GameAnalytics, 2025 Mobile Gaming Benchmarks (2024년 데이터, 11,600개 게임) https://files.gameindustrylibrary.com/documents/mobile-gaming-benchmarks-2025.pdf | G17: iOS가 Android보다 높음
A18: 참여도(전체) | B18: 하루 플레이 시간 | C18: P50 / P75 / P90 / P99 | D18: 약 12분 / 22~24분 / 40~42분 / 94분 초과 | E18: 2025년 | F18: GameAnalytics, 2026 Mobile & PC Gaming Benchmarks (2025년 데이터, 모바일 16,000+개, MAU 1,000+, iOS+Android, 전 장르 합산) https://www.gameanalytics.com/reports/2026-mobile-pc-gaming-benchmarks
A19: 참여도(전체) | B19: 세션 길이 | C19: P50 / P75 / P90 / P99 | D19: 3.1~3.5분 / 약 5.2분 / 8분 약간 초과 / 22분 초과 | E19: 2025년 | F19: GameAnalytics, 2026 Mobile & PC Gaming Benchmarks (2025년 데이터, 모바일 16,000+개, MAU 1,000+, iOS+Android, 전 장르 합산) https://www.gameanalytics.com/reports/2026-mobile-pc-gaming-benchmarks
A20: 참여도(전체) | B20: 하루 세션 수 | C20: P25 / P50 / P75 / P90 / P99 | D20: 2.7 / 3.8~3.9 / 5.3~5.7 / 일부 월 9.6 / 12 초과 | E20: 2025년 | F20: GameAnalytics, 2026 Mobile & PC Gaming Benchmarks (2025년 데이터, 모바일 16,000+개, MAU 1,000+, iOS+Android, 전 장르 합산) https://www.gameanalytics.com/reports/2026-mobile-pc-gaming-benchmarks
A21: 장르(정성) | B21: 리텐션 | C21: 중앙값 기준 | D21: 보드·카드·퍼즐·카지노가 D1·D7·D28 모두 강함, 아케이드는 D1만 강함, 멀티플레이는 리텐션 최저 | E21: 2024년 데이터 | F21: GameAnalytics, 2025 Mobile Gaming Benchmarks (2024년 데이터, 11,600개 게임) https://files.gameindustrylibrary.com/documents/mobile-gaming-benchmarks-2025.pdf | G21: 장르별 숫자는 원문 PDF에 이미지 차트로만 있음 → 눈으로 읽은 판독값을 '4-3 장르 차트 판독값' 시트에 정리(공식 텍스트 수치 아님)
A22: 장르(정성) | B22: 하루 세션 수 | C22: 중앙값 | D22: 미드코어 6~7회 (전 장르 중 최고) | E22: 2024년 데이터 | F22: GameAnalytics, 2025 Mobile Gaming Benchmarks (2024년 데이터, 11,600개 게임) https://files.gameindustrylibrary.com/documents/mobile-gaming-benchmarks-2025.pdf
A23: 장르 | B23: D1·D7·D30 수치 | C23: — | D23: 미공개 | E23: — | F23: GameAnalytics, 2026 Mobile & PC Gaming Benchmarks (2025년 데이터, 모바일 16,000+개, MAU 1,000+, iOS+Android, 전 장르 합산) https://www.gameanalytics.com/reports/2026-mobile-pc-gaming-benchmarks | G23: 2026 보고서는 장르 분류 개편 중이라 장르별 수치를 제공하지 않는다고 명시
A24: 수익(장르) | B24: D90 IAP ARPU | C24: 카지노 / 미드코어 / 캐주얼 | D24: $2.43 / $2.13 / $1.34 | E24: 글로벌 | F24: AppsFlyer, State of App Monetization 2026 (IAP $9억·광고 $72억, 2025.1~2026.3) — 요약: https://gamedevreports.substack.com/p/appsflyer-app-monetization-in-2026 / 원문: https://www.appsflyer.com/resources/reports/app-marketing-monetization-report/ | G24: 북미+유럽: 미드코어 $2.66, 카지노 $2.55
A25: 수익(장르) | B25: D90 광고(IAA) ARPU | C25: 캐주얼 / 카지노 / 미드코어 / 하이퍼캐주얼 | D25: $0.55 / $0.47 / $0.40 / $0.22 | E25: 글로벌 평균 | F25: AppsFlyer, State of App Monetization 2026 (IAP $9억·광고 $72억, 2025.1~2026.3) — 요약: https://gamedevreports.substack.com/p/appsflyer-app-monetization-in-2026 / 원문: https://www.appsflyer.com/resources/reports/app-marketing-monetization-report/ | G25: 북미·유럽은 더 높다고 언급
A26: 수익(장르) | B26: D90 IAP ARPPU | C26: 카지노 / 미드코어 / 캐주얼 | D26: $11.40 / $9.80 / $7.26 | E26: 글로벌 | F26: AppsFlyer, State of App Monetization 2026 (IAP $9억·광고 $72억, 2025.1~2026.3) — 요약: https://gamedevreports.substack.com/p/appsflyer-app-monetization-in-2026 / 원문: https://www.appsflyer.com/resources/reports/app-marketing-monetization-report/
A27: 수익(장르) | B27: 결제 전환율 | C27: 카지노 | D27: 신규 설치의 4.95%가 결제, 3.01%가 2회 이상 결제 | E27: 30일 이내로 추정(원문 확인 필요) | F27: AppsFlyer, State of App Monetization 2026 (IAP $9억·광고 $72억, 2025.1~2026.3) — 요약: https://gamedevreports.substack.com/p/appsflyer-app-monetization-in-2026 / 원문: https://www.appsflyer.com/resources/reports/app-marketing-monetization-report/ | G27: 다른 장르의 전환율은 요약본에 없음
A28: 수익(장르) | B28: 첫 결제 대비 재결제 비율 | C28: 카지노 / 미드코어 / 캐주얼 | D28: 1.65배 / 1.76배 / 1.89배 | E28: 낮을수록 좋음 | F28: AppsFlyer, State of App Monetization 2026 (IAP $9억·광고 $72억, 2025.1~2026.3) — 요약: https://gamedevreports.substack.com/p/appsflyer-app-monetization-in-2026 / 원문: https://www.appsflyer.com/resources/reports/app-marketing-monetization-report/
A29: 수익(장르) | B29: IAP 매출 중 유료 유입 비중 | C29: 하이퍼캐주얼 / 카지노 / 캐주얼 / 미드코어 | D29: 79% / 64% / 61% / 49% | F29: AppsFlyer, State of App Monetization 2026 (IAP $9억·광고 $72억, 2025.1~2026.3) — 요약: https://gamedevreports.substack.com/p/appsflyer-app-monetization-in-2026 / 원문: https://www.appsflyer.com/resources/reports/app-marketing-monetization-report/
A30: 수익(지역) | B30: 매출 중 유료 유입 비중 | C30: 남미(LATAM) | D30: 전체 37%, 미드코어 43% | F30: AppsFlyer, State of App Monetization 2026 (IAP $9억·광고 $72억, 2025.1~2026.3) — 요약: https://gamedevreports.substack.com/p/appsflyer-app-monetization-in-2026 / 원문: https://www.appsflyer.com/resources/reports/app-marketing-monetization-report/
A31: 수익(구조) | B31: 매출 구성 | C31: 미드코어 / 카지노 | D31: IAP 90% / IAP 83% | F31: AppsFlyer, State of App Monetization 2026 (IAP $9억·광고 $72억, 2025.1~2026.3) — 요약: https://gamedevreports.substack.com/p/appsflyer-app-monetization-in-2026 / 원문: https://www.appsflyer.com/resources/reports/app-marketing-monetization-report/
A32: 수익(시점) | B32: D60 매출 중 D7까지 누적 | C32: 광고 / IAP | D32: 89% / 60% | E32: 전체 앱 | F32: AppsFlyer, State of App Monetization 2026 (IAP $9억·광고 $72억, 2025.1~2026.3) — 요약: https://gamedevreports.substack.com/p/appsflyer-app-monetization-in-2026 / 원문: https://www.appsflyer.com/resources/reports/app-marketing-monetization-report/ | G32: 하이퍼캐주얼은 D60 광고 매출의 63%가 D1에 발생
A33: 수익(일반) | B33: 결제 유저 비율 | C33: 전체 게임 | D33: 대개 5% 미만 (RPG는 더 높음) | F33: AppsFlyer, State of Gaming App Marketing 2024 https://www.appsflyer.com/resources/reports/gaming-app-marketing-2024-report/
A34: 수익(일반) | B34: 첫 결제 시점 | C34: iOS | D34: D2 전후 첫 결제가 전체 결제자의 1/4, D3에 17% 추가 | F34: AppsFlyer, State of Gaming App Marketing 2024 https://www.appsflyer.com/resources/reports/gaming-app-marketing-2024-report/
A35: 수익(일반) | B35: 상위 결제자 집중도 | C35: Android, 2024 Q4 | D35: 상위 5% 결제자가 IAP 매출의 45.95% | E35: 앱당 평균 | F35: AppsFlyer, State of Gaming App Marketing 2024 https://www.appsflyer.com/resources/reports/gaming-app-marketing-2024-report/
A36: 광고 수익(캐주얼) | B36: 광고 ARPU | C36: 하이퍼캐주얼 / 파티 / 매치 | D36: $0.86 / $4.90 / $2.99 | E36: 미국 Android | F36: Appodeal, Mobile Casual Benchmarks Report 2025 (미국 Android 캐주얼 게임 10,000+개, 2024.6~2025.1) — App Developer Magazine 보도 https://appdevelopermagazine.com/mobile-casual-benchmarks-report-2025/ | G36: ARPU 측정 기간이 보도에 명시되지 않음
A37: 광고 수익(캐주얼) | B37: 광고 ARPU (세부 장르) | C37: 머지3 / 럭배틀 / 러닝 / 슬라이싱 | D37: $14.83 / $12.23 / $2.34 / $2.19 | E37: 미국 Android | F37: Appodeal, Mobile Casual Benchmarks Report 2025 (미국 Android 캐주얼 게임 10,000+개, 2024.6~2025.1) — App Developer Magazine 보도 https://appdevelopermagazine.com/mobile-casual-benchmarks-report-2025/ | G37: ARPU 측정 기간이 보도에 명시되지 않음
A38: 광고 수익(캐주얼) | B38: 유저당 광고 노출 수 | C38: 퍼즐: 전면 / 보상형 / 배너 | D38: 72.5 / 23.4 / 241.5 | E38: 미국 Android | F38: Appodeal, Mobile Casual Benchmarks Report 2025 (미국 Android 캐주얼 게임 10,000+개, 2024.6~2025.1) — App Developer Magazine 보도 https://appdevelopermagazine.com/mobile-casual-benchmarks-report-2025/
A39: 광고 수익(캐주얼) | B39: 유저당 광고 노출 수 | C39: 매치: 전면 / 보상형 / 배너 | D39: 36.5 / 39.1 / 114.3 | E39: 미국 Android | F39: Appodeal, Mobile Casual Benchmarks Report 2025 (미국 Android 캐주얼 게임 10,000+개, 2024.6~2025.1) — App Developer Magazine 보도 https://appdevelopermagazine.com/mobile-casual-benchmarks-report-2025/
A40: 광고 수익(캐주얼) | B40: 유저당 보상형 광고 수 | C40: 머지3 / 방치형 | D40: 101.5 / 73.2 | E40: 미국 Android | F40: Appodeal, Mobile Casual Benchmarks Report 2025 (미국 Android 캐주얼 게임 10,000+개, 2024.6~2025.1) — App Developer Magazine 보도 https://appdevelopermagazine.com/mobile-casual-benchmarks-report-2025/

Sheet 4-2 지역 벤치마크
A1: 지역 | B1: 지표 | C1: P50 (중앙값) | D1: P90 (상위 10%) | E1: P99 (상위 1%) | F1: 단위 | G1: 출처
A2: 북미 | B2: D1 리텐션 | C2: 0.2328 | D2: 0.369 | E2: 0.5089 | F2: % | G2: GameAnalytics 2026 보고서 지역별 표 (2025년 주간 데이터의 연평균)
A3: 북미 | B3: D7 리텐션 | C3: 0.0497 | D3: 0.1258 | E3: 0.2478 | F3: % | G3: GameAnalytics 2026 보고서 지역별 표 (2025년 주간 데이터의 연평균)
A4: 북미 | B4: D30 리텐션 | C4: 0.0118 | D4: 0.0478 | E4: 0.1326 | F4: % | G4: GameAnalytics 2026 보고서 지역별 표 (2025년 주간 데이터의 연평균)
A5: 북미 | B5: 하루 플레이 시간 | C5: 14.45 | D5: 45.84 | E5: 89.43 | F5: 분 | G5: GameAnalytics 2026 보고서 지역별 표 (2025년 주간 데이터의 연평균)
A6: 북미 | B6: 세션 길이 | C6: 3.64 | D6: 8.5 | E6: 20.22 | F6: 분 | G6: GameAnalytics 2026 보고서 지역별 표 (2025년 주간 데이터의 연평균)
A7: 북미 | B7: 하루 세션 수 | C7: 4.23 | D7: 7.59 | E7: 12.85 | F7: 회 | G7: GameAnalytics 2026 보고서 지역별 표 (2025년 주간 데이터의 연평균)
A8: 중미 | B8: D1 리텐션 | C8: 0.2137 | D8: 0.3424 | E8: 0.4683 | F8: % | G8: GameAnalytics 2026 보고서 지역별 표 (2025년 주간 데이터의 연평균)
A9: 중미 | B9: D7 리텐션 | C9: 0.0371 | D9: 0.096 | E9: 0.1815 | F9: % | G9: GameAnalytics 2026 보고서 지역별 표 (2025년 주간 데이터의 연평균)
A10: 중미 | B10: D30 리텐션 | C10: 0.0078 | D10: 0.0285 | E10: 0.081 | F10: % | G10: GameAnalytics 2026 보고서 지역별 표 (2025년 주간 데이터의 연평균)
A11: 중미 | B11: 하루 플레이 시간 | C11: 12.41 | D11: 36.42 | E11: 66.26 | F11: 분 | G11: GameAnalytics 2026 보고서 지역별 표 (2025년 주간 데이터의 연평균)
A12: 중미 | B12: 세션 길이 | C12: 2.83 | D12: 6.25 | E12: 17.32 | F12: 분 | G12: GameAnalytics 2026 보고서 지역별 표 (2025년 주간 데이터의 연평균)
A13: 중미 | B13: 하루 세션 수 | C13: 4.9 | D13: 7.62 | E13: 11.06 | F13: 회 | G13: GameAnalytics 2026 보고서 지역별 표 (2025년 주간 데이터의 연평균)
... A25: 아시아 | B25: 하루 세션 수 | C25: 4.19 | D25: 7.79 | E25: 13.32 | F25: 회 | G25: GameAnalytics 2026 보고서 지역별 표 (2025년 주간 데이터의 연평균)
A27: 참고 (2024년 데이터, 중앙값): 북미 D1 20.48% / D7 4.64% / D28 1.46%, 남미 18.32% / 3.31% / 0.82%, 중미 18.95% / 3.68% / 0.98%, 아시아 17.57% / 3.14% / 0.75%, 동남아 18.28% / 3.33% / 0.82% — GameAnalytics 2025 보고서
A28: 멕시코가 GameAnalytics의 '중미'와 '북미' 중 어디에 속하는지는 보고서에서 확인되지 않았습니다.

Sheet 4-3 장르 차트 판독값
A1: GameAnalytics 2025 보고서 · 장르별 차트 판독값 (2024년 데이터, 장르별 중앙값 게임, 월별 코호트)
A2: ⚠ 차트 판독값: PDF 17~20쪽은 글자가 없는 그림(히트맵)이라, 그림을 확대해 칸 안에 적힌 숫자를 눈으로 옮겨 적었습니다. 공식 표·API 값이 아닙니다. 파란 글씨=판독값, 검은 글씨=판독값으로 계산한 값.
A3: 출처: GameAnalytics, 2025 Mobile Gaming Benchmarks (2024년 데이터, 11,600개 게임) https://files.gameindustrylibrary.com/documents/mobile-gaming-benchmarks-2025.pdf — 각 표 제목 옆에 PDF 쪽수 표시. 판독 방법: PDF 안 원본 그림(1056×547픽셀)을 2배 확대해 전부 두 번 읽고 대조.
A5: D1 리텐션 (설치 다음날 다시 온 비율) — PDF 17쪽
A6: 장르(보고서 표기) | B6: 장르(한글) | C6: 1월 | D6: 2월 | E6: 3월 | F6: 4월 | G6: 5월 | H6: 6월 | I6: 7월 | J6: 8월 | K6: 9월 | L6: 10월 | M6: 11월 | N6: 12월 | O6: 연평균* | P6: 최저 달 | Q6: 최고 달 | R6: 변동폭(최고−최저) | S6: 16개 장르 중 순위 (1=가장 높음)
A7: Action | B7: 액션 | C7: 0.185 | D7: 0.1851 | E7: 0.1878 | F7: 0.1876 | G7: 0.187 | H7: 0.184 | I7: 0.1806 | J7: 0.1833 | K7: 0.1821 | L7: 0.1827 | M7: 0.18 | N7: 0.1772 | O7: =AVERAGE(C7:N7) -> 0.18353333 | P7: =MIN(C7:N7) -> 0.1772 | Q7: =MAX(C7:N7) -> 0.1878 | R7: =Q7-P7 -> 0.0106 | S7: =RANK(O7,$O$7:$O$22) -> 10
A8: Adventure | B8: 어드벤처 | C8: 0.165 | D8: 0.1653 | E8: 0.1664 | F8: 0.1653 | G8: 0.1614 | H8: 0.1566 | I8: 0.1547 | J8: 0.1556 | K8: 0.1607 | L8: 0.1597 | M8: 0.1585 | N8: 0.157 | O8: =AVERAGE(C8:N8) -> 0.16051667 | P8: =MIN(C8:N8) -> 0.1547 | Q8: =MAX(C8:N8) -> 0.1664 | R8: =Q8-P8 -> 0.0117 | S8: =RANK(O8,$O$7:$O$22) -> 14
A9: Arcade | B9: 아케이드 | C9: 0.2233 | D9: 0.2164 | E9: 0.2253 | F9: 0.2266 | G9: 0.2263 | H9: 0.2229 | I9: 0.2203 | J9: 0.2214 | K9: 0.2235 | L9: 0.2247 | M9: 0.2206 | N9: 0.2179 | O9: =AVERAGE(C9:N9) -> 0.22243333 | P9: =MIN(C9:N9) -> 0.2164 | Q9: =MAX(C9:N9) -> 0.2266 | R9: =Q9-P9 -> 0.0102 | S9: =RANK(O9,$O$7:$O$22) -> 1
A10: Board | B10: 보드 | C10: 0.1981 | D10: 0.2006 | E10: 0.1991 | F10: 0.1945 | G10: 0.195 | H10: 0.1894 | I10: 0.1885 | J10: 0.1862 | K10: 0.1867 | L10: 0.1874 | M10: 0.1864 | N10: 0.18 | O10: =AVERAGE(C10:N10) -> 0.19099167 | P10: =MIN(C10:N10) -> 0.18 | Q10: =MAX(C10:N10) -> 0.2006 | R10: =Q10-P10 -> 0.0206 | S10: =RANK(O10,$O$7:$O$22) -> 7
A11: Card | B11: 카드 | C11: 0.1905 | D11: 0.1939 | E11: 0.1916 | F11: 0.1886 | G11: 0.1934 | H11: 0.1874 | I11: 0.191 | J11: 0.1868 | K11: 0.1843 | L11: 0.1863 | M11: 0.1846 | N11: 0.1822 | O11: =AVERAGE(C11:N11) -> 0.18838333 | P11: =MIN(C11:N11) -> 0.1822 | Q11: =MAX(C11:N11) -> 0.1939 | R11: =Q11-P11 -> 0.0117 | S11: =RANK(O11,$O$7:$O$22) -> 8
A12: Casino | B12: 카지노 | C12: 0.1991 | D12: 0.2014 | E12: 0.2038 | F12: 0.1977 | G12: 0.1931 | H12: 0.1883 | I12: 0.1918 | J12: 0.1874 | K12: 0.1872 | L12: 0.1876 | M12: 0.1939 | N12: 0.1946 | O12: =AVERAGE(C12:N12) -> 0.193825 | P12: =MIN(C12:N12) -> 0.1872 | Q12: =MAX(C12:N12) -> 0.2038 | R12: =Q12-P12 -> 0.0166 | S12: =RANK(O12,$O$7:$O$22) -> 5
A13: Casual | B13: 캐주얼 | C13: 0.2018 | D13: 0.2002 | E13: 0.2091 | F13: 0.2092 | G13: 0.2111 | H13: 0.2098 | I13: 0.2064 | J13: 0.2065 | K13: 0.2102 | L13: 0.2092 | M13: 0.2042 | N13: 0.2003 | O13: =AVERAGE(C13:N13) -> 0.2065 | P13: =MIN(C13:N13) -> 0.2002 | Q13: =MAX(C13:N13) -> 0.2111 | R13: =Q13-P13 -> 0.0109 | S13: =RANK(O13,$O$7:$O$22) -> 2
A14: Multiplayer | B14: 멀티플레이 | C14: 0.128 | D14: 0.1217 | E14: 0.1211 | F14: 0.1147 | G14: 0.1127 | H14: 0.1118 | I14: 0.1107 | J14: 0.1109 | K14: 0.1111 | L14: 0.1122 | M14: 0.1118 | N14: 0.1086 | O14: =AVERAGE(C14:N14) -> 0.11460833 | P14: =MIN(C14:N14) -> 0.1086 | Q14: =MAX(C14:N14) -> 0.128 | R14: =Q14-P14 -> 0.0194 | S14: =RANK(O14,$O$7:$O$22) -> 16
A15: Puzzle | B15: 퍼즐 | C15: 0.2053 | D15: 0.2047 | E15: 0.2074 | F15: 0.2051 | G15: 0.2045 | H15: 0.2028 | I15: 0.199 | J15: 0.2005 | K15: 0.2011 | L15: 0.1999 | M15: 0.1977 | N15: 0.1966 | O15: =AVERAGE(C15:N15) -> 0.20205 | P15: =MIN(C15:N15) -> 0.1966 | Q15: =MAX(C15:N15) -> 0.2074 | R15: =Q15-P15 -> 0.0108 | S15: =RANK(O15,$O$7:$O$22) -> 3
A16: Racing | B16: 레이싱 | C16: 0.1792 | D16: 0.18 | E16: 0.1836 | F16: 0.1836 | G16: 0.1821 | H16: 0.1834 | I16: 0.1806 | J16: 0.1819 | K16: 0.1833 | L16: 0.1817 | M16: 0.176 | N16: 0.1765 | O16: =AVERAGE(C16:N16) -> 0.18099167 | P16: =MIN(C16:N16) -> 0.176 | Q16: =MAX(C16:N16) -> 0.1836 | R16: =Q16-P16 -> 0.0076 | S16: =RANK(O16,$O$7:$O$22) -> 11
A17: Role Playing | B17: 롤플레잉(RPG) | C17: 0.1527 | D17: 0.1496 | E17: 0.1513 | F17: 0.1532 | G17: 0.1513 | H17: 0.1503 | I17: 0.1469 | J17: 0.1504 | K17: 0.1542 | L17: 0.1526 | M17: 0.1481 | N17: 0.148 | O17: =AVERAGE(C17:N17) -> 0.15071667 | P17: =MIN(C17:N17) -> 0.1469 | Q17: =MAX(C17:N17) -> 0.1542 | R17: =Q17-P17 -> 0.0073 | S17: =RANK(O17,$O$7:$O$22) -> 15
A18: Simulation | B18: 시뮬레이션 | C18: 0.1709 | D18: 0.1702 | E18: 0.1728 | F18: 0.1712 | G18: 0.1714 | H18: 0.171 | I18: 0.1677 | J18: 0.1688 | K18: 0.1704 | L18: 0.1724 | M18: 0.1689 | N18: 0.1685 | O18: =AVERAGE(C18:N18) -> 0.17035 | P18: =MIN(C18:N18) -> 0.1677 | Q18: =MAX(C18:N18) -> 0.1728 | R18: =Q18-P18 -> 0.0051 | S18: =RANK(O18,$O$7:$O$22) -> 12
... A22: Word | B22: 단어 | C22: 0.1973 | D22: 0.1951 | E22: 0.1928 | F22: 0.1858 | G22: 0.1858 | H22: 0.1832 | I22: 0.1844 | J22: 0.1777 | K22: 0.176 | L22: 0.1773 | M22: 0.1767 | N22: 0.1755 | O22: =AVERAGE(C22:N22) -> 0.18396667 | P22: =MIN(C22:N22) -> 0.1755 | Q22: =MAX(C22:N22) -> 0.1973 | R22: =Q22-P22 -> 0.0218 | S22: =RANK(O22,$O$7:$O$22) -> 9
A24: D7 리텐션 (7일째 다시 온 비율) — PDF 18쪽 위
A25: 장르(보고서 표기) | B25: 장르(한글) | C25: 1월 | D25: 2월 | E25: 3월 | F25: 4월 | G25: 5월 | H25: 6월 | I25: 7월 | J25: 8월 | K25: 9월 | L25: 10월 | M25: 11월 | N25: 12월 | O25: 연평균* | P25: 최저 달 | Q25: 최고 달 | R25: 변동폭(최고−최저) | S25: 16개 장르 중 순위 (1=가장 높음)
A26: Action | B26: 액션 | C26: 0.0287 | D26: 0.0287 | E26: 0.0306 | F26: 0.0293 | G26: 0.0296 | H26: 0.0285 | I26: 0.0272 | J26: 0.0283 | K26: 0.0298 | L26: 0.0301 | M26: 0.0298 | N26: 0.0289 | O26: =AVERAGE(C26:N26) -> 0.029125 | P26: =MIN(C26:N26) -> 0.0272 | Q26: =MAX(C26:N26) -> 0.0306 | R26: =Q26-P26 -> 0.0034 | S26: =RANK(O26,$O$26:$O$41) -> 12
A27: Adventure | B27: 어드벤처 | C27: 0.0226 | D27: 0.0226 | E27: 0.024 | F27: 0.0229 | G27: 0.0229 | H27: 0.0219 | I27: 0.0209 | J27: 0.0213 | K27: 0.0232 | L27: 0.0242 | M27: 0.0239 | N27: 0.0234 | O27: =AVERAGE(C27:N27) -> 0.022816667 | P27: =MIN(C27:N27) -> 0.0209 | Q27: =MAX(C27:N27) -> 0.0242 | R27: =Q27-P27 -> 0.0033 | S27: =RANK(O27,$O$26:$O$41) -> 14
A28: Arcade | B28: 아케이드 | C28: 0.0407 | D28: 0.0394 | E28: 0.0431 | F28: 0.0417 | G28: 0.0428 | H28: 0.0411 | I28: 0.0393 | J28: 0.0398 | K28: 0.0428 | L28: 0.044 | M28: 0.0438 | N28: 0.0423 | O28: =AVERAGE(C28:N28) -> 0.041733333 | P28: =MIN(C28:N28) -> 0.0393 | Q28: =MAX(C28:N28) -> 0.044 | R28: =Q28-P28 -> 0.0047 | S28: =RANK(O28,$O$26:$O$41) -> 6
A29: Board | B29: 보드 | C29: 0.0596 | D29: 0.0616 | E29: 0.0617 | F29: 0.0568 | G29: 0.0584 | H29: 0.0563 | I29: 0.0553 | J29: 0.056 | K29: 0.0585 | L29: 0.0597 | M29: 0.0587 | N29: 0.0568 | O29: =AVERAGE(C29:N29) -> 0.058283333 | P29: =MIN(C29:N29) -> 0.0553 | Q29: =MAX(C29:N29) -> 0.0617 | R29: =Q29-P29 -> 0.0064 | S29: =RANK(O29,$O$26:$O$41) -> 2
A30: Card | B30: 카드 | C30: 0.0683 | D30: 0.0714 | E30: 0.0701 | F30: 0.0675 | G30: 0.0692 | H30: 0.0665 | I30: 0.0662 | J30: 0.0654 | K30: 0.0661 | L30: 0.0656 | M30: 0.0656 | N30: 0.0645 | O30: =AVERAGE(C30:N30) -> 0.0672 | P30: =MIN(C30:N30) -> 0.0645 | Q30: =MAX(C30:N30) -> 0.0714 | R30: =Q30-P30 -> 0.0069 | S30: =RANK(O30,$O$26:$O$41) -> 1
A31: Casino | B31: 카지노 | C31: 0.0553 | D31: 0.0559 | E31: 0.0576 | F31: 0.0545 | G31: 0.0552 | H31: 0.0534 | I31: 0.0538 | J31: 0.0519 | K31: 0.0543 | L31: 0.054 | M31: 0.0571 | N31: 0.0576 | O31: =AVERAGE(C31:N31) -> 0.05505 | P31: =MIN(C31:N31) -> 0.0519 | Q31: =MAX(C31:N31) -> 0.0576 | R31: =Q31-P31 -> 0.0057 | S31: =RANK(O31,$O$26:$O$41) -> 3
A32: Casual | B32: 캐주얼 | C32: 0.0314 | D32: 0.0318 | E32: 0.0346 | F32: 0.0334 | G32: 0.0344 | H32: 0.0335 | I32: 0.0317 | J32: 0.0319 | K32: 0.0345 | L32: 0.0343 | M32: 0.0341 | N32: 0.0326 | O32: =AVERAGE(C32:N32) -> 0.033183333 | P32: =MIN(C32:N32) -> 0.0314 | Q32: =MAX(C32:N32) -> 0.0346 | R32: =Q32-P32 -> 0.0032 | S32: =RANK(O32,$O$26:$O$41) -> 9
A33: Multiplayer | B33: 멀티플레이 | C33: 0.0187 | D33: 0.0182 | E33: 0.0186 | F33: 0.0172 | G33: 0.0159 | H33: 0.0156 | I33: 0.0147 | J33: 0.0149 | K33: 0.017 | L33: 0.0167 | M33: 0.0169 | N33: 0.0157 | O33: =AVERAGE(C33:N33) -> 0.016675 | P33: =MIN(C33:N33) -> 0.0147 | Q33: =MAX(C33:N33) -> 0.0187 | R33: =Q33-P33 -> 0.004 | S33: =RANK(O33,$O$26:$O$41) -> 16
A34: Puzzle | B34: 퍼즐 | C34: 0.0451 | D34: 0.0453 | E34: 0.0479 | F34: 0.0454 | G34: 0.0465 | H34: 0.045 | I34: 0.0427 | J34: 0.0434 | K34: 0.0465 | L34: 0.0466 | M34: 0.0456 | N34: 0.0443 | O34: =AVERAGE(C34:N34) -> 0.045358333 | P34: =MIN(C34:N34) -> 0.0427 | Q34: =MAX(C34:N34) -> 0.0479 | R34: =Q34-P34 -> 0.0052 | S34: =RANK(O34,$O$26:$O$41) -> 4
A35: Racing | B35: 레이싱 | C35: 0.0286 | D35: 0.0293 | E35: 0.0313 | F35: 0.0307 | G35: 0.0309 | H35: 0.0298 | I35: 0.0286 | J35: 0.0284 | K35: 0.031 | L35: 0.0319 | M35: 0.0306 | N35: 0.0302 | O35: =AVERAGE(C35:N35) -> 0.030108333 | P35: =MIN(C35:N35) -> 0.0284 | Q35: =MAX(C35:N35) -> 0.0319 | R35: =Q35-P35 -> 0.0035 | S35: =RANK(O35,$O$26:$O$41) -> 11
A36: Role Playing | B36: 롤플레잉(RPG) | C36: 0.0205 | D36: 0.0202 | E36: 0.0208 | F36: 0.0201 | G36: 0.0207 | H36: 0.0203 | I36: 0.0196 | J36: 0.02 | K36: 0.0215 | L36: 0.0223 | M36: 0.0215 | N36: 0.0212 | O36: =AVERAGE(C36:N36) -> 0.020725 | P36: =MIN(C36:N36) -> 0.0196 | Q36: =MAX(C36:N36) -> 0.0223 | R36: =Q36-P36 -> 0.0027 | S36: =RANK(O36,$O$26:$O$41) -> 15
A37: Simulation | B37: 시뮬레이션 | C37: 0.023 | D37: 0.0231 | E37: 0.0251 | F37: 0.0237 | G37: 0.024 | H37: 0.0233 | I37: 0.0222 | J37: 0.0227 | K37: 0.0247 | L37: 0.0256 | M37: 0.0248 | N37: 0.0245 | O37: =AVERAGE(C37:N37) -> 0.023891667 | P37: =MIN(C37:N37) -> 0.0222 | Q37: =MAX(C37:N37) -> 0.0256 | R37: =Q37-P37 -> 0.0034 | S37: =RANK(O37,$O$26:$O$41) -> 13
... A41: Word | B41: 단어 | C41: 0.0467 | D41: 0.0459 | E41: 0.0444 | F41: 0.0404 | G41: 0.041 | H41: 0.0394 | I41: 0.0395 | J41: 0.0377 | K41: 0.041 | L41: 0.0421 | M41: 0.0422 | N41: 0.0417 | O41: =AVERAGE(C41:N41) -> 0.041833333 | P41: =MIN(C41:N41) -> 0.0377 | Q41: =MAX(C41:N41) -> 0.0467 | R41: =Q41-P41 -> 0.009 | S41: =RANK(O41,$O$26:$O$41) -> 5
A43: D28 리텐션 (28일째 다시 온 비율) — PDF 18쪽 아래
A44: 장르(보고서 표기) | B44: 장르(한글) | C44: 1월 | D44: 2월 | E44: 3월 | F44: 4월 | G44: 5월 | H44: 6월 | I44: 7월 | J44: 8월 | K44: 9월 | L44: 10월 | M44: 11월 | N44: 12월 | O44: 연평균* | P44: 최저 달 | Q44: 최고 달 | R44: 변동폭(최고−최저) | S44: 16개 장르 중 순위 (1=가장 높음)
A45: Action | B45: 액션 | C45: 0.0061 | D45: 0.0065 | E45: 0.0066 | F45: 0.0064 | G45: 0.0065 | H45: 0.0062 | I45: 0.0059 | J45: 0.0061 | K45: 0.006 | L45: 0.0066 | M45: 0.0066 | N45: 0.0065 | O45: =AVERAGE(C45:N45) -> 0.0063333333 | P45: =MIN(C45:N45) -> 0.0059 | Q45: =MAX(C45:N45) -> 0.0066 | R45: =Q45-P45 -> 0.0007 | S45: =RANK(O45,$O$45:$O$60) -> 12
A46: Adventure | B46: 어드벤처 | C46: 0.0047 | D46: 0.0049 | E46: 0.005 | F46: 0.0048 | G46: 0.005 | H46: 0.0046 | I46: 0.0043 | J46: 0.0044 | K46: 0.0046 | L46: 0.0051 | M46: 0.0051 | N46: 0.0053 | O46: =AVERAGE(C46:N46) -> 0.0048166667 | P46: =MIN(C46:N46) -> 0.0043 | Q46: =MAX(C46:N46) -> 0.0053 | R46: =Q46-P46 -> 0.001 | S46: =RANK(O46,$O$45:$O$60) -> 14
A47: Arcade | B47: 아케이드 | C47: 0.0093 | D47: 0.0095 | E47: 0.0099 | F47: 0.0096 | G47: 0.0102 | H47: 0.0098 | I47: 0.0089 | J47: 0.0092 | K47: 0.0096 | L47: 0.0103 | M47: 0.0104 | N47: 0.0106 | O47: =AVERAGE(C47:N47) -> 0.009775 | P47: =MIN(C47:N47) -> 0.0089 | Q47: =MAX(C47:N47) -> 0.0106 | R47: =Q47-P47 -> 0.0017 | S47: =RANK(O47,$O$45:$O$60) -> 6
A48: Board | B48: 보드 | C48: 0.0223 | D48: 0.023 | E48: 0.0249 | F48: 0.0209 | G48: 0.0211 | H48: 0.0197 | I48: 0.0201 | J48: 0.0216 | K48: 0.0211 | L48: 0.0228 | M48: 0.0213 | N48: 0.0218 | O48: =AVERAGE(C48:N48) -> 0.021716667 | P48: =MIN(C48:N48) -> 0.0197 | Q48: =MAX(C48:N48) -> 0.0249 | R48: =Q48-P48 -> 0.0052 | S48: =RANK(O48,$O$45:$O$60) -> 2
A49: Card | B49: 카드 | C49: 0.0285 | D49: 0.0323 | E49: 0.0324 | F49: 0.0295 | G49: 0.0306 | H49: 0.0294 | I49: 0.0285 | J49: 0.0287 | K49: 0.0308 | L49: 0.0306 | M49: 0.0296 | N49: 0.0291 | O49: =AVERAGE(C49:N49) -> 0.03 | P49: =MIN(C49:N49) -> 0.0285 | Q49: =MAX(C49:N49) -> 0.0324 | R49: =Q49-P49 -> 0.0039 | S49: =RANK(O49,$O$45:$O$60) -> 1
A50: Casino | B50: 카지노 | C50: 0.0195 | D50: 0.0211 | E50: 0.0219 | F50: 0.0191 | G50: 0.0198 | H50: 0.0182 | I50: 0.0174 | J50: 0.0176 | K50: 0.0196 | L50: 0.0179 | M50: 0.019 | N50: 0.0194 | O50: =AVERAGE(C50:N50) -> 0.019208333 | P50: =MIN(C50:N50) -> 0.0174 | Q50: =MAX(C50:N50) -> 0.0219 | R50: =Q50-P50 -> 0.0045 | S50: =RANK(O50,$O$45:$O$60) -> 3
A51: Casual | B51: 캐주얼 | C51: 0.0065 | D51: 0.0069 | E51: 0.0073 | F51: 0.0071 | G51: 0.0075 | H51: 0.0073 | I51: 0.0067 | J51: 0.0067 | K51: 0.007 | L51: 0.0074 | M51: 0.0073 | N51: 0.0071 | O51: =AVERAGE(C51:N51) -> 0.0070666667 | P51: =MIN(C51:N51) -> 0.0065 | Q51: =MAX(C51:N51) -> 0.0075 | R51: =Q51-P51 -> 0.001 | S51: =RANK(O51,$O$45:$O$60) -> 10
A52: Multiplayer | B52: 멀티플레이 | C52: 0.0051 | D52: 0.0055 | E52: 0.0052 | F52: 0.0049 | G52: 0.0046 | H52: 0.0045 | I52: 0.0041 | J52: 0.004 | K52: 0.0045 | L52: 0.0048 | M52: 0.0047 | N52: 0.0047 | O52: =AVERAGE(C52:N52) -> 0.0047166667 | P52: =MIN(C52:N52) -> 0.004 | Q52: =MAX(C52:N52) -> 0.0055 | R52: =Q52-P52 -> 0.0015 | S52: =RANK(O52,$O$45:$O$60) -> 15
A53: Puzzle | B53: 퍼즐 | C53: 0.0119 | D53: 0.0121 | E53: 0.0126 | F53: 0.0121 | G53: 0.0126 | H53: 0.0118 | I53: 0.0109 | J53: 0.0111 | K53: 0.0117 | L53: 0.0122 | M53: 0.0119 | N53: 0.0119 | O53: =AVERAGE(C53:N53) -> 0.0119 | P53: =MIN(C53:N53) -> 0.0109 | Q53: =MAX(C53:N53) -> 0.0126 | R53: =Q53-P53 -> 0.0017 | S53: =RANK(O53,$O$45:$O$60) -> 4
A54: Racing | B54: 레이싱 | C54: 0.006 | D54: 0.0063 | E54: 0.0065 | F54: 0.0069 | G54: 0.0069 | H54: 0.0065 | I54: 0.0062 | J54: 0.0061 | K54: 0.0064 | L54: 0.0071 | M54: 0.0067 | N54: 0.007 | O54: =AVERAGE(C54:N54) -> 0.00655 | P54: =MIN(C54:N54) -> 0.006 | Q54: =MAX(C54:N54) -> 0.0071 | R54: =Q54-P54 -> 0.0011 | S54: =RANK(O54,$O$45:$O$60) -> 11
A55: Role Playing | B55: 롤플레잉(RPG) | C55: 0.0042 | D55: 0.0043 | E55: 0.0044 | F55: 0.0044 | G55: 0.0044 | H55: 0.0042 | I55: 0.0039 | J55: 0.0041 | K55: 0.0043 | L55: 0.0047 | M55: 0.0046 | N55: 0.0044 | O55: =AVERAGE(C55:N55) -> 0.004325 | P55: =MIN(C55:N55) -> 0.0039 | Q55: =MAX(C55:N55) -> 0.0047 | R55: =Q55-P55 -> 0.0008 | S55: =RANK(O55,$O$45:$O$60) -> 16
A56: Simulation | B56: 시뮬레이션 | C56: 0.0047 | D56: 0.005 | E56: 0.0052 | F56: 0.005 | G56: 0.0052 | H56: 0.005 | I56: 0.0045 | J56: 0.0047 | K56: 0.0049 | L56: 0.0053 | M56: 0.0053 | N56: 0.0053 | O56: =AVERAGE(C56:N56) -> 0.0050083333 | P56: =MIN(C56:N56) -> 0.0045 | Q56: =MAX(C56:N56) -> 0.0053 | R56: =Q56-P56 -> 0.0008 | S56: =RANK(O56,$O$45:$O$60) -> 13
... A60: Word | B60: 단어 | C60: 0.0123 | D60: 0.0128 | E60: 0.0123 | F60: 0.0109 | G60: 0.011 | H60: 0.0104 | I60: 0.0101 | J60: 0.01 | K60: 0.0106 | L60: 0.0107 | M60: 0.0116 | N60: 0.012 | O60: =AVERAGE(C60:N60) -> 0.011225 | P60: =MIN(C60:N60) -> 0.01 | Q60: =MAX(C60:N60) -> 0.0128 | R60: =Q60-P60 -> 0.0028 | S60: =RANK(O60,$O$45:$O$60) -> 5
A62: 하루 플레이 시간 (분) — PDF 19쪽 위
A63: 장르(보고서 표기) | B63: 장르(한글) | C63: 1월 | D63: 2월 | E63: 3월 | F63: 4월 | G63: 5월 | H63: 6월 | I63: 7월 | J63: 8월 | K63: 9월 | L63: 10월 | M63: 11월 | N63: 12월 | O63: 연평균* | P63: 최저 달 | Q63: 최고 달 | R63: 변동폭(최고−최저) | S63: 16개 장르 중 순위 (1=가장 높음)
A64: Action | B64: 액션 | C64: 14 | D64: 13.9 | E64: 13.7 | F64: 13.8 | G64: 13.9 | H64: 14 | I64: 14.3 | J64: 14.4 | K64: 14.4 | L64: 14.4 | M64: 14.1 | N64: 14.1 | O64: =AVERAGE(C64:N64) -> 14.083333 | P64: =MIN(C64:N64) -> 13.7 | Q64: =MAX(C64:N64) -> 14.4 | R64: =Q64-P64 -> 0.7 | S64: =RANK(O64,$O$64:$O$79) -> 13
A65: Adventure | B65: 어드벤처 | C65: 16.3 | D65: 15.8 | E65: 15.9 | F65: 16.2 | G65: 16.2 | H65: 16.3 | I65: 16.6 | J65: 16.7 | K65: 16.6 | L65: 16.6 | M65: 16.8 | N65: 16.8 | O65: =AVERAGE(C65:N65) -> 16.4 | P65: =MIN(C65:N65) -> 15.8 | Q65: =MAX(C65:N65) -> 16.8 | R65: =Q65-P65 -> 1 | S65: =RANK(O65,$O$64:$O$79) -> 8
A66: Arcade | B66: 아케이드 | C66: 12.4 | D66: 12.2 | E66: 12.3 | F66: 12.5 | G66: 12.8 | H66: 12.9 | I66: 13.3 | J66: 13.4 | K66: 13.3 | L66: 13.1 | M66: 13 | N66: 12.9 | O66: =AVERAGE(C66:N66) -> 12.841667 | P66: =MIN(C66:N66) -> 12.2 | Q66: =MAX(C66:N66) -> 13.4 | R66: =Q66-P66 -> 1.2 | S66: =RANK(O66,$O$64:$O$79) -> 16
A67: Board | B67: 보드 | C67: 40.5 | D67: 40.4 | E67: 40 | F67: 40.4 | G67: 41.6 | H67: 41.4 | I67: 41.5 | J67: 41.7 | K67: 41.8 | L67: 41.4 | M67: 41.2 | N67: 40.8 | O67: =AVERAGE(C67:N67) -> 41.058333 | P67: =MIN(C67:N67) -> 40 | Q67: =MAX(C67:N67) -> 41.8 | R67: =Q67-P67 -> 1.8 | S67: =RANK(O67,$O$64:$O$79) -> 2
A68: Card | B68: 카드 | C68: 47.7 | D68: 48.4 | E68: 48.4 | F68: 49 | G68: 48.5 | H68: 48.6 | I68: 48.3 | J68: 48.2 | K68: 48.3 | L68: 48.9 | M68: 49.1 | N68: 48.9 | O68: =AVERAGE(C68:N68) -> 48.525 | P68: =MIN(C68:N68) -> 47.7 | Q68: =MAX(C68:N68) -> 49.1 | R68: =Q68-P68 -> 1.4 | S68: =RANK(O68,$O$64:$O$79) -> 1
A69: Casino | B69: 카지노 | C69: 35.1 | D69: 35.6 | E69: 35.9 | F69: 34.4 | G69: 34.3 | H69: 35.3 | I69: 34.5 | J69: 34.5 | K69: 34.8 | L69: 35.5 | M69: 37.1 | N69: 37.2 | O69: =AVERAGE(C69:N69) -> 35.35 | P69: =MIN(C69:N69) -> 34.3 | Q69: =MAX(C69:N69) -> 37.2 | R69: =Q69-P69 -> 2.9 | S69: =RANK(O69,$O$64:$O$79) -> 3
A70: Casual | B70: 캐주얼 | C70: 13 | D70: 12.7 | E70: 13.1 | F70: 13.5 | G70: 13.8 | H70: 13.9 | I70: 14.1 | J70: 14.1 | K70: 14.3 | L70: 14.1 | M70: 13.7 | N70: 13.4 | O70: =AVERAGE(C70:N70) -> 13.641667 | P70: =MIN(C70:N70) -> 12.7 | Q70: =MAX(C70:N70) -> 14.3 | R70: =Q70-P70 -> 1.6 | S70: =RANK(O70,$O$64:$O$79) -> 15
A71: Multiplayer | B71: 멀티플레이 | C71: 25.8 | D71: 25.3 | E71: 25.2 | F71: 24.2 | G71: 22.3 | H71: 22.5 | I71: 22.7 | J71: 22.6 | K71: 24.2 | L71: 24.6 | M71: 25.6 | N71: 25.8 | O71: =AVERAGE(C71:N71) -> 24.233333 | P71: =MIN(C71:N71) -> 22.3 | Q71: =MAX(C71:N71) -> 25.8 | R71: =Q71-P71 -> 3.5 | S71: =RANK(O71,$O$64:$O$79) -> 5
A72: Puzzle | B72: 퍼즐 | C72: 29.5 | D72: 29.6 | E72: 29.7 | F72: 30.1 | G72: 30.4 | H72: 29.6 | I72: 29.5 | J72: 29.7 | K72: 31.1 | L72: 31.1 | M72: 31.1 | N72: 30.9 | O72: =AVERAGE(C72:N72) -> 30.191667 | P72: =MIN(C72:N72) -> 29.5 | Q72: =MAX(C72:N72) -> 31.1 | R72: =Q72-P72 -> 1.6 | S72: =RANK(O72,$O$64:$O$79) -> 4
A73: Racing | B73: 레이싱 | C73: 13.6 | D73: 13.5 | E73: 13.5 | F73: 13.8 | G73: 13.9 | H73: 14 | I73: 14.3 | J73: 14.5 | K73: 14.6 | L73: 14.4 | M73: 14.5 | N73: 14.8 | O73: =AVERAGE(C73:N73) -> 14.116667 | P73: =MIN(C73:N73) -> 13.5 | Q73: =MAX(C73:N73) -> 14.8 | R73: =Q73-P73 -> 1.3 | S73: =RANK(O73,$O$64:$O$79) -> 12
A74: Role Playing | B74: 롤플레잉(RPG) | C74: 15.3 | D74: 14.9 | E74: 14.7 | F74: 15 | G74: 15.1 | H74: 15.1 | I74: 15.3 | J74: 15.8 | K74: 16.3 | L74: 16.8 | M74: 16.9 | N74: 16.5 | O74: =AVERAGE(C74:N74) -> 15.641667 | P74: =MIN(C74:N74) -> 14.7 | Q74: =MAX(C74:N74) -> 16.9 | R74: =Q74-P74 -> 2.2 | S74: =RANK(O74,$O$64:$O$79) -> 10
A75: Simulation | B75: 시뮬레이션 | C75: 14.1 | D75: 14.1 | E75: 14.3 | F75: 14.6 | G75: 14.6 | H75: 14.8 | I75: 14.9 | J75: 15 | K75: 15 | L75: 15 | M75: 14.9 | N75: 15 | O75: =AVERAGE(C75:N75) -> 14.691667 | P75: =MIN(C75:N75) -> 14.1 | Q75: =MAX(C75:N75) -> 15 | R75: =Q75-P75 -> 0.9 | S75: =RANK(O75,$O$64:$O$79) -> 11
... A79: Word | B79: 단어 | C79: 24.7 | D79: 24.3 | E79: 23.7 | F79: 24 | G79: 23.8 | H79: 23.9 | I79: 23.8 | J79: 23.9 | K79: 23.9 | L79: 23.6 | M79: 23.1 | N79: 23 | O79: =AVERAGE(C79:N79) -> 23.808333 | P79: =MIN(C79:N79) -> 23 | Q79: =MAX(C79:N79) -> 24.7 | R79: =Q79-P79 -> 1.7 | S79: =RANK(O79,$O$64:$O$79) -> 6
A81: 세션 길이 (한 번 켰을 때 노는 시간, 분) — PDF 19쪽 아래
A82: 장르(보고서 표기) | B82: 장르(한글) | C82: 1월 | D82: 2월 | E82: 3월 | F82: 4월 | G82: 5월 | H82: 6월 | I82: 7월 | J82: 8월 | K82: 9월 | L82: 10월 | M82: 11월 | N82: 12월 | O82: 연평균* | P82: 최저 달 | Q82: 최고 달 | R82: 변동폭(최고−최저) | S82: 16개 장르 중 순위 (1=가장 높음)
A83: Action | B83: 액션 | C83: 3.8 | D83: 3.8 | E83: 3.8 | F83: 3.7 | G83: 3.8 | H83: 3.8 | I83: 3.9 | J83: 3.9 | K83: 3.9 | L83: 3.9 | M83: 4 | N83: 4 | O83: =AVERAGE(C83:N83) -> 3.8583333 | P83: =MIN(C83:N83) -> 3.7 | Q83: =MAX(C83:N83) -> 4 | R83: =Q83-P83 -> 0.3 | S83: =RANK(O83,$O$83:$O$98) -> 12
A84: Adventure | B84: 어드벤처 | C84: 4.4 | D84: 4.3 | E84: 4.5 | F84: 4.5 | G84: 4.5 | H84: 4.4 | I84: 4.6 | J84: 4.7 | K84: 4.8 | L84: 4.8 | M84: 4.9 | N84: 4.9 | O84: =AVERAGE(C84:N84) -> 4.6083333 | P84: =MIN(C84:N84) -> 4.3 | Q84: =MAX(C84:N84) -> 4.9 | R84: =Q84-P84 -> 0.6 | S84: =RANK(O84,$O$83:$O$98) -> 8
A85: Arcade | B85: 아케이드 | C85: 3.2 | D85: 3.3 | E85: 3.3 | F85: 3.3 | G85: 3.2 | H85: 3.3 | I85: 3.4 | J85: 3.4 | K85: 3.3 | L85: 3.3 | M85: 3.4 | N85: 3.4 | O85: =AVERAGE(C85:N85) -> 3.3166667 | P85: =MIN(C85:N85) -> 3.2 | Q85: =MAX(C85:N85) -> 3.4 | R85: =Q85-P85 -> 0.2 | S85: =RANK(O85,$O$83:$O$98) -> 16
A86: Board | B86: 보드 | C86: 7.3 | D86: 7.2 | E86: 7.2 | F86: 7.2 | G86: 7.4 | H86: 7.2 | I86: 7.3 | J86: 7.3 | K86: 7.3 | L86: 7.4 | M86: 7.4 | N86: 7.3 | O86: =AVERAGE(C86:N86) -> 7.2916667 | P86: =MIN(C86:N86) -> 7.2 | Q86: =MAX(C86:N86) -> 7.4 | R86: =Q86-P86 -> 0.2 | S86: =RANK(O86,$O$83:$O$98) -> 4
A87: Card | B87: 카드 | C87: 8.2 | D87: 8.2 | E87: 8.2 | F87: 8.3 | G87: 8.3 | H87: 8.2 | I87: 8.2 | J87: 8.2 | K87: 8.4 | L87: 8.5 | M87: 8.5 | N87: 8.5 | O87: =AVERAGE(C87:N87) -> 8.3083333 | P87: =MIN(C87:N87) -> 8.2 | Q87: =MAX(C87:N87) -> 8.5 | R87: =Q87-P87 -> 0.3 | S87: =RANK(O87,$O$83:$O$98) -> 2
A88: Casino | B88: 카지노 | C88: 7.4 | D88: 7.3 | E88: 7.3 | F88: 7.4 | G88: 7.3 | H88: 7.3 | I88: 7.2 | J88: 7.1 | K88: 7.2 | L88: 7.2 | M88: 7.4 | N88: 7.5 | O88: =AVERAGE(C88:N88) -> 7.3 | P88: =MIN(C88:N88) -> 7.1 | Q88: =MAX(C88:N88) -> 7.5 | R88: =Q88-P88 -> 0.4 | S88: =RANK(O88,$O$83:$O$98) -> 3
A89: Casual | B89: 캐주얼 | C89: 3.5 | D89: 3.5 | E89: 3.5 | F89: 3.6 | G89: 3.6 | H89: 3.6 | I89: 3.7 | J89: 3.7 | K89: 3.7 | L89: 3.8 | M89: 3.9 | N89: 4 | O89: =AVERAGE(C89:N89) -> 3.675 | P89: =MIN(C89:N89) -> 3.5 | Q89: =MAX(C89:N89) -> 4 | R89: =Q89-P89 -> 0.5 | S89: =RANK(O89,$O$83:$O$98) -> 14
A90: Multiplayer | B90: 멀티플레이 | C90: 9.3 | D90: 9.3 | E90: 9.3 | F90: 9.5 | G90: 9.2 | H90: 9.3 | I90: 9.3 | J90: 9.4 | K90: 9.4 | L90: 9.7 | M90: 9.8 | N90: 9.7 | O90: =AVERAGE(C90:N90) -> 9.4333333 | P90: =MIN(C90:N90) -> 9.2 | Q90: =MAX(C90:N90) -> 9.8 | R90: =Q90-P90 -> 0.6 | S90: =RANK(O90,$O$83:$O$98) -> 1
A91: Puzzle | B91: 퍼즐 | C91: 5.6 | D91: 5.6 | E91: 5.6 | F91: 5.7 | G91: 5.6 | H91: 5.6 | I91: 5.6 | J91: 5.6 | K91: 5.7 | L91: 5.7 | M91: 5.7 | N91: 5.7 | O91: =AVERAGE(C91:N91) -> 5.6416667 | P91: =MIN(C91:N91) -> 5.6 | Q91: =MAX(C91:N91) -> 5.7 | R91: =Q91-P91 -> 0.1 | S91: =RANK(O91,$O$83:$O$98) -> 5
A92: Racing | B92: 레이싱 | C92: 3.6 | D92: 3.7 | E92: 3.7 | F92: 3.7 | G92: 3.8 | H92: 3.8 | I92: 3.9 | J92: 3.9 | K92: 3.9 | L92: 3.9 | M92: 3.9 | N92: 4 | O92: =AVERAGE(C92:N92) -> 3.8166667 | P92: =MIN(C92:N92) -> 3.6 | Q92: =MAX(C92:N92) -> 4 | R92: =Q92-P92 -> 0.4 | S92: =RANK(O92,$O$83:$O$98) -> 13
A93: Role Playing | B93: 롤플레잉(RPG) | C93: 4.2 | D93: 4.2 | E93: 4.1 | F93: 4.1 | G93: 4.1 | H93: 4.1 | I93: 4.3 | J93: 4.5 | K93: 4.7 | L93: 4.7 | M93: 4.8 | N93: 4.7 | O93: =AVERAGE(C93:N93) -> 4.375 | P93: =MIN(C93:N93) -> 4.1 | Q93: =MAX(C93:N93) -> 4.8 | R93: =Q93-P93 -> 0.7 | S93: =RANK(O93,$O$83:$O$98) -> 9
A94: Simulation | B94: 시뮬레이션 | C94: 3.9 | D94: 4 | E94: 4 | F94: 4 | G94: 4.1 | H94: 4.1 | I94: 4.1 | J94: 4.2 | K94: 4.2 | L94: 4.2 | M94: 4.3 | N94: 4.3 | O94: =AVERAGE(C94:N94) -> 4.1166667 | P94: =MIN(C94:N94) -> 3.9 | Q94: =MAX(C94:N94) -> 4.3 | R94: =Q94-P94 -> 0.4 | S94: =RANK(O94,$O$83:$O$98) -> 11
... A98: Word | B98: 단어 | C98: 5 | D98: 5 | E98: 4.9 | F98: 5 | G98: 5 | H98: 5.1 | I98: 5.1 | J98: 5.1 | K98: 5.1 | L98: 5.3 | M98: 5.2 | N98: 5.2 | O98: =AVERAGE(C98:N98) -> 5.0833333 | P98: =MIN(C98:N98) -> 4.9 | Q98: =MAX(C98:N98) -> 5.3 | R98: =Q98-P98 -> 0.4 | S98: =RANK(O98,$O$83:$O$98) -> 7
A100: 하루 세션 수 (하루에 켜는 횟수, 회) — PDF 20쪽
A101: 장르(보고서 표기) | B101: 장르(한글) | C101: 1월 | D101: 2월 | E101: 3월 | F101: 4월 | G101: 5월 | H101: 6월 | I101: 7월 | J101: 8월 | K101: 9월 | L101: 10월 | M101: 11월 | N101: 12월 | O101: 연평균* | P101: 최저 달 | Q101: 최고 달 | R101: 변동폭(최고−최저) | S101: 16개 장르 중 순위 (1=가장 높음)
A102: Action | B102: 액션 | C102: 3.54 | D102: 3.56 | E102: 3.55 | F102: 3.59 | G102: 3.58 | H102: 3.58 | I102: 3.59 | J102: 3.63 | K102: 3.6 | L102: 3.55 | M102: 3.47 | N102: 3.47 | O102: =AVERAGE(C102:N102) -> 3.5591667 | P102: =MIN(C102:N102) -> 3.47 | Q102: =MAX(C102:N102) -> 3.63 | R102: =Q102-P102 -> 0.16 | S102: =RANK(O102,$O$102:$O$117) -> 15
A103: Adventure | B103: 어드벤처 | C103: 3.65 | D103: 3.68 | E103: 3.67 | F103: 3.76 | G103: 3.76 | H103: 3.76 | I103: 3.75 | J103: 3.73 | K103: 3.74 | L103: 3.66 | M103: 3.6 | N103: 3.62 | O103: =AVERAGE(C103:N103) -> 3.6983333 | P103: =MIN(C103:N103) -> 3.6 | Q103: =MAX(C103:N103) -> 3.76 | R103: =Q103-P103 -> 0.16 | S103: =RANK(O103,$O$102:$O$117) -> 13
A104: Arcade | B104: 아케이드 | C104: 3.82 | D104: 3.78 | E104: 3.86 | F104: 3.97 | G104: 4.09 | H104: 4.1 | I104: 4.1 | J104: 4.08 | K104: 4.14 | L104: 4.08 | M104: 3.97 | N104: 3.95 | O104: =AVERAGE(C104:N104) -> 3.995 | P104: =MIN(C104:N104) -> 3.78 | Q104: =MAX(C104:N104) -> 4.14 | R104: =Q104-P104 -> 0.36 | S104: =RANK(O104,$O$102:$O$117) -> 9
A105: Board | B105: 보드 | C105: 5.08 | D105: 5.07 | E105: 5 | F105: 5.02 | G105: 5.11 | H105: 5.08 | I105: 5.05 | J105: 5.1 | K105: 5.16 | L105: 5.17 | M105: 5.14 | N105: 5.08 | O105: =AVERAGE(C105:N105) -> 5.0883333 | P105: =MIN(C105:N105) -> 5 | Q105: =MAX(C105:N105) -> 5.17 | R105: =Q105-P105 -> 0.17 | S105: =RANK(O105,$O$102:$O$117) -> 1
A106: Card | B106: 카드 | C106: 4.78 | D106: 4.89 | E106: 4.86 | F106: 4.83 | G106: 4.83 | H106: 4.83 | I106: 4.87 | J106: 4.89 | K106: 4.88 | L106: 4.9 | M106: 4.85 | N106: 4.91 | O106: =AVERAGE(C106:N106) -> 4.86 | P106: =MIN(C106:N106) -> 4.78 | Q106: =MAX(C106:N106) -> 4.91 | R106: =Q106-P106 -> 0.13 | S106: =RANK(O106,$O$102:$O$117) -> 2
A107: Casino | B107: 카지노 | C107: 4.09 | D107: 4.2 | E107: 4.28 | F107: 4.35 | G107: 4.26 | H107: 4.3 | I107: 4.35 | J107: 4.37 | K107: 4.26 | L107: 4.34 | M107: 4.24 | N107: 4.23 | O107: =AVERAGE(C107:N107) -> 4.2725 | P107: =MIN(C107:N107) -> 4.09 | Q107: =MAX(C107:N107) -> 4.37 | R107: =Q107-P107 -> 0.28 | S107: =RANK(O107,$O$102:$O$117) -> 6
A108: Casual | B108: 캐주얼 | C108: 3.87 | D108: 3.86 | E108: 3.95 | F108: 4.06 | G108: 4.11 | H108: 4.1 | I108: 4.07 | J108: 4.04 | K108: 4.13 | L108: 4.01 | M108: 3.89 | N108: 3.87 | O108: =AVERAGE(C108:N108) -> 3.9966667 | P108: =MIN(C108:N108) -> 3.86 | Q108: =MAX(C108:N108) -> 4.13 | R108: =Q108-P108 -> 0.27 | S108: =RANK(O108,$O$102:$O$117) -> 8
A109: Multiplayer | B109: 멀티플레이 | C109: 2.36 | D109: 2.38 | E109: 2.41 | F109: 2.35 | G109: 2.26 | H109: 2.31 | I109: 2.3 | J109: 2.29 | K109: 2.33 | L109: 2.28 | M109: 2.31 | N109: 2.26 | O109: =AVERAGE(C109:N109) -> 2.32 | P109: =MIN(C109:N109) -> 2.26 | Q109: =MAX(C109:N109) -> 2.41 | R109: =Q109-P109 -> 0.15 | S109: =RANK(O109,$O$102:$O$117) -> 16
A110: Puzzle | B110: 퍼즐 | C110: 4.59 | D110: 4.69 | E110: 4.74 | F110: 4.78 | G110: 4.82 | H110: 4.77 | I110: 4.76 | J110: 4.77 | K110: 4.9 | L110: 4.9 | M110: 4.79 | N110: 4.8 | O110: =AVERAGE(C110:N110) -> 4.7758333 | P110: =MIN(C110:N110) -> 4.59 | Q110: =MAX(C110:N110) -> 4.9 | R110: =Q110-P110 -> 0.31 | S110: =RANK(O110,$O$102:$O$117) -> 3
A111: Racing | B111: 레이싱 | C111: 3.84 | D111: 3.85 | E111: 3.89 | F111: 3.99 | G111: 3.99 | H111: 3.94 | I111: 3.96 | J111: 4.01 | K111: 4.02 | L111: 3.95 | M111: 3.9 | N111: 3.97 | O111: =AVERAGE(C111:N111) -> 3.9425 | P111: =MIN(C111:N111) -> 3.84 | Q111: =MAX(C111:N111) -> 4.02 | R111: =Q111-P111 -> 0.18 | S111: =RANK(O111,$O$102:$O$117) -> 10
A112: Role Playing | B112: 롤플레잉(RPG) | C112: 3.97 | D112: 3.97 | E112: 4.02 | F112: 4.09 | G112: 4.06 | H112: 4.08 | I112: 3.99 | J112: 3.99 | K112: 4.04 | L112: 4.02 | M112: 3.95 | N112: 4 | O112: =AVERAGE(C112:N112) -> 4.015 | P112: =MIN(C112:N112) -> 3.95 | Q112: =MAX(C112:N112) -> 4.09 | R112: =Q112-P112 -> 0.14 | S112: =RANK(O112,$O$102:$O$117) -> 7
A113: Simulation | B113: 시뮬레이션 | C113: 3.58 | D113: 3.61 | E113: 3.67 | F113: 3.73 | G113: 3.72 | H113: 3.73 | I113: 3.7 | J113: 3.71 | K113: 3.72 | L113: 3.68 | M113: 3.62 | N113: 3.64 | O113: =AVERAGE(C113:N113) -> 3.6758333 | P113: =MIN(C113:N113) -> 3.58 | Q113: =MAX(C113:N113) -> 3.73 | R113: =Q113-P113 -> 0.15 | S113: =RANK(O113,$O$102:$O$117) -> 14
... A117: Word | B117: 단어 | C117: 4.36 | D117: 4.36 | E117: 4.38 | F117: 4.42 | G117: 4.37 | H117: 4.35 | I117: 4.31 | J117: 4.22 | K117: 4.26 | L117: 4.24 | M117: 4.27 | N117: 4.33 | O117: =AVERAGE(C117:N117) -> 4.3225 | P117: =MIN(C117:N117) -> 4.22 | Q117: =MAX(C117:N117) -> 4.42 | R117: =Q117-P117 -> 0.2 | S117: =RANK(O117,$O$102:$O$117) -> 4
A119: * 연평균·최저·최고·변동폭·순위는 보고서에 있는 값이 아니라, 12개월 판독값으로 이 시트가 계산한 값입니다(단순 평균).
A120: 각 칸은 '그 달에 처음 설치한 사람들(월별 코호트)' 중 장르의 중앙값(가운데 순서) 게임의 수치입니다. 보고서 방법론(5쪽): 장르 장은 중앙값 50% 구간만 사용.
A121: 차트 숫자는 반올림되어 표시됩니다(리텐션 소수 둘째 자리 %, 시간 소수 첫째 자리 분). 판독값의 정밀도도 그 이상은 아닙니다.
A122: D28은 28일째 기준입니다. 2026 보고서(다른 시트)의 D30과 하루 차이가 있어 직접 비교에 주의하세요.
A123: 판독을 두 번 하면서 처음 읽은 값 5칸을 고쳤습니다(액션 D1 11월, 카드 D1 11월, 퀴즈 D7 7월, 카드 D28 3월, 카지노 플레이 시간 7월). 그 밖의 칸은 두 번 모두 같은 값으로 읽혔습니다.

Sheet 4-4 장르 판독 요약
A1: 장르별 한눈에 보기 (차트 판독값의 12개월 평균)
A2: ⚠ 모든 숫자는 '4-3 장르 차트 판독값' 시트에서 자동으로 가져온 판독값 기반 계산입니다. 순위: 1위=16개 장르 중 가장 높음.
A4: 장르 | B4: 장르(한글) | C4: D1 리텐션 | D4: 순위 | E4: D7 리텐션 | F4: 순위 | G4: D28 리텐션 | H4: 순위 | I4: 하루 플레이(분) | J4: 순위 | K4: 세션 길이(분) | L4: 순위 | M4: 하루 세션 수 | N4: 순위 | O4: 쉬운 해설 ① 100명이 설치하면 | P4: 쉬운 해설 ② 하루 노는 모습
A5: Action | B5: 액션 | C5: ='4-3 장르 차트 판독값'!O7 -> 0.18353333 | D5: ='4-3 장르 차트 판독값'!S7 -> 10 | E5: ='4-3 장르 차트 판독값'!O26 -> 0.029125 | F5: ='4-3 장르 차트 판독값'!S26 -> 12 | G5: ='4-3 장르 차트 판독값'!O45 -> 0.0063333333 | H5: ='4-3 장르 차트 판독값'!S45 -> 12 | I5: ='4-3 장르 차트 판독값'!O64 -> 14.083333 | J5: ='4-3 장르 차트 판독값'!S64 -> 13 | K5: ='4-3 장르 차트 판독값'!O83 -> 3.8583333 | L5: ='4-3 장르 차트 판독값'!S83 -> 12 | M5: ='4-3 장르 차트 판독값'!O102 -> 3.5591667 | N5: ='4-3 장르 차트 판독값'!S102 -> 15 | O5: ="다음날 "&TEXT(C5*100,"0.0")&"명 → 1주 뒤 "&TEXT(E5*100,"0.0")&"명 → 4주 뒤 "&TEXT(G5*100,"0.0")&"명이 다시 옴" -> 다음날 18.4명 → 1주 뒤 2.9명 → 4주 뒤 0.6명이 다시 옴 | P5: ="하루 "&TEXT(M5,"0.0")&"번 켜고, 한 번에 "&TEXT(K5,"0.0")&"분, 하루 합계 약 "&TEXT(I5,"0")&"분" -> 하루 3.6번 켜고, 한 번에 3.9분, 하루 합계 약 14분
A6: Adventure | B6: 어드벤처 | C6: ='4-3 장르 차트 판독값'!O8 -> 0.16051667 | D6: ='4-3 장르 차트 판독값'!S8 -> 14 | E6: ='4-3 장르 차트 판독값'!O27 -> 0.022816667 | F6: ='4-3 장르 차트 판독값'!S27 -> 14 | G6: ='4-3 장르 차트 판독값'!O46 -> 0.0048166667 | H6: ='4-3 장르 차트 판독값'!S46 -> 14 | I6: ='4-3 장르 차트 판독값'!O65 -> 16.4 | J6: ='4-3 장르 차트 판독값'!S65 -> 8 | K6: ='4-3 장르 차트 판독값'!O84 -> 4.6083333 | L6: ='4-3 장르 차트 판독값'!S84 -> 8 | M6: ='4-3 장르 차트 판독값'!O103 -> 3.6983333 | N6: ='4-3 장르 차트 판독값'!S103 -> 13 | O6: ="다음날 "&TEXT(C6*100,"0.0")&"명 → 1주 뒤 "&TEXT(E6*100,"0.0")&"명 → 4주 뒤 "&TEXT(G6*100,"0.0")&"명이 다시 옴" -> 다음날 16.1명 → 1주 뒤 2.3명 → 4주 뒤 0.5명이 다시 옴 | P6: ="하루 "&TEXT(M6,"0.0")&"번 켜고, 한 번에 "&TEXT(K6,"0.0")&"분, 하루 합계 약 "&TEXT(I6,"0")&"분" -> 하루 3.7번 켜고, 한 번에 4.6분, 하루 합계 약 16분
A7: Arcade | B7: 아케이드 | C7: ='4-3 장르 차트 판독값'!O9 -> 0.22243333 | D7: ='4-3 장르 차트 판독값'!S9 -> 1 | E7: ='4-3 장르 차트 판독값'!O28 -> 0.041733333 | F7: ='4-3 장르 차트 판독값'!S28 -> 6 | G7: ='4-3 장르 차트 판독값'!O47 -> 0.009775 | H7: ='4-3 장르 차트 판독값'!S47 -> 6 | I7: ='4-3 장르 차트 판독값'!O66 -> 12.841667 | J7: ='4-3 장르 차트 판독값'!S66 -> 16 | K7: ='4-3 장르 차트 판독값'!O85 -> 3.3166667 | L7: ='4-3 장르 차트 판독값'!S85 -> 16 | M7: ='4-3 장르 차트 판독값'!O104 -> 3.995 | N7: ='4-3 장르 차트 판독값'!S104 -> 9 | O7: ="다음날 "&TEXT(C7*100,"0.0")&"명 → 1주 뒤 "&TEXT(E7*100,"0.0")&"명 → 4주 뒤 "&TEXT(G7*100,"0.0")&"명이 다시 옴" -> 다음날 22.2명 → 1주 뒤 4.2명 → 4주 뒤 1.0명이 다시 옴 | P7: ="하루 "&TEXT(M7,"0.0")&"번 켜고, 한 번에 "&TEXT(K7,"0.0")&"분, 하루 합계 약 "&TEXT(I7,"0")&"분" -> 하루 4.0번 켜고, 한 번에 3.3분, 하루 합계 약 13분
A8: Board | B8: 보드 | C8: ='4-3 장르 차트 판독값'!O10 -> 0.19099167 | D8: ='4-3 장르 차트 판독값'!S10 -> 7 | E8: ='4-3 장르 차트 판독값'!O29 -> 0.058283333 | F8: ='4-3 장르 차트 판독값'!S29 -> 2 | G8: ='4-3 장르 차트 판독값'!O48 -> 0.021716667 | H8: ='4-3 장르 차트 판독값'!S48 -> 2 | I8: ='4-3 장르 차트 판독값'!O67 -> 41.058333 | J8: ='4-3 장르 차트 판독값'!S67 -> 2 | K8: ='4-3 장르 차트 판독값'!O86 -> 7.2916667 | L8: ='4-3 장르 차트 판독값'!S86 -> 4 | M8: ='4-3 장르 차트 판독값'!O105 -> 5.0883333 | N8: ='4-3 장르 차트 판독값'!S105 -> 1 | O8: ="다음날 "&TEXT(C8*100,"0.0")&"명 → 1주 뒤 "&TEXT(E8*100,"0.0")&"명 → 4주 뒤 "&TEXT(G8*100,"0.0")&"명이 다시 옴" -> 다음날 19.1명 → 1주 뒤 5.8명 → 4주 뒤 2.2명이 다시 옴 | P8: ="하루 "&TEXT(M8,"0.0")&"번 켜고, 한 번에 "&TEXT(K8,"0.0")&"분, 하루 합계 약 "&TEXT(I8,"0")&"분" -> 하루 5.1번 켜고, 한 번에 7.3분, 하루 합계 약 41분
A9: Card | B9: 카드 | C9: ='4-3 장르 차트 판독값'!O11 -> 0.18838333 | D9: ='4-3 장르 차트 판독값'!S11 -> 8 | E9: ='4-3 장르 차트 판독값'!O30 -> 0.0672 | F9: ='4-3 장르 차트 판독값'!S30 -> 1 | G9: ='4-3 장르 차트 판독값'!O49 -> 0.03 | H9: ='4-3 장르 차트 판독값'!S49 -> 1 | I9: ='4-3 장르 차트 판독값'!O68 -> 48.525 | J9: ='4-3 장르 차트 판독값'!S68 -> 1 | K9: ='4-3 장르 차트 판독값'!O87 -> 8.3083333 | L9: ='4-3 장르 차트 판독값'!S87 -> 2 | M9: ='4-3 장르 차트 판독값'!O106 -> 4.86 | N9: ='4-3 장르 차트 판독값'!S106 -> 2 | O9: ="다음날 "&TEXT(C9*100,"0.0")&"명 → 1주 뒤 "&TEXT(E9*100,"0.0")&"명 → 4주 뒤 "&TEXT(G9*100,"0.0")&"명이 다시 옴" -> 다음날 18.8명 → 1주 뒤 6.7명 → 4주 뒤 3.0명이 다시 옴 | P9: ="하루 "&TEXT(M9,"0.0")&"번 켜고, 한 번에 "&TEXT(K9,"0.0")&"분, 하루 합계 약 "&TEXT(I9,"0")&"분" -> 하루 4.9번 켜고, 한 번에 8.3분, 하루 합계 약 49분
A10: Casino | B10: 카지노 | C10: ='4-3 장르 차트 판독값'!O12 -> 0.193825 | D10: ='4-3 장르 차트 판독값'!S12 -> 5 | E10: ='4-3 장르 차트 판독값'!O31 -> 0.05505 | F10: ='4-3 장르 차트 판독값'!S31 -> 3 | G10: ='4-3 장르 차트 판독값'!O50 -> 0.019208333 | H10: ='4-3 장르 차트 판독값'!S50 -> 3 | I10: ='4-3 장르 차트 판독값'!O69 -> 35.35 | J10: ='4-3 장르 차트 판독값'!S69 -> 3 | K10: ='4-3 장르 차트 판독값'!O88 -> 7.3 | L10: ='4-3 장르 차트 판독값'!S88 -> 3 | M10: ='4-3 장르 차트 판독값'!O107 -> 4.2725 | N10: ='4-3 장르 차트 판독값'!S107 -> 6 | O10: ="다음날 "&TEXT(C10*100,"0.0")&"명 → 1주 뒤 "&TEXT(E10*100,"0.0")&"명 → 4주 뒤 "&TEXT(G10*100,"0.0")&"명이 다시 옴" -> 다음날 19.4명 → 1주 뒤 5.5명 → 4주 뒤 1.9명이 다시 옴 | P10: ="하루 "&TEXT(M10,"0.0")&"번 켜고, 한 번에 "&TEXT(K10,"0.0")&"분, 하루 합계 약 "&TEXT(I10,"0")&"분" -> 하루 4.3번 켜고, 한 번에 7.3분, 하루 합계 약 35분
A11: Casual | B11: 캐주얼 | C11: ='4-3 장르 차트 판독값'!O13 -> 0.2065 | D11: ='4-3 장르 차트 판독값'!S13 -> 2 | E11: ='4-3 장르 차트 판독값'!O32 -> 0.033183333 | F11: ='4-3 장르 차트 판독값'!S32 -> 9 | G11: ='4-3 장르 차트 판독값'!O51 -> 0.0070666667 | H11: ='4-3 장르 차트 판독값'!S51 -> 10 | I11: ='4-3 장르 차트 판독값'!O70 -> 13.641667 | J11: ='4-3 장르 차트 판독값'!S70 -> 15 | K11: ='4-3 장르 차트 판독값'!O89 -> 3.675 | L11: ='4-3 장르 차트 판독값'!S89 -> 14 | M11: ='4-3 장르 차트 판독값'!O108 -> 3.9966667 | N11: ='4-3 장르 차트 판독값'!S108 -> 8 | O11: ="다음날 "&TEXT(C11*100,"0.0")&"명 → 1주 뒤 "&TEXT(E11*100,"0.0")&"명 → 4주 뒤 "&TEXT(G11*100,"0.0")&"명이 다시 옴" -> 다음날 20.7명 → 1주 뒤 3.3명 → 4주 뒤 0.7명이 다시 옴 | P11: ="하루 "&TEXT(M11,"0.0")&"번 켜고, 한 번에 "&TEXT(K11,"0.0")&"분, 하루 합계 약 "&TEXT(I11,"0")&"분" -> 하루 4.0번 켜고, 한 번에 3.7분, 하루 합계 약 14분
A12: Multiplayer | B12: 멀티플레이 | C12: ='4-3 장르 차트 판독값'!O14 -> 0.11460833 | D12: ='4-3 장르 차트 판독값'!S14 -> 16 | E12: ='4-3 장르 차트 판독값'!O33 -> 0.016675 | F12: ='4-3 장르 차트 판독값'!S33 -> 16 | G12: ='4-3 장르 차트 판독값'!O52 -> 0.0047166667 | H12: ='4-3 장르 차트 판독값'!S52 -> 15 | I12: ='4-3 장르 차트 판독값'!O71 -> 24.233333 | J12: ='4-3 장르 차트 판독값'!S71 -> 5 | K12: ='4-3 장르 차트 판독값'!O90 -> 9.4333333 | L12: ='4-3 장르 차트 판독값'!S90 -> 1 | M12: ='4-3 장르 차트 판독값'!O109 -> 2.32 | N12: ='4-3 장르 차트 판독값'!S109 -> 16 | O12: ="다음날 "&TEXT(C12*100,"0.0")&"명 → 1주 뒤 "&TEXT(E12*100,"0.0")&"명 → 4주 뒤 "&TEXT(G12*100,"0.0")&"명이 다시 옴" -> 다음날 11.5명 → 1주 뒤 1.7명 → 4주 뒤 0.5명이 다시 옴 | P12: ="하루 "&TEXT(M12,"0.0")&"번 켜고, 한 번에 "&TEXT(K12,"0.0")&"분, 하루 합계 약 "&TEXT(I12,"0")&"분" -> 하루 2.3번 켜고, 한 번에 9.4분, 하루 합계 약 24분
A13: Puzzle | B13: 퍼즐 | C13: ='4-3 장르 차트 판독값'!O15 -> 0.20205 | D13: ='4-3 장르 차트 판독값'!S15 -> 3 | E13: ='4-3 장르 차트 판독값'!O34 -> 0.045358333 | F13: ='4-3 장르 차트 판독값'!S34 -> 4 | G13: ='4-3 장르 차트 판독값'!O53 -> 0.0119 | H13: ='4-3 장르 차트 판독값'!S53 -> 4 | I13: ='4-3 장르 차트 판독값'!O72 -> 30.191667 | J13: ='4-3 장르 차트 판독값'!S72 -> 4 | K13: ='4-3 장르 차트 판독값'!O91 -> 5.6416667 | L13: ='4-3 장르 차트 판독값'!S91 -> 5 | M13: ='4-3 장르 차트 판독값'!O110 -> 4.7758333 | N13: ='4-3 장르 차트 판독값'!S110 -> 3 | O13: ="다음날 "&TEXT(C13*100,"0.0")&"명 → 1주 뒤 "&TEXT(E13*100,"0.0")&"명 → 4주 뒤 "&TEXT(G13*100,"0.0")&"명이 다시 옴" -> 다음날 20.2명 → 1주 뒤 4.5명 → 4주 뒤 1.2명이 다시 옴 | P13: ="하루 "&TEXT(M13,"0.0")&"번 켜고, 한 번에 "&TEXT(K13,"0.0")&"분, 하루 합계 약 "&TEXT(I13,"0")&"분" -> 하루 4.8번 켜고, 한 번에 5.6분, 하루 합계 약 30분
A14: Racing | B14: 레이싱 | C14: ='4-3 장르 차트 판독값'!O16 -> 0.18099167 | D14: ='4-3 장르 차트 판독값'!S16 -> 11 | E14: ='4-3 장르 차트 판독값'!O35 -> 0.030108333 | F14: ='4-3 장르 차트 판독값'!S35 -> 11 | G14: ='4-3 장르 차트 판독값'!O54 -> 0.00655 | H14: ='4-3 장르 차트 판독값'!S54 -> 11 | I14: ='4-3 장르 차트 판독값'!O73 -> 14.116667 | J14: ='4-3 장르 차트 판독값'!S73 -> 12 | K14: ='4-3 장르 차트 판독값'!O92 -> 3.8166667 | L14: ='4-3 장르 차트 판독값'!S92 -> 13 | M14: ='4-3 장르 차트 판독값'!O111 -> 3.9425 | N14: ='4-3 장르 차트 판독값'!S111 -> 10 | O14: ="다음날 "&TEXT(C14*100,"0.0")&"명 → 1주 뒤 "&TEXT(E14*100,"0.0")&"명 → 4주 뒤 "&TEXT(G14*100,"0.0")&"명이 다시 옴" -> 다음날 18.1명 → 1주 뒤 3.0명 → 4주 뒤 0.7명이 다시 옴 | P14: ="하루 "&TEXT(M14,"0.0")&"번 켜고, 한 번에 "&TEXT(K14,"0.0")&"분, 하루 합계 약 "&TEXT(I14,"0")&"분" -> 하루 3.9번 켜고, 한 번에 3.8분, 하루 합계 약 14분
A15: Role Playing | B15: 롤플레잉(RPG) | C15: ='4-3 장르 차트 판독값'!O17 -> 0.15071667 | D15: ='4-3 장르 차트 판독값'!S17 -> 15 | E15: ='4-3 장르 차트 판독값'!O36 -> 0.020725 | F15: ='4-3 장르 차트 판독값'!S36 -> 15 | G15: ='4-3 장르 차트 판독값'!O55 -> 0.004325 | H15: ='4-3 장르 차트 판독값'!S55 -> 16 | I15: ='4-3 장르 차트 판독값'!O74 -> 15.641667 | J15: ='4-3 장르 차트 판독값'!S74 -> 10 | K15: ='4-3 장르 차트 판독값'!O93 -> 4.375 | L15: ='4-3 장르 차트 판독값'!S93 -> 9 | M15: ='4-3 장르 차트 판독값'!O112 -> 4.015 | N15: ='4-3 장르 차트 판독값'!S112 -> 7 | O15: ="다음날 "&TEXT(C15*100,"0.0")&"명 → 1주 뒤 "&TEXT(E15*100,"0.0")&"명 → 4주 뒤 "&TEXT(G15*100,"0.0")&"명이 다시 옴" -> 다음날 15.1명 → 1주 뒤 2.1명 → 4주 뒤 0.4명이 다시 옴 | P15: ="하루 "&TEXT(M15,"0.0")&"번 켜고, 한 번에 "&TEXT(K15,"0.0")&"분, 하루 합계 약 "&TEXT(I15,"0")&"분" -> 하루 4.0번 켜고, 한 번에 4.4분, 하루 합계 약 16분
A16: Simulation | B16: 시뮬레이션 | C16: ='4-3 장르 차트 판독값'!O18 -> 0.17035 | D16: ='4-3 장르 차트 판독값'!S18 -> 12 | E16: ='4-3 장르 차트 판독값'!O37 -> 0.023891667 | F16: ='4-3 장르 차트 판독값'!S37 -> 13 | G16: ='4-3 장르 차트 판독값'!O56 -> 0.0050083333 | H16: ='4-3 장르 차트 판독값'!S56 -> 13 | I16: ='4-3 장르 차트 판독값'!O75 -> 14.691667 | J16: ='4-3 장르 차트 판독값'!S75 -> 11 | K16: ='4-3 장르 차트 판독값'!O94 -> 4.1166667 | L16: ='4-3 장르 차트 판독값'!S94 -> 11 | M16: ='4-3 장르 차트 판독값'!O113 -> 3.6758333 | N16: ='4-3 장르 차트 판독값'!S113 -> 14 | O16: ="다음날 "&TEXT(C16*100,"0.0")&"명 → 1주 뒤 "&TEXT(E16*100,"0.0")&"명 → 4주 뒤 "&TEXT(G16*100,"0.0")&"명이 다시 옴" -> 다음날 17.0명 → 1주 뒤 2.4명 → 4주 뒤 0.5명이 다시 옴 | P16: ="하루 "&TEXT(M16,"0.0")&"번 켜고, 한 번에 "&TEXT(K16,"0.0")&"분, 하루 합계 약 "&TEXT(I16,"0")&"분" -> 하루 3.7번 켜고, 한 번에 4.1분, 하루 합계 약 15분
... A20: Word | B20: 단어 | C20: ='4-3 장르 차트 판독값'!O22 -> 0.18396667 | D20: ='4-3 장르 차트 판독값'!S22 -> 9 | E20: ='4-3 장르 차트 판독값'!O41 -> 0.041833333 | F20: ='4-3 장르 차트 판독값'!S41 -> 5 | G20: ='4-3 장르 차트 판독값'!O60 -> 0.011225 | H20: ='4-3 장르 차트 판독값'!S60 -> 5 | I20: ='4-3 장르 차트 판독값'!O79 -> 23.808333 | J20: ='4-3 장르 차트 판독값'!S79 -> 6 | K20: ='4-3 장르 차트 판독값'!O98 -> 5.0833333 | L20: ='4-3 장르 차트 판독값'!S98 -> 7 | M20: ='4-3 장르 차트 판독값'!O117 -> 4.3225 | N20: ='4-3 장르 차트 판독값'!S117 -> 4 | O20: ="다음날 "&TEXT(C20*100,"0.0")&"명 → 1주 뒤 "&TEXT(E20*100,"0.0")&"명 → 4주 뒤 "&TEXT(G20*100,"0.0")&"명이 다시 옴" -> 다음날 18.4명 → 1주 뒤 4.2명 → 4주 뒤 1.1명이 다시 옴 | P20: ="하루 "&TEXT(M20,"0.0")&"번 켜고, 한 번에 "&TEXT(K20,"0.0")&"분, 하루 합계 약 "&TEXT(I20,"0")&"분" -> 하루 4.3번 켜고, 한 번에 5.1분, 하루 합계 약 24분
A23: 보고서 글(17쪽·4쪽·12쪽)과 판독값이 맞는지 확인 (자동 계산)
A24: 보고서가 글로 쓴 내용 (요약) | I24: 판독값으로 확인한 결과 | O24: 판정
A25: 아케이드는 D1(다음날) 리텐션이 뛰어나다 (17쪽) | I25: ="D1 1위: "&INDEX($A$5:$A$20,MATCH(MAX($C$5:$C$20),$C$5:$C$20,0))&" ("&TEXT(MAX($C$5:$C$20),"0.00%")&")" -> D1 1위: Arcade (22.24%) | O25: =IF(INDEX($A$5:$A$20,MATCH(MAX($C$5:$C$20),$C$5:$C$20,0))="Arcade","일치","다름") -> 일치
A26: 아케이드는 오래 붙잡는 힘이 약하다 (17쪽) | I26: ="Arcade 순위: D1 "&INDEX($D$5:$D$20,MATCH("Arcade",$A$5:$A$20,0))&"위 → D7 "&INDEX($F$5:$F$20,MATCH("Arcade",$A$5:$A$20,0))&"위 → D28 "&INDEX($H$5:$H$20,MATCH("Arcade",$A$5:$A$20,0))&"위" -> Arcade 순위: D1 1위 → D7 6위 → D28 6위 | O26: =IF(INDEX($H$5:$H$20,MATCH("Arcade",$A$5:$A$20,0))>INDEX($D$5:$D$20,MATCH("Arcade",$A$5:$A$20,0)),"일치 (뒤로 갈수록 순위 하락)","다름") -> 일치 (뒤로 갈수록 순위 하락)
A27: 보드·카드·퍼즐·카지노는 D1·D7·D28 모두 강하다 (17쪽) — D7·D28 확인 | I27: ="D7 순위 보드 "&INDEX($F$5:$F$20,MATCH("Board",$A$5:$A$20,0))&"·카드 "&INDEX($F$5:$F$20,MATCH("Card",$A$5:$A$20,0))&"·퍼즐 "&INDEX($F$5:$F$20,MATCH("Puzzle",$A$5:$A$20,0))&"·카지노 "&INDEX($F$5:$F$20,MATCH("Casino",$A$5:$A$20,0))&" / D28 순위 "&INDEX($H$5:$H$20,MATCH("Board",$A$5:$A$20,0))&"·"&INDEX($H$5:$H$20,MATCH("Card",$A$5:$A$20,0))&"·"&INDEX($H$5:$H$20,MATCH("Puzzle",$A$5:$A$20,0))&"·"&INDEX($H$5:$H$20,MATCH("Casino",$A$5:$A$20,0)) -> D7 순위 보드 2·카드 1·퍼즐 4·카지노 3 / D28 순위 2·1·4·3 | O27: =IF(MAX(INDEX($F$5:$F$20,MATCH("Board",$A$5:$A$20,0)),INDEX($F$5:$F$20,MATCH("Card",$A$5:$A$20,0)),INDEX($F$5:$F$20,MATCH("Puzzle",$A$5:$A$20,0)),INDEX($F$5:$F$20,MATCH("Casino",$A$5:$A$20,0)),INDEX($H$5:$H$20,MATCH("Board",$A$5:$A$20,0)),INDEX($H$5:$H$20,MATCH("Card",$A$5:$A$20,0)),INDEX($H$5:$H$20,MATCH("Puzzle",$A$5:$A$20,0)),INDEX($H$5:$H$20,MATCH("Casino",$A$5:$A$20,0)))<=5,"일치 (모두 5위 안)","부분 일치") -> 일치 (모두 5위 안)
A28: 같은 문장 — D1 확인 | I28: ="D1 순위 보드 "&INDEX($D$5:$D$20,MATCH("Board",$A$5:$A$20,0))&"·카드 "&INDEX($D$5:$D$20,MATCH("Card",$A$5:$A$20,0))&"·퍼즐 "&INDEX($D$5:$D$20,MATCH("Puzzle",$A$5:$A$20,0))&"·카지노 "&INDEX($D$5:$D$20,MATCH("Casino",$A$5:$A$20,0)) -> D1 순위 보드 7·카드 8·퍼즐 3·카지노 5 | O28: =IF(MAX(INDEX($D$5:$D$20,MATCH("Board",$A$5:$A$20,0)),INDEX($D$5:$D$20,MATCH("Card",$A$5:$A$20,0)),INDEX($D$5:$D$20,MATCH("Puzzle",$A$5:$A$20,0)),INDEX($D$5:$D$20,MATCH("Casino",$A$5:$A$20,0)))<=5,"일치 (모두 5위 안)","부분 일치 (D1은 중간권 포함)") -> 부분 일치 (D1은 중간권 포함)
A29: 멀티플레이는 리텐션이 가장 낮다 (17쪽) | I29: ="최저 장르: D1 "&INDEX($A$5:$A$20,MATCH(MIN($C$5:$C$20),$C$5:$C$20,0))&" / D7 "&INDEX($A$5:$A$20,MATCH(MIN($E$5:$E$20),$E$5:$E$20,0))&" / D28 "&INDEX($A$5:$A$20,MATCH(MIN($G$5:$G$20),$G$5:$G$20,0)) -> 최저 장르: D1 Multiplayer / D7 Multiplayer / D28 Role Playing | O29: =IF(AND(INDEX($A$5:$A$20,MATCH(MIN($C$5:$C$20),$C$5:$C$20,0))="Multiplayer",INDEX($A$5:$A$20,MATCH(MIN($E$5:$E$20),$E$5:$E$20,0))="Multiplayer",INDEX($A$5:$A$20,MATCH(MIN($G$5:$G$20),$G$5:$G$20,0))="Multiplayer"),"일치","부분 일치 (D28 최저는 다른 장르)") -> 부분 일치 (D28 최저는 다른 장르)
A30: 멀티플레이는 세션 길이가 가장 길다 (17쪽) | I30: ="세션 길이 1위: "&INDEX($A$5:$A$20,MATCH(MAX($K$5:$K$20),$K$5:$K$20,0))&" ("&TEXT(MAX($K$5:$K$20),"0.0")&"분)" -> 세션 길이 1위: Multiplayer (9.4분) | O30: =IF(INDEX($A$5:$A$20,MATCH(MAX($K$5:$K$20),$K$5:$K$20,0))="Multiplayer","일치","다름") -> 일치
A31: 보드·카드·퍼즐·카지노는 플레이 시간·세션 수도 높다 (17쪽) | I31: ="플레이 시간 순위 "&INDEX($J$5:$J$20,MATCH("Board",$A$5:$A$20,0))&"·"&INDEX($J$5:$J$20,MATCH("Card",$A$5:$A$20,0))&"·"&INDEX($J$5:$J$20,MATCH("Puzzle",$A$5:$A$20,0))&"·"&INDEX($J$5:$J$20,MATCH("Casino",$A$5:$A$20,0))&" / 세션 수 순위 "&INDEX($N$5:$N$20,MATCH("Board",$A$5:$A$20,0))&"·"&INDEX($N$5:$N$20,MATCH("Card",$A$5:$A$20,0))&"·"&INDEX($N$5:$N$20,MATCH("Puzzle",$A$5:$A$20,0))&"·"&INDEX($N$5:$N$20,MATCH("Casino",$A$5:$A$20,0))&" (보드·카드·퍼즐·카지노 순)" -> 플레이 시간 순위 2·1·4·3 / 세션 수 순위 1·2·3·6 (보드·카드·퍼즐·카지노 순) | O31: =IF(MAX(INDEX($J$5:$J$20,MATCH("Board",$A$5:$A$20,0)),INDEX($J$5:$J$20,MATCH("Card",$A$5:$A$20,0)),INDEX($J$5:$J$20,MATCH("Puzzle",$A$5:$A$20,0)),INDEX($J$5:$J$20,MATCH("Casino",$A$5:$A$20,0)),INDEX($N$5:$N$20,MATCH("Board",$A$5:$A$20,0)),INDEX($N$5:$N$20,MATCH("Card",$A$5:$A$20,0)),INDEX($N$5:$N$20,MATCH("Puzzle",$A$5:$A$20,0)),INDEX($N$5:$N$20,MATCH("Casino",$A$5:$A$20,0)))<=4,"일치 (모두 4위 안)","부분 일치") -> 부분 일치
A32: 미드코어 게임은 하루 세션 수 중앙값이 6~7회 (12쪽) | I32: ="16개 장르 중 하루 세션 수 최고: "&INDEX($A$5:$A$20,MATCH(MAX($M$5:$M$20),$M$5:$M$20,0))&" "&TEXT(MAX($M$5:$M$20),"0.00")&"회" -> 16개 장르 중 하루 세션 수 최고: Board 5.09회 | O32: =IF(MAX($M$5:$M$20)>=6,"일치","판독값으로는 확인 안 됨 (분류 기준이 다를 가능성, 추정)") -> 판독값으로는 확인 안 됨 (분류 기준이 다를 가능성, 추정)
A34: 보고서 본문(4쪽·11~12쪽)의 '전체 게임' 기준값: 플레이 시간 중앙값 약 22분, 세션 길이 중앙값 5~6분, 하루 세션 수 중앙값 4회, D7 중앙값 3.42~3.94%. 장르 표는 '월별 코호트'라 계산 방식이 달라 위 장르 값과 바로 비교하지 마세요.
A35: '미드코어 6~7회'는 보고서 12쪽 문장입니다. 21쪽 화면에는 캐주얼·클래식·미드코어라는 별도 장르 묶음이 보이므로, 16개 장르 표와 분류 기준이 다를 수 있습니다(추정).
A36: 쉬운 해설의 '명'은 판독값 %를 100명 기준으로 바꾼 것입니다(예: 6.72% → 100명 중 6.7명). 소수점 사람은 '1,000명이면 67명'처럼 이해하면 됩니다.

Sheet 4-5 제외한 자료
A1: 자료 유형 | B1: 예시 | C1: 제외 이유
A2: 블로그·용어집의 범위값 | B2: '모바일 D1 35~45%가 좋은 성과', 'ARPDAU 캐주얼 $0.05~0.15' 등 | C2: 1차 데이터 출처가 제시되지 않음. 일부 분석 글은 이런 표가 오래된 AppsFlyer 데이터에서 반복 인용된 것이라고 지적
A3: 오래된 장르별 표 | B3: AppsFlyer 2022년 3분기 장르 데이터(캐주얼·퍼즐 Android D1 28~32% 등) | C3: 4년 전 데이터이고 2차 인용으로만 확인됨
A4: 지역 범위가 불명확한 수치 | B4: 북미 첫 결제 전환율 11.14% vs 남미 6.51% (AppsFlyer 2026 요약) | C4: 게임만의 수치인지 비게임 포함인지 요약본에서 확인되지 않음
A5: 비공개 보고서 | B5: 유료 플랫폼(Sensor Tower 등)의 장르 벤치마크 | C5: 접근에 계정·결제가 필요함 (GameAnalytics 2025 장르별 차트는 5단계에서 '판독값'으로 별도 사용)
